2025-01-23 10:03:01 +0000  Initial pipeline context: <IDEDistributionProcessingPipelineContext: 0x46377acb0; archive(resolved)="<IDEArchive: 0x6000f81cbba0>", distributionTask(resolved)="2", distributionDestination(resolved)="1", distributionMethod(resolved)="<IDEDistributionMethodiOSEnterprise: 0x6000926494b0>", team(resolved)="<IDEProvisioningDisambiguatableBasicTeam: 0x600013140580; teamID='2536D9AR8F', teamName='YOUXEL TECHNOLOGY S.A.E.', teamType='Enterprise', username='asebaee@youxel.com', isFreeProvisioningTeam='0'>">
	Chain (15, self inclusive):
	<IDEDistributionProcessingPipelineContext: 0x46377acb0; archive = "<IDEArchive: 0x6000f81cbba0>", distributionMethod="<IDEDistributionMethodiOSEnterprise: 0x6000926494b0>", team="<IDEProvisioningDisambiguatableBasicTeam: 0x600013140580; teamID='2536D9AR8F', teamName='YOUXEL TECHNOLOGY S.A.E.', teamType='Enterprise', username='asebaee@youxel.com', isFreeProvisioningTeam='0'>">
	<IDEDistributionProcessingPipelineContext: 0x465cef550; archive = "<IDEArchive: 0x6000f81cbba0>", distributionMethod="<IDEDistributionMethodiOSEnterprise: 0x6000926494b0>", team="<IDEProvisioningDisambiguatableBasicTeam: 0x600013140580; teamID='2536D9AR8F', teamName='YOUXEL TECHNOLOGY S.A.E.', teamType='Enterprise', username='asebaee@youxel.com', isFreeProvisioningTeam='0'>">
	<IDEDistributionContext: 0x432338db0; archive = "<IDEArchive: 0x6000f81cbba0>", distributionMethod="<IDEDistributionMethodiOSEnterprise: 0x6000926494b0>", team="<IDEProvisioningDisambiguatableBasicTeam: 0x600013140580; teamID='2536D9AR8F', teamName='YOUXEL TECHNOLOGY S.A.E.', teamType='Enterprise', username='asebaee@youxel.com', isFreeProvisioningTeam='0'>">
	<IDEDistributionContext: 0x465c68cb0; archive = "<IDEArchive: 0x6000f81cbba0>", distributionMethod="<IDEDistributionMethodiOSEnterprise: 0x6000926494b0>", team="<IDEProvisioningDisambiguatableBasicTeam: 0x600013140580; teamID='2536D9AR8F', teamName='YOUXEL TECHNOLOGY S.A.E.', teamType='Enterprise', username='asebaee@youxel.com', isFreeProvisioningTeam='0'>">
	<IDEDistributionContext: 0x465cdca50; archive = "<IDEArchive: 0x6000f81cbba0>", distributionMethod="<IDEDistributionMethodiOSEnterprise: 0x6000926494b0>", team="<IDEProvisioningDisambiguatableBasicTeam: 0x600013140580; teamID='2536D9AR8F', teamName='YOUXEL TECHNOLOGY S.A.E.', teamType='Enterprise', username='asebaee@youxel.com', isFreeProvisioningTeam='0'>">
	<IDEDistributionContext: 0x465ce3290; archive = "<IDEArchive: 0x6000f81cbba0>", distributionMethod="<IDEDistributionMethodiOSEnterprise: 0x6000926494b0>", team="<IDEProvisioningDisambiguatableBasicTeam: 0x600013140580; teamID='2536D9AR8F', teamName='YOUXEL TECHNOLOGY S.A.E.', teamType='Enterprise', username='asebaee@youxel.com', isFreeProvisioningTeam='0'>">
	<IDEDistributionContext: 0x477089d40; archive = "<IDEArchive: 0x6000f81cbba0>", distributionMethod="<IDEDistributionMethodiOSEnterprise: 0x6000926494b0>", team="<IDEProvisioningDisambiguatableBasicTeam: 0x600013140580; teamID='2536D9AR8F', teamName='YOUXEL TECHNOLOGY S.A.E.', teamType='Enterprise', username='asebaee@youxel.com', isFreeProvisioningTeam='0'>">
	<IDEDistributionContext: 0x477086bf0; archive = "<IDEArchive: 0x6000f81cbba0>", distributionMethod="<IDEDistributionMethodiOSEnterprise: 0x6000926494b0>", team="<IDEProvisioningDisambiguatableBasicTeam: 0x600013140580; teamID='2536D9AR8F', teamName='YOUXEL TECHNOLOGY S.A.E.', teamType='Enterprise', username='asebaee@youxel.com', isFreeProvisioningTeam='0'>">
	<IDEDistributionContext: 0x46ead3260; archive = "<IDEArchive: 0x6000f81cbba0>", distributionMethod="<IDEDistributionMethodiOSEnterprise: 0x6000926494b0>", team="<IDEProvisioningDisambiguatableBasicTeam: 0x600013140580; teamID='2536D9AR8F', teamName='YOUXEL TECHNOLOGY S.A.E.', teamType='Enterprise', username='asebaee@youxel.com', isFreeProvisioningTeam='0'>">
	<IDEDistributionContext: 0x45ac9ca20; archive = "<IDEArchive: 0x6000f81cbba0>", distributionMethod="<IDEDistributionMethodiOSEnterprise: 0x6000926494b0>", team="(null)">
	<IDEDistributionContext: 0x45ac9faf0; archive = "<IDEArchive: 0x6000f81cbba0>", distributionMethod="<IDEDistributionMethodiOSEnterprise: 0x6000926494b0>", team="(null)">
	<IDEDistributionContext: 0x45ac714d0; archive = "<IDEArchive: 0x6000f81cbba0>", distributionMethod="<IDEDistributionMethodiOSEnterprise: 0x6000926494b0>", team="(null)">
	<IDEDistributionContext: 0x465ce67d0; archive = "<IDEArchive: 0x6000f81cbba0>", distributionMethod="<IDEDistributionMethodiOSEnterprise: 0x6000926494b0>", team="(null)">
	<IDEDistributionContext: 0x465cde7b0; archive = "<IDEArchive: 0x6000f81cbba0>", distributionMethod="(null)", team="(null)">
	<IDEDistributionContext: 0x45acbe770; archive = "<IDEArchive: 0x6000f81cbba0>", distributionMethod="(null)", team="(null)">
</IDEDistributionProcessingPipelineContext: 0x46377acb0>
2025-01-23 10:03:01 +0000  Processing step: IDEDistributionCreateDestRootStep
2025-01-23 10:03:01 +0000  Processing step: IDEDistributionCopyItemStep
2025-01-23 10:03:01 +0000  Running /usr/bin/ditto '-V' '/Users/ahmedmaher/Library/Developer/Xcode/Archives/2025-01-23/CERQEL_TST 23-01-2025, 11.53 AM.xcarchive/Products/Applications/CERQEL.app' '/var/folders/c1/scr8lqss6bz1rlk85myhm_jc0000gn/T/XcodeDistPipeline.~~~WsWTzJ/Root/Payload/CERQEL.app'
2025-01-23 10:03:01 +0000  >>> Copying /Users/ahmedmaher/Library/Developer/Xcode/Archives/2025-01-23/CERQEL_TST 23-01-2025, 11.53 AM.xcarchive/Products/Applications/CERQEL.app 
2025-01-23 10:03:01 +0000  copying file ./PhoneTypeCollectionViewCell.nib ... 
2025-01-23 10:03:01 +0000  4230 bytes for ./PhoneTypeCollectionViewCell.nib
2025-01-23 10:03:01 +0000  copying file ./_CodeSignature/CodeResources ... 
2025-01-23 10:03:01 +0000  280120 bytes for ./_CodeSignature/CodeResources
2025-01-23 10:03:01 +0000  copying file ./FileActionCell.nib ... 
2025-01-23 10:03:01 +0000  4913 bytes for ./FileActionCell.nib
2025-01-23 10:03:01 +0000  copying file ./CERQEL ... 
2025-01-23 10:03:01 +0000  17127616 bytes for ./CERQEL
2025-01-23 10:03:01 +0000  copying file ./PersonalInfoHeader.nib ... 
2025-01-23 10:03:01 +0000  5637 bytes for ./PersonalInfoHeader.nib
2025-01-23 10:03:01 +0000  copying file ./mediaItemCVcell.nib ... 
2025-01-23 10:03:01 +0000  8003 bytes for ./mediaItemCVcell.nib
2025-01-23 10:03:01 +0000  copying file ./SingleVisitorInfoTVcell.nib ... 
2025-01-23 10:03:01 +0000  8710 bytes for ./SingleVisitorInfoTVcell.nib
2025-01-23 10:03:01 +0000  copying file ./ThemeCVcell.nib ... 
2025-01-23 10:03:01 +0000  6547 bytes for ./ThemeCVcell.nib
2025-01-23 10:03:01 +0000  copying file ./SocialMediaListVC.nib ... 
2025-01-23 10:03:01 +0000  4527 bytes for ./SocialMediaListVC.nib
2025-01-23 10:03:01 +0000  copying file ./TasksRequestsTVcell.nib ... 
2025-01-23 10:03:01 +0000  6517 bytes for ./TasksRequestsTVcell.nib
2025-01-23 10:03:01 +0000  copying file ./MCQTableViewCell.nib ... 
2025-01-23 10:03:01 +0000  3574 bytes for ./MCQTableViewCell.nib
2025-01-23 10:03:01 +0000  copying file ./MyCalendarTVcell.nib ... 
2025-01-23 10:03:01 +0000  6473 bytes for ./MyCalendarTVcell.nib
2025-01-23 10:03:01 +0000  copying file ./MapTableViewCell.nib ... 
2025-01-23 10:03:01 +0000  7216 bytes for ./MapTableViewCell.nib
2025-01-23 10:03:01 +0000  copying file ./ar.lproj/UploadWorkExperienceCVView.strings ... 
2025-01-23 10:03:01 +0000  389 bytes for ./ar.lproj/UploadWorkExperienceCVView.strings
2025-01-23 10:03:01 +0000  copying file ./ar.lproj/RecentSearchVC.strings ... 
2025-01-23 10:03:01 +0000  306 bytes for ./ar.lproj/RecentSearchVC.strings
2025-01-23 10:03:01 +0000  copying file ./ar.lproj/AcknowledgeVC.strings ... 
2025-01-23 10:03:01 +0000  1257 bytes for ./ar.lproj/AcknowledgeVC.strings
2025-01-23 10:03:01 +0000  copying file ./ar.lproj/AddEditAddressViewController.strings ... 
2025-01-23 10:03:01 +0000  5945 bytes for ./ar.lproj/AddEditAddressViewController.strings
2025-01-23 10:03:01 +0000  copying file ./ar.lproj/UpdateYourInfoTableViewCell.strings ... 
2025-01-23 10:03:01 +0000  199 bytes for ./ar.lproj/UpdateYourInfoTableViewCell.strings
2025-01-23 10:03:01 +0000  copying file ./ar.lproj/ProfilePhotoSheetVC.strings ... 
2025-01-23 10:03:01 +0000  178 bytes for ./ar.lproj/ProfilePhotoSheetVC.strings
2025-01-23 10:03:01 +0000  copying file ./ar.lproj/AllResultsHeaderView.strings ... 
2025-01-23 10:03:01 +0000  128 bytes for ./ar.lproj/AllResultsHeaderView.strings
2025-01-23 10:03:01 +0000  copying file ./ar.lproj/AddEditDependentsViewController.strings ... 
2025-01-23 10:03:01 +0000  5167 bytes for ./ar.lproj/AddEditDependentsViewController.strings
2025-01-23 10:03:01 +0000  copying file ./ar.lproj/WithDrawBottomSheet.strings ... 
2025-01-23 10:03:01 +0000  236 bytes for ./ar.lproj/WithDrawBottomSheet.strings
2025-01-23 10:03:01 +0000  copying file ./ar.lproj/AddCertificatesViewCerqel.strings ... 
2025-01-23 10:03:01 +0000  677 bytes for ./ar.lproj/AddCertificatesViewCerqel.strings
2025-01-23 10:03:01 +0000  copying file ./ar.lproj/OrganizationViewController.strings ... 
2025-01-23 10:03:01 +0000  108 bytes for ./ar.lproj/OrganizationViewController.strings
2025-01-23 10:03:01 +0000  copying file ./ar.lproj/ExecuteActionTVcell.strings ... 
2025-01-23 10:03:01 +0000  162 bytes for ./ar.lproj/ExecuteActionTVcell.strings
2025-01-23 10:03:01 +0000  copying file ./ar.lproj/AddRelativesViewController.strings ... 
2025-01-23 10:03:01 +0000  1834 bytes for ./ar.lproj/AddRelativesViewController.strings
2025-01-23 10:03:01 +0000  copying file ./ar.lproj/RecentSearchView.strings ... 
2025-01-23 10:03:01 +0000  254 bytes for ./ar.lproj/RecentSearchView.strings
2025-01-23 10:03:01 +0000  copying file ./ar.lproj/AddPrivateWorkViewController.strings ... 
2025-01-23 10:03:01 +0000  2227 bytes for ./ar.lproj/AddPrivateWorkViewController.strings
2025-01-23 10:03:01 +0000  copying file ./ar.lproj/UploadFileView.strings ... 
2025-01-23 10:03:01 +0000  4634 bytes for ./ar.lproj/UploadFileView.strings
2025-01-23 10:03:01 +0000  copying file ./ar.lproj/Main.strings ... 
2025-01-23 10:03:01 +0000  2924 bytes for ./ar.lproj/Main.strings
2025-01-23 10:03:01 +0000  copying file ./ar.lproj/BaseList.strings ... 
2025-01-23 10:03:01 +0000  356 bytes for ./ar.lproj/BaseList.strings
2025-01-23 10:03:01 +0000  copying file ./ar.lproj/AddContactView.strings ... 
2025-01-23 10:03:01 +0000  6532 bytes for ./ar.lproj/AddContactView.strings
2025-01-23 10:03:01 +0000  copying file ./ar.lproj/DocumentsListView.strings ... 
2025-01-23 10:03:01 +0000  577 bytes for ./ar.lproj/DocumentsListView.strings
2025-01-23 10:03:01 +0000  copying file ./ar.lproj/BusinessCardVC.strings ... 
2025-01-23 10:03:01 +0000  431 bytes for ./ar.lproj/BusinessCardVC.strings
2025-01-23 10:03:01 +0000  copying file ./ar.lproj/AddWorkExperinceViewController.strings ... 
2025-01-23 10:03:01 +0000  621 bytes for ./ar.lproj/AddWorkExperinceViewController.strings
2025-01-23 10:03:01 +0000  copying file ./ar.lproj/Localizable.strings ... 
2025-01-23 10:03:01 +0000  89953 bytes for ./ar.lproj/Localizable.strings
2025-01-23 10:03:01 +0000  copying file ./ar.lproj/ReportView.strings ... 
2025-01-23 10:03:01 +0000  363 bytes for ./ar.lproj/ReportView.strings
2025-01-23 10:03:01 +0000  copying file ./ar.lproj/AddEducationViewController.strings ... 
2025-01-23 10:03:01 +0000  2388 bytes for ./ar.lproj/AddEducationViewController.strings
2025-01-23 10:03:01 +0000  copying file ./ar.lproj/ServicesListView.strings ... 
2025-01-23 10:03:01 +0000  348 bytes for ./ar.lproj/ServicesListView.strings
2025-01-23 10:03:01 +0000  copying file ./ar.lproj/SuccessBottomSheetViewController.strings ... 
2025-01-23 10:03:01 +0000  240 bytes for ./ar.lproj/SuccessBottomSheetViewController.strings
2025-01-23 10:03:01 +0000  copying file ./ar.lproj/SubCategoriesView.strings ... 
2025-01-23 10:03:01 +0000  328 bytes for ./ar.lproj/SubCategoriesView.strings
2025-01-23 10:03:01 +0000  copying file ./ar.lproj/EditContactInfoViewController.strings ... 
2025-01-23 10:03:01 +0000  1941 bytes for ./ar.lproj/EditContactInfoViewController.strings
2025-01-23 10:03:01 +0000  copying file ./ar.lproj/SearchResultsView.strings ... 
2025-01-23 10:03:01 +0000  650 bytes for ./ar.lproj/SearchResultsView.strings
2025-01-23 10:03:01 +0000  copying file ./ar.lproj/EditBasicInfoViewController.strings ... 
2025-01-23 10:03:01 +0000  4721 bytes for ./ar.lproj/EditBasicInfoViewController.strings
2025-01-23 10:03:01 +0000  copying file ./ar.lproj/SummaryViewController.strings ... 
2025-01-23 10:03:01 +0000  493 bytes for ./ar.lproj/SummaryViewController.strings
2025-01-23 10:03:01 +0000  copying file ./ar.lproj/DeleteBottomSheet.strings ... 
2025-01-23 10:03:01 +0000  224 bytes for ./ar.lproj/DeleteBottomSheet.strings
2025-01-23 10:03:01 +0000  copying file ./ar.lproj/FAQsListView.strings ... 
2025-01-23 10:03:01 +0000  272 bytes for ./ar.lproj/FAQsListView.strings
2025-01-23 10:03:01 +0000  copying file ./NewsCVcell.nib ... 
2025-01-23 10:03:01 +0000  8499 bytes for ./NewsCVcell.nib
2025-01-23 10:03:01 +0000  copying file ./RangeDatePickerTVcell.nib ... 
2025-01-23 10:03:01 +0000  7715 bytes for ./RangeDatePickerTVcell.nib
2025-01-23 10:03:01 +0000  copying file ./EventsNewCVCell.nib ... 
2025-01-23 10:03:01 +0000  8712 bytes for ./EventsNewCVCell.nib
2025-01-23 10:03:01 +0000  copying file ./NewOptionTVCell.nib ... 
2025-01-23 10:03:01 +0000  4408 bytes for ./NewOptionTVCell.nib
2025-01-23 10:03:01 +0000  copying file ./AddSocialMediaViewCerqel.nib ... 
2025-01-23 10:03:01 +0000  13715 bytes for ./AddSocialMediaViewCerqel.nib
2025-01-23 10:03:01 +0000  copying file ./NestedValueDetailsVC.nib ... 
2025-01-23 10:03:01 +0000  2967 bytes for ./NestedValueDetailsVC.nib
2025-01-23 10:03:01 +0000  copying file ./ServiceBase.nib ... 
2025-01-23 10:03:01 +0000  4443 bytes for ./ServiceBase.nib
2025-01-23 10:03:01 +0000  copying file ./NewInvitePeopleTVCell.nib ... 
2025-01-23 10:03:01 +0000  5878 bytes for ./NewInvitePeopleTVCell.nib
2025-01-23 10:03:01 +0000  copying file ./LabelView.nib ... 
2025-01-23 10:03:01 +0000  3390 bytes for ./LabelView.nib
2025-01-23 10:03:01 +0000  copying file ./AddCommentBottomSheet.nib ... 
2025-01-23 10:03:01 +0000  8414 bytes for ./AddCommentBottomSheet.nib
2025-01-23 10:03:01 +0000  copying file ./NextPreviousComponent.nib ... 
2025-01-23 10:03:01 +0000  8078 bytes for ./NextPreviousComponent.nib
2025-01-23 10:03:01 +0000  copying file ./NewSwitchCell.nib ... 
2025-01-23 10:03:01 +0000  7997 bytes for ./NewSwitchCell.nib
2025-01-23 10:03:01 +0000  copying file ./ItemOfSummaryTableViewCell.nib ... 
2025-01-23 10:03:01 +0000  6220 bytes for ./ItemOfSummaryTableViewCell.nib
2025-01-23 10:03:01 +0000  copying file ./SearchCategoryCollectionViewCell.nib ... 
2025-01-23 10:03:01 +0000  5302 bytes for ./SearchCategoryCollectionViewCell.nib
2025-01-23 10:03:01 +0000  copying file ./AudioViewController.nib ... 
2025-01-23 10:03:01 +0000  11415 bytes for ./AudioViewController.nib
2025-01-23 10:03:01 +0000  copying file ./CheckBoxView.nib ... 
2025-01-23 10:03:01 +0000  4773 bytes for ./CheckBoxView.nib
2025-01-23 10:03:01 +0000  copying file ./PrivateWorkViewController.nib ... 
2025-01-23 10:03:01 +0000  6299 bytes for ./PrivateWorkViewController.nib
2025-01-23 10:03:01 +0000  copying file ./dbAnnouncementTVcell.nib ... 
2025-01-23 10:03:01 +0000  13451 bytes for ./dbAnnouncementTVcell.nib
2025-01-23 10:03:01 +0000  copying file ./en.lproj/Localizable.strings ... 
2025-01-23 10:03:01 +0000  5281 bytes for ./en.lproj/Localizable.strings
2025-01-23 10:03:01 +0000  copying file ./en.lproj/DeleteBottomSheet.strings ... 
2025-01-23 10:03:01 +0000  229 bytes for ./en.lproj/DeleteBottomSheet.strings
2025-01-23 10:03:01 +0000  copying file ./CerqelCheckBoxSortCell.nib ... 
2025-01-23 10:03:01 +0000  5561 bytes for ./CerqelCheckBoxSortCell.nib
2025-01-23 10:03:01 +0000  copying file ./KnowledgeBaseListVC.nib ... 
2025-01-23 10:03:01 +0000  8579 bytes for ./KnowledgeBaseListVC.nib
2025-01-23 10:03:01 +0000  copying file ./AnnounceAttachmentTVcellCerqel.nib ... 
2025-01-23 10:03:01 +0000  7116 bytes for ./AnnounceAttachmentTVcellCerqel.nib
2025-01-23 10:03:01 +0000  copying file ./EmptyPreviousActionsTVcell.nib ... 
2025-01-23 10:03:01 +0000  5178 bytes for ./EmptyPreviousActionsTVcell.nib
2025-01-23 10:03:01 +0000  copying file ./FileWebViewController.nib ... 
2025-01-23 10:03:01 +0000  5738 bytes for ./FileWebViewController.nib
2025-01-23 10:03:01 +0000  copying file ./DelegatorVC.nib ... 
2025-01-23 10:03:01 +0000  13397 bytes for ./DelegatorVC.nib
2025-01-23 10:03:01 +0000  copying file ./TakeActionTVC.nib ... 
2025-01-23 10:03:01 +0000  3952 bytes for ./TakeActionTVC.nib
2025-01-23 10:03:01 +0000  copying file ./PieChartTVCell.nib ... 
2025-01-23 10:03:01 +0000  5311 bytes for ./PieChartTVCell.nib
2025-01-23 10:03:01 +0000  copying file ./NewLblTVcell.nib ... 
2025-01-23 10:03:01 +0000  6781 bytes for ./NewLblTVcell.nib
2025-01-23 10:03:01 +0000  copying file ./CerqelCategoryFilterTVCell.nib ... 
2025-01-23 10:03:01 +0000  6812 bytes for ./CerqelCategoryFilterTVCell.nib
2025-01-23 10:03:01 +0000  copying file ./ProfileCVSectionHeaderV.nib ... 
2025-01-23 10:03:01 +0000  7109 bytes for ./ProfileCVSectionHeaderV.nib
2025-01-23 10:03:01 +0000  copying file ./FillCell.nib ... 
2025-01-23 10:03:01 +0000  13784 bytes for ./FillCell.nib
2025-01-23 10:03:01 +0000  copying file ./AllMyAppsViewController.nib ... 
2025-01-23 10:03:01 +0000  2976 bytes for ./AllMyAppsViewController.nib
2025-01-23 10:03:01 +0000  copying file ./dbEventsTVcell.nib ... 
2025-01-23 10:03:01 +0000  7302 bytes for ./dbEventsTVcell.nib
2025-01-23 10:03:01 +0000  copying file ./OffersViewController.nib ... 
2025-01-23 10:03:01 +0000  3284 bytes for ./OffersViewController.nib
2025-01-23 10:03:01 +0000  copying file ./CompanyInformationTableViewCell.nib ... 
2025-01-23 10:03:01 +0000  5016 bytes for ./CompanyInformationTableViewCell.nib
2025-01-23 10:03:01 +0000  copying file ./NewFormBuilder.storyboardc/0W1-dk-yRu-view-ljK-5Q-SFc.nib ... 
2025-01-23 10:03:01 +0000  21317 bytes for ./NewFormBuilder.storyboardc/0W1-dk-yRu-view-ljK-5Q-SFc.nib
2025-01-23 10:03:01 +0000  copying file ./NewFormBuilder.storyboardc/FormViewController.nib ... 
2025-01-23 10:03:01 +0000  1290 bytes for ./NewFormBuilder.storyboardc/FormViewController.nib
2025-01-23 10:03:01 +0000  copying file ./NewFormBuilder.storyboardc/Info.plist ... 
2025-01-23 10:03:01 +0000  209 bytes for ./NewFormBuilder.storyboardc/Info.plist
2025-01-23 10:03:01 +0000  copying file ./CerqelSingleSelectionFilterTVCell.nib ... 
2025-01-23 10:03:01 +0000  4793 bytes for ./CerqelSingleSelectionFilterTVCell.nib
2025-01-23 10:03:01 +0000  copying file ./RequestSummaryVC.nib ... 
2025-01-23 10:03:01 +0000  7170 bytes for ./RequestSummaryVC.nib
2025-01-23 10:03:01 +0000  copying file ./HomeMyAppCollectionViewCell.nib ... 
2025-01-23 10:03:01 +0000  5893 bytes for ./HomeMyAppCollectionViewCell.nib
2025-01-23 10:03:01 +0000  copying file ./WorkExperinceVC.nib ... 
2025-01-23 10:03:01 +0000  6458 bytes for ./WorkExperinceVC.nib
2025-01-23 10:03:01 +0000  copying file ./AttachCommentCVcell.nib ... 
2025-01-23 10:03:01 +0000  5731 bytes for ./AttachCommentCVcell.nib
2025-01-23 10:03:01 +0000  copying file ./FileView.nib ... 
2025-01-23 10:03:01 +0000  5235 bytes for ./FileView.nib
2025-01-23 10:03:01 +0000  copying file ./RichTextView.nib ... 
2025-01-23 10:03:01 +0000  8316 bytes for ./RichTextView.nib
2025-01-23 10:03:01 +0000  copying file ./MyCalendarVC.nib ... 
2025-01-23 10:03:01 +0000  6926 bytes for ./MyCalendarVC.nib
2025-01-23 10:03:01 +0000  copying file ./EmployeeViewController.nib ... 
2025-01-23 10:03:01 +0000  3219 bytes for ./EmployeeViewController.nib
2025-01-23 10:03:01 +0000  copying file ./MultipleAttachmentView.nib ... 
2025-01-23 10:03:01 +0000  8273 bytes for ./MultipleAttachmentView.nib
2025-01-23 10:03:01 +0000  copying file ./OfferDetailsAttachmentTVCellCerqel.nib ... 
2025-01-23 10:03:01 +0000  6293 bytes for ./OfferDetailsAttachmentTVCellCerqel.nib
2025-01-23 10:03:01 +0000  copying file ./GlobalSearchBaseView.nib ... 
2025-01-23 10:03:01 +0000  9299 bytes for ./GlobalSearchBaseView.nib
2025-01-23 10:03:01 +0000  copying file ./FilesListView.nib ... 
2025-01-23 10:03:01 +0000  18782 bytes for ./FilesListView.nib
2025-01-23 10:03:01 +0000  copying file ./EventsListViewController.nib ... 
2025-01-23 10:03:01 +0000  3001 bytes for ./EventsListViewController.nib
2025-01-23 10:03:01 +0000  copying file ./HomeHeaderCell.nib ... 
2025-01-23 10:03:01 +0000  4425 bytes for ./HomeHeaderCell.nib
2025-01-23 10:03:01 +0000  copying file ./ChangePasswordView.nib ... 
2025-01-23 10:03:01 +0000  7388 bytes for ./ChangePasswordView.nib
2025-01-23 10:03:01 +0000  copying file ./PeopleInvitedTVcell.nib ... 
2025-01-23 10:03:01 +0000  6021 bytes for ./PeopleInvitedTVcell.nib
2025-01-23 10:03:01 +0000  copying file ./DownloadAttTvcell.nib ... 
2025-01-23 10:03:01 +0000  4860 bytes for ./DownloadAttTvcell.nib
2025-01-23 10:03:01 +0000  copying file ./RequestsCVCell.nib ... 
2025-01-23 10:03:01 +0000  11572 bytes for ./RequestsCVCell.nib
2025-01-23 10:03:01 +0000  copying file ./RequestsGSView.nib ... 
2025-01-23 10:03:01 +0000  3227 bytes for ./RequestsGSView.nib
2025-01-23 10:03:01 +0000  copying file ./HomeEventsTVcell.nib ... 
2025-01-23 10:03:01 +0000  6437 bytes for ./HomeEventsTVcell.nib
2025-01-23 10:03:01 +0000  copying file ./NotificationDetailsTVCell.nib ... 
2025-01-23 10:03:01 +0000  2971 bytes for ./NotificationDetailsTVCell.nib
2025-01-23 10:03:01 +0000  copying file ./ServiceHeaderView.nib ... 
2025-01-23 10:03:01 +0000  7140 bytes for ./ServiceHeaderView.nib
2025-01-23 10:03:01 +0000  copying file ./RelativesListViewController.nib ... 
2025-01-23 10:03:01 +0000  6294 bytes for ./RelativesListViewController.nib
2025-01-23 10:03:01 +0000  copying file ./BussenissCardSheetVC.nib ... 
2025-01-23 10:03:01 +0000  12056 bytes for ./BussenissCardSheetVC.nib
2025-01-23 10:03:01 +0000  copying file ./ChatTVcell.nib ... 
2025-01-23 10:03:01 +0000  8558 bytes for ./ChatTVcell.nib
2025-01-23 10:03:01 +0000  copying file ./NewsListViewController.nib ... 
2025-01-23 10:03:01 +0000  3402 bytes for ./NewsListViewController.nib
2025-01-23 10:03:01 +0000  copying file ./FAQsGlobalSearchTableViewCell.nib ... 
2025-01-23 10:03:01 +0000  3309 bytes for ./FAQsGlobalSearchTableViewCell.nib
2025-01-23 10:03:01 +0000  copying file ./StatusFilterTableViewCell.nib ... 
2025-01-23 10:03:01 +0000  5988 bytes for ./StatusFilterTableViewCell.nib
2025-01-23 10:03:01 +0000  copying file ./Poppins-Light.ttf ... 
2025-01-23 10:03:01 +0000  159892 bytes for ./Poppins-Light.ttf
2025-01-23 10:03:01 +0000  copying file ./CompanyProfileDetailsVC.nib ... 
2025-01-23 10:03:01 +0000  7317 bytes for ./CompanyProfileDetailsVC.nib
2025-01-23 10:03:01 +0000  copying file ./ReusableHeader.nib ... 
2025-01-23 10:03:01 +0000  10768 bytes for ./ReusableHeader.nib
2025-01-23 10:03:01 +0000  copying file ./AddEditInvitedCV.nib ... 
2025-01-23 10:03:01 +0000  4095 bytes for ./AddEditInvitedCV.nib
2025-01-23 10:03:01 +0000  copying file ./LocationTableViewCell.nib ... 
2025-01-23 10:03:01 +0000  9884 bytes for ./LocationTableViewCell.nib
2025-01-23 10:03:01 +0000  copying file ./loading.json ... 
2025-01-23 10:03:01 +0000  10548 bytes for ./loading.json
2025-01-23 10:03:01 +0000  copying file ./SwitchTVcell.nib ... 
2025-01-23 10:03:01 +0000  5654 bytes for ./SwitchTVcell.nib
2025-01-23 10:03:01 +0000  copying file ./Poppins-Medium.ttf ... 
2025-01-23 10:03:01 +0000  156520 bytes for ./Poppins-Medium.ttf
2025-01-23 10:03:01 +0000  copying file ./RadioBtnBaseSortCell.nib ... 
2025-01-23 10:03:01 +0000  5433 bytes for ./RadioBtnBaseSortCell.nib
2025-01-23 10:03:01 +0000  copying file ./CheckBoxCell.nib ... 
2025-01-23 10:03:01 +0000  5428 bytes for ./CheckBoxCell.nib
2025-01-23 10:03:01 +0000  copying file ./NewInvitePeopleVC.nib ... 
2025-01-23 10:03:01 +0000  11716 bytes for ./NewInvitePeopleVC.nib
2025-01-23 10:03:01 +0000  copying file ./SearchHeaderView.nib ... 
2025-01-23 10:03:01 +0000  6683 bytes for ./SearchHeaderView.nib
2025-01-23 10:03:01 +0000  copying file ./MediaLibraryViewCerqel.nib ... 
2025-01-23 10:03:01 +0000  12285 bytes for ./MediaLibraryViewCerqel.nib
2025-01-23 10:03:01 +0000  copying file ./LabelBottomSheetVC.nib ... 
2025-01-23 10:03:01 +0000  7886 bytes for ./LabelBottomSheetVC.nib
2025-01-23 10:03:01 +0000  copying file ./RecentlyUsedCVCell.nib ... 
2025-01-23 10:03:01 +0000  4844 bytes for ./RecentlyUsedCVCell.nib
2025-01-23 10:03:01 +0000  copying file ./ExpandNoteFooterView.nib ... 
2025-01-23 10:03:01 +0000  4220 bytes for ./ExpandNoteFooterView.nib
2025-01-23 10:03:01 +0000  copying file ./RecentKnowledgeCVcell.nib ... 
2025-01-23 10:03:01 +0000  3660 bytes for ./RecentKnowledgeCVcell.nib
2025-01-23 10:03:01 +0000  copying file ./SearchScreenVC.nib ... 
2025-01-23 10:03:01 +0000  11088 bytes for ./SearchScreenVC.nib
2025-01-23 10:03:01 +0000  copying file ./AboutCompanyVC.nib ... 
2025-01-23 10:03:01 +0000  1256 bytes for ./AboutCompanyVC.nib
2025-01-23 10:03:01 +0000  copying file ./UnAuthorizedVC.nib ... 
2025-01-23 10:03:01 +0000  5161 bytes for ./UnAuthorizedVC.nib
2025-01-23 10:03:01 +0000  copying file ./AnnouncementListVCCerqel.nib ... 
2025-01-23 10:03:01 +0000  13942 bytes for ./AnnouncementListVCCerqel.nib
2025-01-23 10:03:01 +0000  copying file ./EmpInfoTVC.nib ... 
2025-01-23 10:03:01 +0000  6030 bytes for ./EmpInfoTVC.nib
2025-01-23 10:03:01 +0000  copying file ./AnnouncementCVcell.nib ... 
2025-01-23 10:03:01 +0000  17219 bytes for ./AnnouncementCVcell.nib
2025-01-23 10:03:01 +0000  copying file ./NewCheckboxView.nib ... 
2025-01-23 10:03:01 +0000  4751 bytes for ./NewCheckboxView.nib
2025-01-23 10:03:01 +0000  copying file ./AppIcon60x60@2x.png ... 
2025-01-23 10:03:01 +0000  8186 bytes for ./AppIcon60x60@2x.png
2025-01-23 10:03:01 +0000  copying file ./AddEditMedicalInsuranceViewController.nib ... 
2025-01-23 10:03:01 +0000  17774 bytes for ./AddEditMedicalInsuranceViewController.nib
2025-01-23 10:03:01 +0000  copying file ./KnowledgeBaseSearchVC.nib ... 
2025-01-23 10:03:01 +0000  4152 bytes for ./KnowledgeBaseSearchVC.nib
2025-01-23 10:03:01 +0000  copying file ./LeavePageAlertSheet.nib ... 
2025-01-23 10:03:01 +0000  11995 bytes for ./LeavePageAlertSheet.nib
2025-01-23 10:03:01 +0000  copying file ./tableControlTVcell.nib ... 
2025-01-23 10:03:01 +0000  5712 bytes for ./tableControlTVcell.nib
2025-01-23 10:03:01 +0000  copying file ./EditJobDetailsViewController.nib ... 
2025-01-23 10:03:01 +0000  25928 bytes for ./EditJobDetailsViewController.nib
2025-01-23 10:03:01 +0000  copying file ./RecentSearchTVCell.nib ... 
2025-01-23 10:03:01 +0000  5507 bytes for ./RecentSearchTVCell.nib
2025-01-23 10:03:01 +0000  copying file ./EmptyTableViewCell.nib ... 
2025-01-23 10:03:01 +0000  2930 bytes for ./EmptyTableViewCell.nib
2025-01-23 10:03:01 +0000  copying file ./CertificateAndCourseTVCell.nib ... 
2025-01-23 10:03:01 +0000  12641 bytes for ./CertificateAndCourseTVCell.nib
2025-01-23 10:03:01 +0000  copying file ./AllServicesViewController.nib ... 
2025-01-23 10:03:01 +0000  17617 bytes for ./AllServicesViewController.nib
2025-01-23 10:03:01 +0000  copying file ./ServicesGSView.nib ... 
2025-01-23 10:03:01 +0000  3144 bytes for ./ServicesGSView.nib
2025-01-23 10:03:01 +0000  copying file ./MainTabViewController.nib ... 
2025-01-23 10:03:01 +0000  1225 bytes for ./MainTabViewController.nib
2025-01-23 10:03:01 +0000  copying file ./ProfileBaseVC.nib ... 
2025-01-23 10:03:01 +0000  3429 bytes for ./ProfileBaseVC.nib
2025-01-23 10:03:01 +0000  copying file ./NewsListTVcellCerqel.nib ... 
2025-01-23 10:03:01 +0000  9944 bytes for ./NewsListTVcellCerqel.nib
2025-01-23 10:03:01 +0000  copying file ./NumericalStatisticsTVCell.nib ... 
2025-01-23 10:03:01 +0000  6623 bytes for ./NumericalStatisticsTVCell.nib
2025-01-23 10:03:01 +0000  copying file ./DependantsListViewController.nib ... 
2025-01-23 10:03:01 +0000  6296 bytes for ./DependantsListViewController.nib
2025-01-23 10:03:01 +0000  copying file ./EmergencylistViewController.nib ... 
2025-01-23 10:03:01 +0000  6303 bytes for ./EmergencylistViewController.nib
2025-01-23 10:03:01 +0000  copying file ./OrganizationBaseView.nib ... 
2025-01-23 10:03:01 +0000  4988 bytes for ./OrganizationBaseView.nib
2025-01-23 10:03:01 +0000  copying file ./HomeMyAppsTVCell.nib ... 
2025-01-23 10:03:01 +0000  5113 bytes for ./HomeMyAppsTVCell.nib
2025-01-23 10:03:01 +0000  copying file ./EmployeeTableViewCell.nib ... 
2025-01-23 10:03:01 +0000  3200 bytes for ./EmployeeTableViewCell.nib
2025-01-23 10:03:01 +0000  copying file ./SalaryItem.nib ... 
2025-01-23 10:03:01 +0000  3916 bytes for ./SalaryItem.nib
2025-01-23 10:03:01 +0000  copying file ./NotificationsListTVcell.nib ... 
2025-01-23 10:03:01 +0000  8128 bytes for ./NotificationsListTVcell.nib
2025-01-23 10:03:01 +0000  copying file ./TanentsListViewController.nib ... 
2025-01-23 10:03:01 +0000  9398 bytes for ./TanentsListViewController.nib
2025-01-23 10:03:01 +0000  copying file ./AnnouncementsGSVC.nib ... 
2025-01-23 10:03:01 +0000  3186 bytes for ./AnnouncementsGSVC.nib
2025-01-23 10:03:01 +0000  copying file ./LabelSheetWithSwitchTVCell.nib ... 
2025-01-23 10:03:01 +0000  10708 bytes for ./LabelSheetWithSwitchTVCell.nib
2025-01-23 10:03:01 +0000  copying file ./SliderTableViewCell.nib ... 
2025-01-23 10:03:01 +0000  5433 bytes for ./SliderTableViewCell.nib
2025-01-23 10:03:01 +0000  copying file ./PreviousActionsTVC.nib ... 
2025-01-23 10:03:01 +0000  14408 bytes for ./PreviousActionsTVC.nib
2025-01-23 10:03:01 +0000  copying file ./SST Arabic Medium.ttf ... 
2025-01-23 10:03:01 +0000  272196 bytes for ./SST Arabic Medium.ttf
2025-01-23 10:03:01 +0000  copying file ./AppCVCell.nib ... 
2025-01-23 10:03:01 +0000  6002 bytes for ./AppCVCell.nib
2025-01-23 10:03:01 +0000  copying file ./InvitePeopleVC.nib ... 
2025-01-23 10:03:01 +0000  14299 bytes for ./InvitePeopleVC.nib
2025-01-23 10:03:01 +0000  copying file ./SubCategoryServiceView.nib ... 
2025-01-23 10:03:01 +0000  4650 bytes for ./SubCategoryServiceView.nib
2025-01-23 10:03:01 +0000  copying file ./dbOffersTVcell.nib ... 
2025-01-23 10:03:01 +0000  5957 bytes for ./dbOffersTVcell.nib
2025-01-23 10:03:01 +0000  copying file ./OptionTVcell.nib ... 
2025-01-23 10:03:01 +0000  6685 bytes for ./OptionTVcell.nib
2025-01-23 10:03:01 +0000  copying file ./EmptyStateTVcell.nib ... 
2025-01-23 10:03:01 +0000  4597 bytes for ./EmptyStateTVcell.nib
2025-01-23 10:03:01 +0000  copying file ./NewChatTVCell.nib ... 
2025-01-23 10:03:01 +0000  2915 bytes for ./NewChatTVCell.nib
2025-01-23 10:03:01 +0000  copying file ./FeedbackBottomSheetView.nib ... 
2025-01-23 10:03:01 +0000  19924 bytes for ./FeedbackBottomSheetView.nib
2025-01-23 10:03:01 +0000  copying file ./SST Arabic Light.ttf ... 
2025-01-23 10:03:01 +0000  325112 bytes for ./SST Arabic Light.ttf
2025-01-23 10:03:01 +0000  copying file ./FAQsListHeader.nib ... 
2025-01-23 10:03:01 +0000  7058 bytes for ./FAQsListHeader.nib
2025-01-23 10:03:01 +0000  copying file ./CerqelTagsSortCell.nib ... 
2025-01-23 10:03:01 +0000  4023 bytes for ./CerqelTagsSortCell.nib
2025-01-23 10:03:01 +0000  copying file ./SuccessAddEditEventVC.nib ... 
2025-01-23 10:03:01 +0000  8820 bytes for ./SuccessAddEditEventVC.nib
2025-01-23 10:03:01 +0000  copying file ./FileGridCell.nib ... 
2025-01-23 10:03:01 +0000  11869 bytes for ./FileGridCell.nib
2025-01-23 10:03:01 +0000  copying file ./ActionCommentTVcell.nib ... 
2025-01-23 10:03:01 +0000  4657 bytes for ./ActionCommentTVcell.nib
2025-01-23 10:03:01 +0000  copying file ./ListAttachmentUploadView.nib ... 
2025-01-23 10:03:01 +0000  4083 bytes for ./ListAttachmentUploadView.nib
2025-01-23 10:03:01 +0000  copying file ./MediaLibraryGridCVCellCerqel.nib ... 
2025-01-23 10:03:01 +0000  8628 bytes for ./MediaLibraryGridCVCellCerqel.nib
2025-01-23 10:03:01 +0000  copying file ./FilterView.nib ... 
2025-01-23 10:03:01 +0000  5860 bytes for ./FilterView.nib
2025-01-23 10:03:01 +0000  copying file ./CustomMonthYearCVCell.nib ... 
2025-01-23 10:03:01 +0000  3863 bytes for ./CustomMonthYearCVCell.nib
2025-01-23 10:03:01 +0000  copying file ./MySalaryVC.nib ... 
2025-01-23 10:03:01 +0000  10067 bytes for ./MySalaryVC.nib
2025-01-23 10:03:01 +0000  copying file ./CategoryCVCell.nib ... 
2025-01-23 10:03:01 +0000  4077 bytes for ./CategoryCVCell.nib
2025-01-23 10:03:01 +0000  copying file ./DateFilterTVCell.nib ... 
2025-01-23 10:03:01 +0000  10474 bytes for ./DateFilterTVCell.nib
2025-01-23 10:03:01 +0000  copying file ./NewUploadMediaTVcell.nib ... 
2025-01-23 10:03:01 +0000  10214 bytes for ./NewUploadMediaTVcell.nib
2025-01-23 10:03:01 +0000  copying file ./FAQsListViewController.nib ... 
2025-01-23 10:03:01 +0000  3513 bytes for ./FAQsListViewController.nib
2025-01-23 10:03:01 +0000  copying file ./PinnedNewsCVCellCerqel.nib ... 
2025-01-23 10:03:01 +0000  9413 bytes for ./PinnedNewsCVCellCerqel.nib
2025-01-23 10:03:01 +0000  copying file ./AllResultsViewController.nib ... 
2025-01-23 10:03:01 +0000  3107 bytes for ./AllResultsViewController.nib
2025-01-23 10:03:01 +0000  copying file ./SubmitTableViewCell.nib ... 
2025-01-23 10:03:01 +0000  3938 bytes for ./SubmitTableViewCell.nib
2025-01-23 10:03:01 +0000  copying file ./CompanyDepartmentsTVCell.nib ... 
2025-01-23 10:03:01 +0000  5408 bytes for ./CompanyDepartmentsTVCell.nib
2025-01-23 10:03:01 +0000  copying file ./OrganizationTableViewCell.nib ... 
2025-01-23 10:03:01 +0000  14333 bytes for ./OrganizationTableViewCell.nib
2025-01-23 10:03:01 +0000  copying file ./HomeOffersTVcell.nib ... 
2025-01-23 10:03:01 +0000  6477 bytes for ./HomeOffersTVcell.nib
2025-01-23 10:03:01 +0000  copying file ./NPSTableViewCell.nib ... 
2025-01-23 10:03:01 +0000  9119 bytes for ./NPSTableViewCell.nib
2025-01-23 10:03:01 +0000  copying file ./MainSettingPageTVcell.nib ... 
2025-01-23 10:03:01 +0000  4359 bytes for ./MainSettingPageTVcell.nib
2025-01-23 10:03:01 +0000  copying file ./FavoritesCVcell.nib ... 
2025-01-23 10:03:01 +0000  8819 bytes for ./FavoritesCVcell.nib
2025-01-23 10:03:01 +0000  copying file ./ActionBaseListTableViewCell.nib ... 
2025-01-23 10:03:01 +0000  6452 bytes for ./ActionBaseListTableViewCell.nib
2025-01-23 10:03:01 +0000  copying file ./FilterVC.nib ... 
2025-01-23 10:03:01 +0000  6554 bytes for ./FilterVC.nib
2025-01-23 10:03:01 +0000  copying file ./AllServicesListTableViewCell.nib ... 
2025-01-23 10:03:01 +0000  7805 bytes for ./AllServicesListTableViewCell.nib
2025-01-23 10:03:01 +0000  copying file ./ToggleHeaderV.nib ... 
2025-01-23 10:03:01 +0000  5316 bytes for ./ToggleHeaderV.nib
2025-01-23 10:03:01 +0000  copying file ./SideMenuVC.nib ... 
2025-01-23 10:03:01 +0000  11630 bytes for ./SideMenuVC.nib
2025-01-23 10:03:01 +0000  copying file ./GoogleService-Info.plist ... 
2025-01-23 10:03:01 +0000  648 bytes for ./GoogleService-Info.plist
2025-01-23 10:03:01 +0000  copying file ./TableDetailsRowTVCell.nib ... 
2025-01-23 10:03:01 +0000  6992 bytes for ./TableDetailsRowTVCell.nib
2025-01-23 10:03:01 +0000  copying file ./ActionControlTVcell.nib ... 
2025-01-23 10:03:01 +0000  6297 bytes for ./ActionControlTVcell.nib
2025-01-23 10:03:01 +0000  copying file ./CerqelBaseSortVC.nib ... 
2025-01-23 10:03:01 +0000  9374 bytes for ./CerqelBaseSortVC.nib
2025-01-23 10:03:01 +0000  copying file ./DatePickerTVcell.nib ... 
2025-01-23 10:03:01 +0000  6379 bytes for ./DatePickerTVcell.nib
2025-01-23 10:03:01 +0000  copying file ./OfferTVCellCerqel.nib ... 
2025-01-23 10:03:01 +0000  13781 bytes for ./OfferTVCellCerqel.nib
2025-01-23 10:03:01 +0000  copying file ./EventListTVcellCerqel.nib ... 
2025-01-23 10:03:01 +0000  12694 bytes for ./EventListTVcellCerqel.nib
2025-01-23 10:03:01 +0000  copying file ./AnnouncementPriorityCVcellCerqel.nib ... 
2025-01-23 10:03:01 +0000  4485 bytes for ./AnnouncementPriorityCVcellCerqel.nib
2025-01-23 10:03:01 +0000  copying file ./LinkView.nib ... 
2025-01-23 10:03:01 +0000  4189 bytes for ./LinkView.nib
2025-01-23 10:03:01 +0000  copying file ./dbSelectTabsCVcell.nib ... 
2025-01-23 10:03:01 +0000  4966 bytes for ./dbSelectTabsCVcell.nib
2025-01-23 10:03:01 +0000  copying file ./dbEventsEmptyStateCVcell.nib ... 
2025-01-23 10:03:01 +0000  4892 bytes for ./dbEventsEmptyStateCVcell.nib
2025-01-23 10:03:01 +0000  copying file ./RadioButtonTVCell.nib ... 
2025-01-23 10:03:01 +0000  5277 bytes for ./RadioButtonTVCell.nib
2025-01-23 10:03:01 +0000  copying file ./HomeDocumentTVCell.nib ... 
2025-01-23 10:03:01 +0000  6628 bytes for ./HomeDocumentTVCell.nib
2025-01-23 10:03:01 +0000  copying file ./Base.lproj/EditContactInfoViewController.nib ... 
2025-01-23 10:03:01 +0000  21299 bytes for ./Base.lproj/EditContactInfoViewController.nib
2025-01-23 10:03:01 +0000  copying file ./Base.lproj/SubCategoriesView.nib ... 
2025-01-23 10:03:01 +0000  7840 bytes for ./Base.lproj/SubCategoriesView.nib
2025-01-23 10:03:01 +0000  copying file ./Base.lproj/DocumentsListView.nib ... 
2025-01-23 10:03:01 +0000  10209 bytes for ./Base.lproj/DocumentsListView.nib
2025-01-23 10:03:01 +0000  copying file ./Base.lproj/EditBasicInfoViewController.nib ... 
2025-01-23 10:03:01 +0000  40262 bytes for ./Base.lproj/EditBasicInfoViewController.nib
2025-01-23 10:03:01 +0000  copying file ./Base.lproj/FAQsListView.nib ... 
2025-01-23 10:03:01 +0000  8806 bytes for ./Base.lproj/FAQsListView.nib
2025-01-23 10:03:01 +0000  copying file ./Base.lproj/OrganizationViewController.nib ... 
2025-01-23 10:03:01 +0000  4835 bytes for ./Base.lproj/OrganizationViewController.nib
2025-01-23 10:03:01 +0000  copying file ./Base.lproj/CerqelDeleteSheet.nib ... 
2025-01-23 10:03:01 +0000  9796 bytes for ./Base.lproj/CerqelDeleteSheet.nib
2025-01-23 10:03:01 +0000  copying file ./Base.lproj/AddEditAddressViewController.nib ... 
2025-01-23 10:03:01 +0000  50228 bytes for ./Base.lproj/AddEditAddressViewController.nib
2025-01-23 10:03:01 +0000  copying file ./Base.lproj/AddSugesstionBottomSheet.nib ... 
2025-01-23 10:03:01 +0000  10887 bytes for ./Base.lproj/AddSugesstionBottomSheet.nib
2025-01-23 10:03:01 +0000  copying file ./Base.lproj/UpdateYourInfoTableViewCell.nib ... 
2025-01-23 10:03:01 +0000  8849 bytes for ./Base.lproj/UpdateYourInfoTableViewCell.nib
2025-01-23 10:03:01 +0000  copying file ./Base.lproj/BusinessCardVC.nib ... 
2025-01-23 10:03:01 +0000  15241 bytes for ./Base.lproj/BusinessCardVC.nib
2025-01-23 10:03:01 +0000  copying file ./Base.lproj/AddRelativesViewController.nib ... 
2025-01-23 10:03:01 +0000  20490 bytes for ./Base.lproj/AddRelativesViewController.nib
2025-01-23 10:03:01 +0000  copying file ./Base.lproj/ProfilePhotoSheetVC.nib ... 
2025-01-23 10:03:01 +0000  12124 bytes for ./Base.lproj/ProfilePhotoSheetVC.nib
2025-01-23 10:03:01 +0000  copying file ./Base.lproj/AddCertificatesViewCerqel.nib ... 
2025-01-23 10:03:01 +0000  19528 bytes for ./Base.lproj/AddCertificatesViewCerqel.nib
2025-01-23 10:03:01 +0000  copying file ./Base.lproj/SuccessBottomSheetViewController.nib ... 
2025-01-23 10:03:01 +0000  10503 bytes for ./Base.lproj/SuccessBottomSheetViewController.nib
2025-01-23 10:03:01 +0000  copying file ./Base.lproj/RecentSearchView.nib ... 
2025-01-23 10:03:01 +0000  8279 bytes for ./Base.lproj/RecentSearchView.nib
2025-01-23 10:03:01 +0000  copying file ./Base.lproj/AcknowledgeVC.nib ... 
2025-01-23 10:03:01 +0000  11037 bytes for ./Base.lproj/AcknowledgeVC.nib
2025-01-23 10:03:01 +0000  copying file ./Base.lproj/SearchResultsView.nib ... 
2025-01-23 10:03:01 +0000  19170 bytes for ./Base.lproj/SearchResultsView.nib
2025-01-23 10:03:01 +0000  copying file ./Base.lproj/UploadFileView.nib ... 
2025-01-23 10:03:01 +0000  47294 bytes for ./Base.lproj/UploadFileView.nib
2025-01-23 10:03:01 +0000  copying file ./Base.lproj/Main.storyboardc/ServiceBase.nib ... 
2025-01-23 10:03:01 +0000  1114 bytes for ./Base.lproj/Main.storyboardc/ServiceBase.nib
2025-01-23 10:03:01 +0000  copying file ./Base.lproj/Main.storyboardc/98m-76-nZc-view-jDC-LK-LRu.nib ... 
2025-01-23 10:03:01 +0000  18198 bytes for ./Base.lproj/Main.storyboardc/98m-76-nZc-view-jDC-LK-LRu.nib
copying file ./Base.lproj/Main.storyboardc/wzI-x7-kGR-view-1rp-is-kkl.nib ... 
2025-01-23 10:03:01 +0000  18747 bytes for ./Base.lproj/Main.storyboardc/wzI-x7-kGR-view-1rp-is-kkl.nib
2025-01-23 10:03:01 +0000  copying file ./Base.lproj/Main.storyboardc/MaintabBar.nib ... 
2025-01-23 10:03:01 +0000  8109 bytes for ./Base.lproj/Main.storyboardc/MaintabBar.nib
2025-01-23 10:03:01 +0000  copying file ./Base.lproj/Main.storyboardc/NewDashboardVC.nib ... 
2025-01-23 10:03:01 +0000  1292 bytes for ./Base.lproj/Main.storyboardc/NewDashboardVC.nib
2025-01-23 10:03:01 +0000  copying file ./Base.lproj/Main.storyboardc/u6D-Dd-bCs-view-m1z-H5-6o0.nib ... 
2025-01-23 10:03:01 +0000  2726 bytes for ./Base.lproj/Main.storyboardc/u6D-Dd-bCs-view-m1z-H5-6o0.nib
2025-01-23 10:03:01 +0000  copying file ./Base.lproj/Main.storyboardc/NewHomeVC.nib ... 
2025-01-23 10:03:01 +0000  1426 bytes for ./Base.lproj/Main.storyboardc/NewHomeVC.nib
2025-01-23 10:03:01 +0000  copying file ./Base.lproj/Main.storyboardc/NewMoreVC.nib ... 
2025-01-23 10:03:01 +0000  1266 bytes for ./Base.lproj/Main.storyboardc/NewMoreVC.nib
2025-01-23 10:03:01 +0000  copying file ./Base.lproj/Main.storyboardc/wIe-GO-uyf-view-li7-LH-RQa.nib ... 
2025-01-23 10:03:01 +0000  10436 bytes for ./Base.lproj/Main.storyboardc/wIe-GO-uyf-view-li7-LH-RQa.nib
2025-01-23 10:03:01 +0000  copying file ./Base.lproj/Main.storyboardc/xdG-8c-tCh-view-HXk-Ui-ojc.nib ... 
2025-01-23 10:03:01 +0000  8540 bytes for ./Base.lproj/Main.storyboardc/xdG-8c-tCh-view-HXk-Ui-ojc.nib
2025-01-23 10:03:01 +0000  copying file ./Base.lproj/Main.storyboardc/NotificationsListVC.nib ... 
2025-01-23 10:03:01 +0000  1057 bytes for ./Base.lproj/Main.storyboardc/NotificationsListVC.nib
2025-01-23 10:03:01 +0000  copying file ./Base.lproj/Main.storyboardc/l57-jW-rAn-view-bBX-n8-2av.nib ... 
2025-01-23 10:03:01 +0000  3368 bytes for ./Base.lproj/Main.storyboardc/l57-jW-rAn-view-bBX-n8-2av.nib
2025-01-23 10:03:01 +0000  copying file ./Base.lproj/Main.storyboardc/NewSplashScreenVCCerqel.nib ... 
2025-01-23 10:03:01 +0000  1026 bytes for ./Base.lproj/Main.storyboardc/NewSplashScreenVCCerqel.nib
2025-01-23 10:03:01 +0000  copying file ./Base.lproj/Main.storyboardc/jNw-7Q-k9b-view-rwy-z0-LLB.nib ... 
2025-01-23 10:03:01 +0000  5063 bytes for ./Base.lproj/Main.storyboardc/jNw-7Q-k9b-view-rwy-z0-LLB.nib
2025-01-23 10:03:01 +0000  copying file ./Base.lproj/Main.storyboardc/FormBuilderVC.nib ... 
2025-01-23 10:03:01 +0000  1408 bytes for ./Base.lproj/Main.storyboardc/FormBuilderVC.nib
2025-01-23 10:03:01 +0000  copying file ./Base.lproj/Main.storyboardc/NewRequestsVC.nib ... 
2025-01-23 10:03:01 +0000  1148 bytes for ./Base.lproj/Main.storyboardc/NewRequestsVC.nib
2025-01-23 10:03:01 +0000  copying file ./Base.lproj/Main.storyboardc/Info.plist ... 
2025-01-23 10:03:01 +0000  491 bytes for ./Base.lproj/Main.storyboardc/Info.plist
2025-01-23 10:03:01 +0000  copying file ./Base.lproj/Main.storyboardc/x55-Wf-22W-view-8gu-RU-cLB.nib ... 
2025-01-23 10:03:01 +0000  4570 bytes for ./Base.lproj/Main.storyboardc/x55-Wf-22W-view-8gu-RU-cLB.nib
2025-01-23 10:03:01 +0000  copying file ./Base.lproj/AddEditDependentsViewController.nib ... 
2025-01-23 10:03:01 +0000  44515 bytes for ./Base.lproj/AddEditDependentsViewController.nib
2025-01-23 10:03:01 +0000  copying file ./Base.lproj/Launch.storyboardc/01J-lp-oVM-view-Ze5-6b-2t3.nib ... 
2025-01-23 10:03:01 +0000  1214 bytes for ./Base.lproj/Launch.storyboardc/01J-lp-oVM-view-Ze5-6b-2t3.nib
2025-01-23 10:03:01 +0000  copying file ./Base.lproj/Launch.storyboardc/UIViewController-01J-lp-oVM.nib ... 
2025-01-23 10:03:01 +0000  924 bytes for ./Base.lproj/Launch.storyboardc/UIViewController-01J-lp-oVM.nib
2025-01-23 10:03:01 +0000  copying file ./Base.lproj/Launch.storyboardc/Info.plist ... 
2025-01-23 10:03:01 +0000  258 bytes for ./Base.lproj/Launch.storyboardc/Info.plist
2025-01-23 10:03:01 +0000  copying file ./Base.lproj/ReportView.nib ... 
2025-01-23 10:03:01 +0000  8677 bytes for ./Base.lproj/ReportView.nib
2025-01-23 10:03:01 +0000  copying file ./Base.lproj/BaseList.nib ... 
2025-01-23 10:03:01 +0000  10082 bytes for ./Base.lproj/BaseList.nib
2025-01-23 10:03:01 +0000  copying file ./Base.lproj/AddEducationViewController.nib ... 
2025-01-23 10:03:01 +0000  27066 bytes for ./Base.lproj/AddEducationViewController.nib
2025-01-23 10:03:01 +0000  copying file ./Base.lproj/RecentSearchVC.nib ... 
2025-01-23 10:03:01 +0000  6389 bytes for ./Base.lproj/RecentSearchVC.nib
2025-01-23 10:03:01 +0000  copying file ./Base.lproj/AllResultsHeaderView.nib ... 
2025-01-23 10:03:01 +0000  4273 bytes for ./Base.lproj/AllResultsHeaderView.nib
2025-01-23 10:03:01 +0000  copying file ./Base.lproj/SummaryViewController.nib ... 
2025-01-23 10:03:01 +0000  9249 bytes for ./Base.lproj/SummaryViewController.nib
2025-01-23 10:03:01 +0000  copying file ./Base.lproj/AddContactView.nib ... 
2025-01-23 10:03:01 +0000  54485 bytes for ./Base.lproj/AddContactView.nib
2025-01-23 10:03:01 +0000  copying file ./Base.lproj/AddWorkExperinceViewController.nib ... 
2025-01-23 10:03:01 +0000  23654 bytes for ./Base.lproj/AddWorkExperinceViewController.nib
2025-01-23 10:03:01 +0000  copying file ./Base.lproj/UploadWorkExperienceCVView.nib ... 
2025-01-23 10:03:01 +0000  8790 bytes for ./Base.lproj/UploadWorkExperienceCVView.nib
2025-01-23 10:03:01 +0000  copying file ./Base.lproj/AddPrivateWorkViewController.nib ... 
2025-01-23 10:03:01 +0000  23056 bytes for ./Base.lproj/AddPrivateWorkViewController.nib
2025-01-23 10:03:01 +0000  copying file ./Base.lproj/ExecuteActionTVcell.nib ... 
2025-01-23 10:03:01 +0000  10012 bytes for ./Base.lproj/ExecuteActionTVcell.nib
2025-01-23 10:03:01 +0000  copying file ./Base.lproj/ServicesListView.nib ... 
2025-01-23 10:03:01 +0000  8870 bytes for ./Base.lproj/ServicesListView.nib
2025-01-23 10:03:01 +0000  copying file ./Base.lproj/DeleteBottomSheet.nib ... 
2025-01-23 10:03:01 +0000  9758 bytes for ./Base.lproj/DeleteBottomSheet.nib
2025-01-23 10:03:01 +0000  copying file ./RecentSearchFAQsCVcell.nib ... 
2025-01-23 10:03:01 +0000  3661 bytes for ./RecentSearchFAQsCVcell.nib
2025-01-23 10:03:01 +0000  copying file ./BaseFilterVC.nib ... 
2025-01-23 10:03:01 +0000  9265 bytes for ./BaseFilterVC.nib
2025-01-23 10:03:01 +0000  copying file ./WorkExperienceTVCell.nib ... 
2025-01-23 10:03:01 +0000  10898 bytes for ./WorkExperienceTVCell.nib
2025-01-23 10:03:01 +0000  copying file ./TextBoxTableViewCell.nib ... 
2025-01-23 10:03:01 +0000  8715 bytes for ./TextBoxTableViewCell.nib
2025-01-23 10:03:01 +0000  copying file ./SuccessBottomSheetWithNavigationLinkVC.nib ... 
2025-01-23 10:03:01 +0000  7631 bytes for ./SuccessBottomSheetWithNavigationLinkVC.nib
2025-01-23 10:03:01 +0000  copying file ./ShowMoreView.nib ... 
2025-01-23 10:03:01 +0000  3122 bytes for ./ShowMoreView.nib
2025-01-23 10:03:01 +0000  copying file ./AllServicesCollectionViewCell.nib ... 
2025-01-23 10:03:01 +0000  8070 bytes for ./AllServicesCollectionViewCell.nib
2025-01-23 10:03:01 +0000  copying file ./AccessibilitySettingView.nib ... 
2025-01-23 10:03:01 +0000  7534 bytes for ./AccessibilitySettingView.nib
2025-01-23 10:03:01 +0000  copying file ./AboutCompanyTVCell.nib ... 
2025-01-23 10:03:01 +0000  11209 bytes for ./AboutCompanyTVCell.nib
2025-01-23 10:03:01 +0000  copying file ./CompanyProfileTVHeaderV.nib ... 
2025-01-23 10:03:01 +0000  3227 bytes for ./CompanyProfileTVHeaderV.nib
2025-01-23 10:03:01 +0000  copying file ./ConfirmationBottomSheetVC.nib ... 
2025-01-23 10:03:01 +0000  9395 bytes for ./ConfirmationBottomSheetVC.nib
2025-01-23 10:03:01 +0000  copying file ./RequestDetailsView.nib ... 
2025-01-23 10:03:01 +0000  15414 bytes for ./RequestDetailsView.nib
2025-01-23 10:03:01 +0000  copying file ./MySalaryColoredTVCell.nib ... 
2025-01-23 10:03:01 +0000  5561 bytes for ./MySalaryColoredTVCell.nib
2025-01-23 10:03:01 +0000  copying file ./dbServicesTVcell.nib ... 
2025-01-23 10:03:01 +0000  1497 bytes for ./dbServicesTVcell.nib
2025-01-23 10:03:01 +0000  copying file ./AllServicesCell.nib ... 
2025-01-23 10:03:01 +0000  8218 bytes for ./AllServicesCell.nib
2025-01-23 10:03:01 +0000  copying file ./SubmittedSuccessRequestBottomSheet.nib ... 
2025-01-23 10:03:01 +0000  11086 bytes for ./SubmittedSuccessRequestBottomSheet.nib
2025-01-23 10:03:01 +0000  copying file ./CalendarViewController.nib ... 
2025-01-23 10:03:01 +0000  8516 bytes for ./CalendarViewController.nib
2025-01-23 10:03:01 +0000  copying file ./DetailsEmptyStateTVcell.nib ... 
2025-01-23 10:03:01 +0000  3754 bytes for ./DetailsEmptyStateTVcell.nib
2025-01-23 10:03:01 +0000  copying file ./MainSettingPageVC.nib ... 
2025-01-23 10:03:01 +0000  3374 bytes for ./MainSettingPageVC.nib
2025-01-23 10:03:01 +0000  copying file ./SubHeaderTableViewCell.nib ... 
2025-01-23 10:03:01 +0000  4029 bytes for ./SubHeaderTableViewCell.nib
2025-01-23 10:03:01 +0000  copying file ./InvitePeopleTVCell.nib ... 
2025-01-23 10:03:01 +0000  5880 bytes for ./InvitePeopleTVCell.nib
2025-01-23 10:03:01 +0000  copying file ./InfoIndicatorTVcell.nib ... 
2025-01-23 10:03:01 +0000  4186 bytes for ./InfoIndicatorTVcell.nib
2025-01-23 10:03:01 +0000  copying file ./PieChartCVCell.nib ... 
2025-01-23 10:03:01 +0000  5533 bytes for ./PieChartCVCell.nib
2025-01-23 10:03:01 +0000  copying file ./ReusableNavBarView.nib ... 
2025-01-23 10:03:01 +0000  4705 bytes for ./ReusableNavBarView.nib
2025-01-23 10:03:01 +0000  copying file ./UsersViewController.nib ... 
2025-01-23 10:03:01 +0000  2478 bytes for ./UsersViewController.nib
2025-01-23 10:03:01 +0000  copying file ./FaqsCategoriesCell.nib ... 
2025-01-23 10:03:01 +0000  4404 bytes for ./FaqsCategoriesCell.nib
2025-01-23 10:03:01 +0000  copying file ./SST Arabic Bold.ttf ... 
2025-01-23 10:03:01 +0000  314440 bytes for ./SST Arabic Bold.ttf
2025-01-23 10:03:01 +0000  copying file ./NotificationControlVC.nib ... 
2025-01-23 10:03:01 +0000  7370 bytes for ./NotificationControlVC.nib
2025-01-23 10:03:01 +0000  copying file ./SendBackVC.nib ... 
2025-01-23 10:03:01 +0000  14022 bytes for ./SendBackVC.nib
2025-01-23 10:03:01 +0000  copying file ./ScrollableNewsCellCerqel.nib ... 
2025-01-23 10:03:01 +0000  4669 bytes for ./ScrollableNewsCellCerqel.nib
2025-01-23 10:03:01 +0000  copying file ./CAMyAppsListVC.nib ... 
2025-01-23 10:03:01 +0000  12234 bytes for ./CAMyAppsListVC.nib
2025-01-23 10:03:01 +0000  copying file ./SubCategoriesBaseView.nib ... 
2025-01-23 10:03:01 +0000  4517 bytes for ./SubCategoriesBaseView.nib
2025-01-23 10:03:01 +0000  copying file ./AddEditEventVC.nib ... 
2025-01-23 10:03:01 +0000  26088 bytes for ./AddEditEventVC.nib
2025-01-23 10:03:01 +0000  copying file ./TextAreaTVcell.nib ... 
2025-01-23 10:03:01 +0000  5184 bytes for ./TextAreaTVcell.nib
2025-01-23 10:03:01 +0000  copying file ./ParagraphTableViewCell.nib ... 
2025-01-23 10:03:01 +0000  4411 bytes for ./ParagraphTableViewCell.nib
2025-01-23 10:03:01 +0000  copying file ./BaseTabCell.nib ... 
2025-01-23 10:03:01 +0000  4063 bytes for ./BaseTabCell.nib
2025-01-23 10:03:01 +0000  copying file ./TimePickerTVcell.nib ... 
2025-01-23 10:03:01 +0000  6335 bytes for ./TimePickerTVcell.nib
2025-01-23 10:03:01 +0000  copying file ./DropDownTableViewCell.nib ... 
2025-01-23 10:03:01 +0000  7297 bytes for ./DropDownTableViewCell.nib
2025-01-23 10:03:01 +0000  copying file ./ChangePassTVcell.nib ... 
2025-01-23 10:03:01 +0000  5004 bytes for ./ChangePassTVcell.nib
2025-01-23 10:03:01 +0000  copying file ./FAQsFileTableViewCell.nib ... 
2025-01-23 10:03:01 +0000  5492 bytes for ./FAQsFileTableViewCell.nib
2025-01-23 10:03:01 +0000  copying file ./FooterAccTVcell.nib ... 
2025-01-23 10:03:01 +0000  7822 bytes for ./FooterAccTVcell.nib
2025-01-23 10:03:01 +0000  copying file ./NewsDetailsViewCerqel.nib ... 
2025-01-23 10:03:01 +0000  15095 bytes for ./NewsDetailsViewCerqel.nib
2025-01-23 10:03:01 +0000  copying file ./MediaLibraryViewController.nib ... 
2025-01-23 10:03:01 +0000  3250 bytes for ./MediaLibraryViewController.nib
2025-01-23 10:03:01 +0000  copying file ./NewInvitePeopleCVCell.nib ... 
2025-01-23 10:03:01 +0000  5467 bytes for ./NewInvitePeopleCVCell.nib
2025-01-23 10:03:01 +0000  copying file ./CertificateListVC.nib ... 
2025-01-23 10:03:01 +0000  4527 bytes for ./CertificateListVC.nib
2025-01-23 10:03:01 +0000  copying file ./LinkTVcellTableViewCell.nib ... 
2025-01-23 10:03:01 +0000  7773 bytes for ./LinkTVcellTableViewCell.nib
2025-01-23 10:03:01 +0000  copying file ./AttachmentUploadView.nib ... 
2025-01-23 10:03:01 +0000  19283 bytes for ./AttachmentUploadView.nib
2025-01-23 10:03:01 +0000  copying file ./MediaLibraryListCVCellCerqel.nib ... 
2025-01-23 10:03:01 +0000  8625 bytes for ./MediaLibraryListCVCellCerqel.nib
2025-01-23 10:03:01 +0000  copying file ./CerqelDateFilterTVCell.nib ... 
2025-01-23 10:03:01 +0000  8976 bytes for ./CerqelDateFilterTVCell.nib
2025-01-23 10:03:01 +0000  copying file ./Assets.car ... 
2025-01-23 10:03:01 +0000  35770080 bytes for ./Assets.car
2025-01-23 10:03:01 +0000  copying file ./MyCalendarCVcell.nib ... 
2025-01-23 10:03:01 +0000  9876 bytes for ./MyCalendarCVcell.nib
2025-01-23 10:03:01 +0000  copying file ./TasksRequestsCVcell.nib ... 
2025-01-23 10:03:01 +0000  5364 bytes for ./TasksRequestsCVcell.nib
2025-01-23 10:03:01 +0000  copying file ./SummarySectionTableViewCell.nib ... 
2025-01-23 10:03:01 +0000  4459 bytes for ./SummarySectionTableViewCell.nib
2025-01-23 10:03:01 +0000  copying file ./RadioCell.nib ... 
2025-01-23 10:03:01 +0000  6379 bytes for ./RadioCell.nib
2025-01-23 10:03:01 +0000  copying file ./DiscaredChangesBottomSheet.nib ... 
2025-01-23 10:03:01 +0000  11541 bytes for ./DiscaredChangesBottomSheet.nib
2025-01-23 10:03:01 +0000  copying file ./ThemeAccTVcell.nib ... 
2025-01-23 10:03:01 +0000  7460 bytes for ./ThemeAccTVcell.nib
2025-01-23 10:03:01 +0000  copying file ./TextBoxTVcell.nib ... 
2025-01-23 10:03:01 +0000  5157 bytes for ./TextBoxTVcell.nib
2025-01-23 10:03:01 +0000  copying file ./EmptyFavouritesCVcell.nib ... 
2025-01-23 10:03:01 +0000  4830 bytes for ./EmptyFavouritesCVcell.nib
2025-01-23 10:03:01 +0000  copying file ./AboutUsHeaderView.nib ... 
2025-01-23 10:03:01 +0000  3745 bytes for ./AboutUsHeaderView.nib
2025-01-23 10:03:01 +0000  copying file ./MediaLibraryDetailaViewController.nib ... 
2025-01-23 10:03:01 +0000  12227 bytes for ./MediaLibraryDetailaViewController.nib
2025-01-23 10:03:01 +0000  copying file ./AppsGlobalSearchTableViewCell.nib ... 
2025-01-23 10:03:01 +0000  3258 bytes for ./AppsGlobalSearchTableViewCell.nib
2025-01-23 10:03:01 +0000  copying file ./Radio2ItemsOnlyTVcell.nib ... 
2025-01-23 10:03:01 +0000  5886 bytes for ./Radio2ItemsOnlyTVcell.nib
2025-01-23 10:03:01 +0000  copying file ./CerqelRadioButtonSortCell.nib ... 
2025-01-23 10:03:01 +0000  6048 bytes for ./CerqelRadioButtonSortCell.nib
2025-01-23 10:03:01 +0000  copying file ./MediaItemTVcell.nib ... 
2025-01-23 10:03:01 +0000  6161 bytes for ./MediaItemTVcell.nib
2025-01-23 10:03:01 +0000  copying file ./CompanyStrategyTableviewCell.nib ... 
2025-01-23 10:03:01 +0000  6004 bytes for ./CompanyStrategyTableviewCell.nib
2025-01-23 10:03:01 +0000  copying file ./NotificationControlTVcell.nib ... 
2025-01-23 10:03:01 +0000  5653 bytes for ./NotificationControlTVcell.nib
2025-01-23 10:03:01 +0000  copying file ./details.json ... 
2025-01-23 10:03:01 +0000  914027 bytes for ./details.json
2025-01-23 10:03:01 +0000  copying file ./AttachmentNoteView.nib ... 
2025-01-23 10:03:01 +0000  15439 bytes for ./AttachmentNoteView.nib
2025-01-23 10:03:01 +0000  copying file ./ExpandedSectionHeader.nib ... 
2025-01-23 10:03:01 +0000  7142 bytes for ./ExpandedSectionHeader.nib
2025-01-23 10:03:01 +0000  copying file ./FaceRateTableViewCell.nib ... 
2025-01-23 10:03:01 +0000  6919 bytes for ./FaceRateTableViewCell.nib
2025-01-23 10:03:01 +0000  copying file ./ChatFooterView.nib ... 
2025-01-23 10:03:01 +0000  7182 bytes for ./ChatFooterView.nib
2025-01-23 10:03:01 +0000  copying file ./HeaderAccTVcell.nib ... 
2025-01-23 10:03:01 +0000  5125 bytes for ./HeaderAccTVcell.nib
2025-01-23 10:03:01 +0000  copying file ./DocumentHeaderView.nib ... 
2025-01-23 10:03:01 +0000  7234 bytes for ./DocumentHeaderView.nib
2025-01-23 10:03:01 +0000  copying file ./ChangeLanguageTVcell.nib ... 
2025-01-23 10:03:01 +0000  8382 bytes for ./ChangeLanguageTVcell.nib
2025-01-23 10:03:01 +0000  copying file ./CerqelReusableHeader.nib ... 
2025-01-23 10:03:01 +0000  11529 bytes for ./CerqelReusableHeader.nib
2025-01-23 10:03:01 +0000  copying file ./DocCenterBaseView.nib ... 
2025-01-23 10:03:01 +0000  4443 bytes for ./DocCenterBaseView.nib
2025-01-23 10:03:01 +0000  copying file ./AnnouncementListTVcellCerqel.nib ... 
2025-01-23 10:03:01 +0000  19025 bytes for ./AnnouncementListTVcellCerqel.nib
2025-01-23 10:03:01 +0000  copying file ./AppCenterDistributeResources.bundle/de.lproj/AppCenterDistribute.strings ... 
2025-01-23 10:03:01 +0000  994 bytes for ./AppCenterDistributeResources.bundle/de.lproj/AppCenterDistribute.strings
2025-01-23 10:03:01 +0000  copying file ./AppCenterDistributeResources.bundle/zh-Hans.lproj/AppCenterDistribute.strings ... 
2025-01-23 10:03:01 +0000  697 bytes for ./AppCenterDistributeResources.bundle/zh-Hans.lproj/AppCenterDistribute.strings
2025-01-23 10:03:01 +0000  copying file ./AppCenterDistributeResources.bundle/ja.lproj/AppCenterDistribute.strings ... 
2025-01-23 10:03:01 +0000  871 bytes for ./AppCenterDistributeResources.bundle/ja.lproj/AppCenterDistribute.strings
2025-01-23 10:03:01 +0000  copying file ./AppCenterDistributeResources.bundle/en.lproj/AppCenterDistribute.strings ... 
2025-01-23 10:03:01 +0000  798 bytes for ./AppCenterDistributeResources.bundle/en.lproj/AppCenterDistribute.strings
2025-01-23 10:03:01 +0000  copying file ./AppCenterDistributeResources.bundle/es.lproj/AppCenterDistribute.strings ... 
2025-01-23 10:03:01 +0000  1322 bytes for ./AppCenterDistributeResources.bundle/es.lproj/AppCenterDistribute.strings
2025-01-23 10:03:01 +0000  copying file ./AppCenterDistributeResources.bundle/it.lproj/AppCenterDistribute.strings ... 
2025-01-23 10:03:01 +0000  1078 bytes for ./AppCenterDistributeResources.bundle/it.lproj/AppCenterDistribute.strings
2025-01-23 10:03:01 +0000  copying file ./AppCenterDistributeResources.bundle/cs.lproj/AppCenterDistribute.strings ... 
2025-01-23 10:03:01 +0000  1175 bytes for ./AppCenterDistributeResources.bundle/cs.lproj/AppCenterDistribute.strings
2025-01-23 10:03:01 +0000  copying file ./AppCenterDistributeResources.bundle/ko.lproj/AppCenterDistribute.strings ... 
2025-01-23 10:03:01 +0000  831 bytes for ./AppCenterDistributeResources.bundle/ko.lproj/AppCenterDistribute.strings
2025-01-23 10:03:01 +0000  copying file ./AppCenterDistributeResources.bundle/zh-Hant.lproj/AppCenterDistribute.strings ... 
2025-01-23 10:03:01 +0000  743 bytes for ./AppCenterDistributeResources.bundle/zh-Hant.lproj/AppCenterDistribute.strings
2025-01-23 10:03:01 +0000  copying file ./AppCenterDistributeResources.bundle/tr.lproj/AppCenterDistribute.strings ... 
2025-01-23 10:03:01 +0000  1262 bytes for ./AppCenterDistributeResources.bundle/tr.lproj/AppCenterDistribute.strings
2025-01-23 10:03:01 +0000  copying file ./AppCenterDistributeResources.bundle/pl.lproj/AppCenterDistribute.strings ... 
2025-01-23 10:03:01 +0000  1308 bytes for ./AppCenterDistributeResources.bundle/pl.lproj/AppCenterDistribute.strings
2025-01-23 10:03:01 +0000  copying file ./AppCenterDistributeResources.bundle/ru.lproj/AppCenterDistribute.strings ... 
2025-01-23 10:03:01 +0000  1263 bytes for ./AppCenterDistributeResources.bundle/ru.lproj/AppCenterDistribute.strings
2025-01-23 10:03:01 +0000  copying file ./AppCenterDistributeResources.bundle/fr.lproj/AppCenterDistribute.strings ... 
2025-01-23 10:03:01 +0000  1294 bytes for ./AppCenterDistributeResources.bundle/fr.lproj/AppCenterDistribute.strings
2025-01-23 10:03:01 +0000  copying file ./AppCenterDistributeResources.bundle/pt.lproj/AppCenterDistribute.strings ... 
2025-01-23 10:03:01 +0000  969 bytes for ./AppCenterDistributeResources.bundle/pt.lproj/AppCenterDistribute.strings
2025-01-23 10:03:01 +0000  copying file ./AppCenterDistributeResources.bundle/Info.plist ... 
2025-01-23 10:03:01 +0000  804 bytes for ./AppCenterDistributeResources.bundle/Info.plist
2025-01-23 10:03:01 +0000  copying file ./SocialMediaTVCell.nib ... 
2025-01-23 10:03:01 +0000  10558 bytes for ./SocialMediaTVCell.nib
2025-01-23 10:03:01 +0000  copying file ./DetailsTabsTVcell.nib ... 
2025-01-23 10:03:01 +0000  5378 bytes for ./DetailsTabsTVcell.nib
2025-01-23 10:03:01 +0000  copying file ./NewDropDownTVCell.nib ... 
2025-01-23 10:03:01 +0000  12111 bytes for ./NewDropDownTVCell.nib
2025-01-23 10:03:01 +0000  copying file ./DateTimeRangePickerTVcell.nib ... 
2025-01-23 10:03:01 +0000  13476 bytes for ./DateTimeRangePickerTVcell.nib
2025-01-23 10:03:01 +0000  copying file ./DocumentSubCategoryCell.nib ... 
2025-01-23 10:03:01 +0000  4049 bytes for ./DocumentSubCategoryCell.nib
2025-01-23 10:03:01 +0000  copying file ./SharedReusableHeader.nib ... 
2025-01-23 10:03:01 +0000  10473 bytes for ./SharedReusableHeader.nib
2025-01-23 10:03:01 +0000  copying file ./DatePickerPopup.nib ... 
2025-01-23 10:03:01 +0000  6346 bytes for ./DatePickerPopup.nib
2025-01-23 10:03:01 +0000  copying file ./MyAppsListVC.nib ... 
2025-01-23 10:03:01 +0000  8038 bytes for ./MyAppsListVC.nib
2025-01-23 10:03:01 +0000  copying file ./QuoteVC.nib ... 
2025-01-23 10:03:01 +0000  10598 bytes for ./QuoteVC.nib
2025-01-23 10:03:01 +0000  copying file ./NewProfileBasicInfoTVCell.nib ... 
2025-01-23 10:03:01 +0000  8126 bytes for ./NewProfileBasicInfoTVCell.nib
2025-01-23 10:03:01 +0000  copying file ./HomeEventsCVcell.nib ... 
2025-01-23 10:03:01 +0000  12504 bytes for ./HomeEventsCVcell.nib
2025-01-23 10:03:01 +0000  copying file ./ChatFooterAttachmentCVcell.nib ... 
2025-01-23 10:03:01 +0000  5161 bytes for ./ChatFooterAttachmentCVcell.nib
2025-01-23 10:03:01 +0000  copying file ./PersonalInfoTableViewCell.nib ... 
2025-01-23 10:03:01 +0000  11673 bytes for ./PersonalInfoTableViewCell.nib
2025-01-23 10:03:01 +0000  copying file ./TasksGSView.nib ... 
2025-01-23 10:03:01 +0000  3444 bytes for ./TasksGSView.nib
2025-01-23 10:03:01 +0000  copying file ./EventsListViewCerqel.nib ... 
2025-01-23 10:03:01 +0000  10065 bytes for ./EventsListViewCerqel.nib
2025-01-23 10:03:01 +0000  copying file ./RequestsTVCell.nib ... 
2025-01-23 10:03:01 +0000  5168 bytes for ./RequestsTVCell.nib
2025-01-23 10:03:01 +0000  copying file ./CustomizeWidgetsViewController.nib ... 
2025-01-23 10:03:01 +0000  2478 bytes for ./CustomizeWidgetsViewController.nib
2025-01-23 10:03:01 +0000  copying file ./dbRequestsCoverTVcell.nib ... 
2025-01-23 10:03:01 +0000  7689 bytes for ./dbRequestsCoverTVcell.nib
2025-01-23 10:03:01 +0000  copying file ./dbEventCVcell.nib ... 
2025-01-23 10:03:01 +0000  8727 bytes for ./dbEventCVcell.nib
2025-01-23 10:03:01 +0000  copying file ./SectionTableViewCell.nib ... 
2025-01-23 10:03:01 +0000  5298 bytes for ./SectionTableViewCell.nib
2025-01-23 10:03:01 +0000  copying file ./OffersCVcell.nib ... 
2025-01-23 10:03:01 +0000  13918 bytes for ./OffersCVcell.nib
2025-01-23 10:03:01 +0000  copying file ./PreviousActionV2TVC.nib ... 
2025-01-23 10:03:01 +0000  11952 bytes for ./PreviousActionV2TVC.nib
2025-01-23 10:03:01 +0000  copying file ./KnowledgeBaseViewController.nib ... 
2025-01-23 10:03:01 +0000  3513 bytes for ./KnowledgeBaseViewController.nib
2025-01-23 10:03:01 +0000  copying file ./NotificationDetailsVC.nib ... 
2025-01-23 10:03:01 +0000  6827 bytes for ./NotificationDetailsVC.nib
2025-01-23 10:03:01 +0000  copying file ./Poppins-Regular.ttf ... 
2025-01-23 10:03:01 +0000  158240 bytes for ./Poppins-Regular.ttf
2025-01-23 10:03:01 +0000  copying file ./BaseListWithSearchVC.nib ... 
2025-01-23 10:03:01 +0000  13482 bytes for ./BaseListWithSearchVC.nib
2025-01-23 10:03:01 +0000  copying file ./DateRangeHeaderV.nib ... 
2025-01-23 10:03:01 +0000  6191 bytes for ./DateRangeHeaderV.nib
2025-01-23 10:03:01 +0000  copying file ./KnowledgeBaseGlobalSearchTableViewCell.nib ... 
2025-01-23 10:03:01 +0000  3285 bytes for ./KnowledgeBaseGlobalSearchTableViewCell.nib
2025-01-23 10:03:01 +0000  copying file ./ServicesSearchResultsView.nib ... 
2025-01-23 10:03:01 +0000  17326 bytes for ./ServicesSearchResultsView.nib
2025-01-23 10:03:01 +0000  copying file ./LabelControleTVcell.nib ... 
2025-01-23 10:03:01 +0000  3130 bytes for ./LabelControleTVcell.nib
2025-01-23 10:03:01 +0000  copying file ./NewProfileHeaderTVCell.nib ... 
2025-01-23 10:03:01 +0000  13946 bytes for ./NewProfileHeaderTVCell.nib
2025-01-23 10:03:01 +0000  copying file ./SearchControlTVcell.nib ... 
2025-01-23 10:03:01 +0000  8132 bytes for ./SearchControlTVcell.nib
2025-01-23 10:03:01 +0000  copying file ./NewLinkControlTVcell.nib ... 
2025-01-23 10:03:01 +0000  7857 bytes for ./NewLinkControlTVcell.nib
2025-01-23 10:03:01 +0000  copying file ./SearchFilterResultView.nib ... 
2025-01-23 10:03:01 +0000  14065 bytes for ./SearchFilterResultView.nib
2025-01-23 10:03:01 +0000  copying file ./BaseSortVC.nib ... 
2025-01-23 10:03:01 +0000  9103 bytes for ./BaseSortVC.nib
2025-01-23 10:03:01 +0000  copying file ./NewSearchVC.nib ... 
2025-01-23 10:03:01 +0000  10414 bytes for ./NewSearchVC.nib
2025-01-23 10:03:01 +0000  copying file ./ReportFooterTVCell.nib ... 
2025-01-23 10:03:01 +0000  4193 bytes for ./ReportFooterTVCell.nib
2025-01-23 10:03:01 +0000  copying file ./EmployeeInfoControlTVcell.nib ... 
2025-01-23 10:03:01 +0000  7403 bytes for ./EmployeeInfoControlTVcell.nib
2025-01-23 10:03:01 +0000  copying file ./TanentTableViewCell.nib ... 
2025-01-23 10:03:01 +0000  5782 bytes for ./TanentTableViewCell.nib
2025-01-23 10:03:01 +0000  copying file ./EmptyTVcell.nib ... 
2025-01-23 10:03:01 +0000  2352 bytes for ./EmptyTVcell.nib
2025-01-23 10:03:01 +0000  copying file ./WithdrawDDOptionTVcell.nib ... 
2025-01-23 10:03:01 +0000  3070 bytes for ./WithdrawDDOptionTVcell.nib
2025-01-23 10:03:01 +0000  copying file ./FormMediaItemView.nib ... 
2025-01-23 10:03:01 +0000  8115 bytes for ./FormMediaItemView.nib
2025-01-23 10:03:01 +0000  copying file ./OffersQRCodeVCCerqel.nib ... 
2025-01-23 10:03:01 +0000  9050 bytes for ./OffersQRCodeVCCerqel.nib
2025-01-23 10:03:01 +0000  copying file ./PersonalInfoVC.nib ... 
2025-01-23 10:03:01 +0000  4967 bytes for ./PersonalInfoVC.nib
2025-01-23 10:03:01 +0000  copying file ./NewTextBoxTVCell.nib ... 
2025-01-23 10:03:01 +0000  8783 bytes for ./NewTextBoxTVCell.nib
2025-01-23 10:03:01 +0000  copying file ./ActionControlAttachmentsTVcell.nib ... 
2025-01-23 10:03:01 +0000  4839 bytes for ./ActionControlAttachmentsTVcell.nib
2025-01-23 10:03:01 +0000  copying file ./ReqInfoTVC.nib ... 
2025-01-23 10:03:01 +0000  14630 bytes for ./ReqInfoTVC.nib
2025-01-23 10:03:01 +0000  copying file ./EmptyStateCVcell.nib ... 
2025-01-23 10:03:01 +0000  4891 bytes for ./EmptyStateCVcell.nib
2025-01-23 10:03:01 +0000  copying file ./DateTableViewCell.nib ... 
2025-01-23 10:03:01 +0000  8171 bytes for ./DateTableViewCell.nib
2025-01-23 10:03:01 +0000  copying file ./dbOffersCVcell.nib ... 
2025-01-23 10:03:01 +0000  7094 bytes for ./dbOffersCVcell.nib
2025-01-23 10:03:01 +0000  copying file ./MoreTVCell.nib ... 
2025-01-23 10:03:01 +0000  5599 bytes for ./MoreTVCell.nib
2025-01-23 10:03:01 +0000  copying file ./dbNewsTVcell.nib ... 
2025-01-23 10:03:01 +0000  6439 bytes for ./dbNewsTVcell.nib
2025-01-23 10:03:01 +0000  copying file ./NewTableControlTVCell.nib ... 
2025-01-23 10:03:01 +0000  11056 bytes for ./NewTableControlTVCell.nib
2025-01-23 10:03:01 +0000  copying file ./MedicalInsuranceListVC.nib ... 
2025-01-23 10:03:01 +0000  4527 bytes for ./MedicalInsuranceListVC.nib
2025-01-23 10:03:01 +0000  copying file ./ExpandedTableHeader.nib ... 
2025-01-23 10:03:01 +0000  6153 bytes for ./ExpandedTableHeader.nib
2025-01-23 10:03:01 +0000  copying file ./OrganizationEmployeeTableViewCell.nib ... 
2025-01-23 10:03:01 +0000  6630 bytes for ./OrganizationEmployeeTableViewCell.nib
2025-01-23 10:03:01 +0000  copying file ./RichTextAreaTableViewCell.nib ... 
2025-01-23 10:03:01 +0000  5013 bytes for ./RichTextAreaTableViewCell.nib
2025-01-23 10:03:01 +0000  copying file ./DropDownItemTableViewCell.nib ... 
2025-01-23 10:03:01 +0000  3892 bytes for ./DropDownItemTableViewCell.nib
2025-01-23 10:03:01 +0000  copying file ./DropDownTVcell.nib ... 
2025-01-23 10:03:01 +0000  7139 bytes for ./DropDownTVcell.nib
2025-01-23 10:03:01 +0000  copying file ./CustomCalender.nib ... 
2025-01-23 10:03:01 +0000  9830 bytes for ./CustomCalender.nib
2025-01-23 10:03:01 +0000  copying file ./CustomMonthYearCalendarVC.nib ... 
2025-01-23 10:03:01 +0000  12093 bytes for ./CustomMonthYearCalendarVC.nib
2025-01-23 10:03:01 +0000  copying file ./TitleWithCalenderIconHeader.nib ... 
2025-01-23 10:03:01 +0000  5850 bytes for ./TitleWithCalenderIconHeader.nib
2025-01-23 10:03:01 +0000  copying file ./SearchView.nib ... 
2025-01-23 10:03:01 +0000  9674 bytes for ./SearchView.nib
2025-01-23 10:03:01 +0000  copying file ./OtherOptionView.nib ... 
2025-01-23 10:03:01 +0000  3137 bytes for ./OtherOptionView.nib
2025-01-23 10:03:01 +0000  copying file ./FAQsAnswerTableViewCell.nib ... 
2025-01-23 10:03:01 +0000  4541 bytes for ./FAQsAnswerTableViewCell.nib
2025-01-23 10:03:01 +0000  copying file ./EventCMSDetailsVCCerqel.nib ... 
2025-01-23 10:03:01 +0000  14316 bytes for ./EventCMSDetailsVCCerqel.nib
2025-01-23 10:03:01 +0000  copying file ./reqTaskCommentTVcell.nib ... 
2025-01-23 10:03:01 +0000  7073 bytes for ./reqTaskCommentTVcell.nib
2025-01-23 10:03:01 +0000  copying file ./StatisticsTVCell.nib ... 
2025-01-23 10:03:01 +0000  20621 bytes for ./StatisticsTVCell.nib
2025-01-23 10:03:01 +0000  copying file ./OffersDetailsViewCerqel.nib ... 
2025-01-23 10:03:01 +0000  17312 bytes for ./OffersDetailsViewCerqel.nib
2025-01-23 10:03:01 +0000  copying file ./FillFreeSpaceTVcell.nib ... 
2025-01-23 10:03:01 +0000  2311 bytes for ./FillFreeSpaceTVcell.nib
2025-01-23 10:03:01 +0000  copying file ./CheckBoxControlTVcell.nib ... 
2025-01-23 10:03:01 +0000  7451 bytes for ./CheckBoxControlTVcell.nib
2025-01-23 10:03:01 +0000  copying file ./LocationNameView.nib ... 
2025-01-23 10:03:01 +0000  3930 bytes for ./LocationNameView.nib
2025-01-23 10:03:01 +0000  copying file ./Poppins-Bold.ttf ... 
2025-01-23 10:03:01 +0000  153944 bytes for ./Poppins-Bold.ttf
2025-01-23 10:03:01 +0000  copying file ./originalForm.json ... 
2025-01-23 10:03:01 +0000  107679 bytes for ./originalForm.json
2025-01-23 10:03:01 +0000  copying file ./Frameworks/grpcpp.framework/_CodeSignature/CodeResources ... 
2025-01-23 10:03:01 +0000  2818 bytes for ./Frameworks/grpcpp.framework/_CodeSignature/CodeResources
2025-01-23 10:03:01 +0000  copying file ./Frameworks/grpcpp.framework/grpcpp ... 
2025-01-23 10:03:01 +0000  869552 bytes for ./Frameworks/grpcpp.framework/grpcpp
2025-01-23 10:03:01 +0000  copying file ./Frameworks/grpcpp.framework/gRPCCertificates-Cpp.bundle/roots.pem ... 
2025-01-23 10:03:01 +0000  264440 bytes for ./Frameworks/grpcpp.framework/gRPCCertificates-Cpp.bundle/roots.pem
2025-01-23 10:03:01 +0000  copying file ./Frameworks/grpcpp.framework/gRPCCertificates-Cpp.bundle/Info.plist ... 
2025-01-23 10:03:01 +0000  789 bytes for ./Frameworks/grpcpp.framework/gRPCCertificates-Cpp.bundle/Info.plist
2025-01-23 10:03:01 +0000  copying file ./Frameworks/grpcpp.framework/grpcpp.bundle/PrivacyInfo.xcprivacy ... 
2025-01-23 10:03:01 +0000  817 bytes for ./Frameworks/grpcpp.framework/grpcpp.bundle/PrivacyInfo.xcprivacy
2025-01-23 10:03:01 +0000  copying file ./Frameworks/grpcpp.framework/grpcpp.bundle/Info.plist ... 
2025-01-23 10:03:01 +0000  759 bytes for ./Frameworks/grpcpp.framework/grpcpp.bundle/Info.plist
2025-01-23 10:03:01 +0000  copying file ./Frameworks/grpcpp.framework/Info.plist ... 
2025-01-23 10:03:01 +0000  784 bytes for ./Frameworks/grpcpp.framework/Info.plist
2025-01-23 10:03:01 +0000  copying file ./Frameworks/PopupDialog.framework/_CodeSignature/CodeResources ... 
2025-01-23 10:03:01 +0000  1798 bytes for ./Frameworks/PopupDialog.framework/_CodeSignature/CodeResources
2025-01-23 10:03:01 +0000  copying file ./Frameworks/PopupDialog.framework/PopupDialog ... 
2025-01-23 10:03:01 +0000  380144 bytes for ./Frameworks/PopupDialog.framework/PopupDialog
2025-01-23 10:03:01 +0000  copying file ./Frameworks/PopupDialog.framework/Info.plist ... 
2025-01-23 10:03:01 +0000  793 bytes for ./Frameworks/PopupDialog.framework/Info.plist
2025-01-23 10:03:01 +0000  copying file ./Frameworks/TransitionButton.framework/_CodeSignature/CodeResources ... 
2025-01-23 10:03:01 +0000  1798 bytes for ./Frameworks/TransitionButton.framework/_CodeSignature/CodeResources
2025-01-23 10:03:01 +0000  copying file ./Frameworks/TransitionButton.framework/TransitionButton ... 
2025-01-23 10:03:01 +0000  183696 bytes for ./Frameworks/TransitionButton.framework/TransitionButton
2025-01-23 10:03:01 +0000  copying file ./Frameworks/TransitionButton.framework/Info.plist ... 
2025-01-23 10:03:01 +0000  805 bytes for ./Frameworks/TransitionButton.framework/Info.plist
2025-01-23 10:03:01 +0000  copying file ./Frameworks/SwiftyJSON.framework/_CodeSignature/CodeResources ... 
2025-01-23 10:03:01 +0000  1798 bytes for ./Frameworks/SwiftyJSON.framework/_CodeSignature/CodeResources
2025-01-23 10:03:01 +0000  copying file ./Frameworks/SwiftyJSON.framework/SwiftyJSON ... 
2025-01-23 10:03:01 +0000  340176 bytes for ./Frameworks/SwiftyJSON.framework/SwiftyJSON
2025-01-23 10:03:01 +0000  copying file ./Frameworks/SwiftyJSON.framework/Info.plist ... 
2025-01-23 10:03:01 +0000  791 bytes for ./Frameworks/SwiftyJSON.framework/Info.plist
2025-01-23 10:03:01 +0000  copying file ./Frameworks/SVGKit.framework/_CodeSignature/CodeResources ... 
2025-01-23 10:03:01 +0000  1798 bytes for ./Frameworks/SVGKit.framework/_CodeSignature/CodeResources
2025-01-23 10:03:01 +0000  copying file ./Frameworks/SVGKit.framework/SVGKit ... 
2025-01-23 10:03:01 +0000  677312 bytes for ./Frameworks/SVGKit.framework/SVGKit
2025-01-23 10:03:01 +0000  copying file ./Frameworks/SVGKit.framework/Info.plist ... 
2025-01-23 10:03:01 +0000  783 bytes for ./Frameworks/SVGKit.framework/Info.plist
2025-01-23 10:03:01 +0000  copying file ./Frameworks/RxAlamofire.framework/_CodeSignature/CodeResources ... 
2025-01-23 10:03:01 +0000  1798 bytes for ./Frameworks/RxAlamofire.framework/_CodeSignature/CodeResources
2025-01-23 10:03:01 +0000  copying file ./Frameworks/RxAlamofire.framework/RxAlamofire ... 
2025-01-23 10:03:01 +0000  262864 bytes for ./Frameworks/RxAlamofire.framework/RxAlamofire
2025-01-23 10:03:01 +0000  copying file ./Frameworks/RxAlamofire.framework/Info.plist ... 
2025-01-23 10:03:01 +0000  793 bytes for ./Frameworks/RxAlamofire.framework/Info.plist
2025-01-23 10:03:01 +0000  copying file ./Frameworks/InitialsImageView.framework/_CodeSignature/CodeResources ... 
2025-01-23 10:03:01 +0000  1798 bytes for ./Frameworks/InitialsImageView.framework/_CodeSignature/CodeResources
2025-01-23 10:03:01 +0000  copying file ./Frameworks/InitialsImageView.framework/InitialsImageView ... 
2025-01-23 10:03:01 +0000  138416 bytes for ./Frameworks/InitialsImageView.framework/InitialsImageView
2025-01-23 10:03:01 +0000  copying file ./Frameworks/InitialsImageView.framework/Info.plist ... 
2025-01-23 10:03:01 +0000  807 bytes for ./Frameworks/InitialsImageView.framework/Info.plist
2025-01-23 10:03:01 +0000  copying file ./Frameworks/RichEditorView.framework/_CodeSignature/CodeResources ... 
2025-01-23 10:03:01 +0000  10838 bytes for ./Frameworks/RichEditorView.framework/_CodeSignature/CodeResources
2025-01-23 10:03:01 +0000  copying file ./Frameworks/RichEditorView.framework/h2@2x.png ... 
2025-01-23 10:03:01 +0000  3261 bytes for ./Frameworks/RichEditorView.framework/h2@2x.png
2025-01-23 10:03:01 +0000  copying file ./Frameworks/RichEditorView.framework/text_color@2x.png ... 
2025-01-23 10:03:01 +0000  4172 bytes for ./Frameworks/RichEditorView.framework/text_color@2x.png
2025-01-23 10:03:01 +0000  copying file ./Frameworks/RichEditorView.framework/rich_editor_tests.js ... 
2025-01-23 10:03:01 +0000  2539 bytes for ./Frameworks/RichEditorView.framework/rich_editor_tests.js
2025-01-23 10:03:01 +0000  copying file ./Frameworks/RichEditorView.framework/indent@3x.png ... 
2025-01-23 10:03:01 +0000  645 bytes for ./Frameworks/RichEditorView.framework/indent@3x.png
2025-01-23 10:03:01 +0000  copying file ./Frameworks/RichEditorView.framework/unordered_list@3x.png ... 
2025-01-23 10:03:01 +0000  500 bytes for ./Frameworks/RichEditorView.framework/unordered_list@3x.png
2025-01-23 10:03:01 +0000  copying file ./Frameworks/RichEditorView.framework/unordered_list@2x.png ... 
2025-01-23 10:03:01 +0000  336 bytes for ./Frameworks/RichEditorView.framework/unordered_list@2x.png
2025-01-23 10:03:01 +0000  copying file ./Frameworks/RichEditorView.framework/indent@2x.png ... 
2025-01-23 10:03:01 +0000  492 bytes for ./Frameworks/RichEditorView.framework/indent@2x.png
2025-01-23 10:03:01 +0000  copying file ./Frameworks/RichEditorView.framework/assert.js ... 
2025-01-23 10:03:01 +0000  884 bytes for ./Frameworks/RichEditorView.framework/assert.js
2025-01-23 10:03:01 +0000  copying file ./Frameworks/RichEditorView.framework/justify_center@2x.png ... 
2025-01-23 10:03:01 +0000  3111 bytes for ./Frameworks/RichEditorView.framework/justify_center@2x.png
2025-01-23 10:03:01 +0000  copying file ./Frameworks/RichEditorView.framework/ordered_list@2x.png ... 
2025-01-23 10:03:01 +0000  669 bytes for ./Frameworks/RichEditorView.framework/ordered_list@2x.png
2025-01-23 10:03:01 +0000  copying file ./Frameworks/RichEditorView.framework/underline@2x.png ... 
2025-01-23 10:03:01 +0000  825 bytes for ./Frameworks/RichEditorView.framework/underline@2x.png
2025-01-23 10:03:01 +0000  copying file ./Frameworks/RichEditorView.framework/rich_editor.js ... 
2025-01-23 10:03:01 +0000  10798 bytes for ./Frameworks/RichEditorView.framework/rich_editor.js
2025-01-23 10:03:01 +0000  copying file ./Frameworks/RichEditorView.framework/rich_editor_tests.html ... 
2025-01-23 10:03:01 +0000  640 bytes for ./Frameworks/RichEditorView.framework/rich_editor_tests.html
2025-01-23 10:03:01 +0000  copying file ./Frameworks/RichEditorView.framework/h4@2x.png ... 
2025-01-23 10:03:01 +0000  3138 bytes for ./Frameworks/RichEditorView.framework/h4@2x.png
2025-01-23 10:03:01 +0000  copying file ./Frameworks/RichEditorView.framework/rich_editor.html ... 
2025-01-23 10:03:01 +0000  689 bytes for ./Frameworks/RichEditorView.framework/rich_editor.html
2025-01-23 10:03:01 +0000  copying file ./Frameworks/RichEditorView.framework/h6@2x.png ... 
2025-01-23 10:03:01 +0000  3351 bytes for ./Frameworks/RichEditorView.framework/h6@2x.png
2025-01-23 10:03:01 +0000  copying file ./Frameworks/RichEditorView.framework/justify_right@2x.png ... 
2025-01-23 10:03:01 +0000  3012 bytes for ./Frameworks/RichEditorView.framework/justify_right@2x.png
2025-01-23 10:03:01 +0000  copying file ./Frameworks/RichEditorView.framework/underline@3x.png ... 
2025-01-23 10:03:01 +0000  1164 bytes for ./Frameworks/RichEditorView.framework/underline@3x.png
2025-01-23 10:03:01 +0000  copying file ./Frameworks/RichEditorView.framework/ordered_list@3x.png ... 
2025-01-23 10:03:01 +0000  1028 bytes for ./Frameworks/RichEditorView.framework/ordered_list@3x.png
2025-01-23 10:03:01 +0000  copying file ./Frameworks/RichEditorView.framework/outdent@2x.png ... 
2025-01-23 10:03:01 +0000  511 bytes for ./Frameworks/RichEditorView.framework/outdent@2x.png
2025-01-23 10:03:01 +0000  copying file ./Frameworks/RichEditorView.framework/superscript@2x.png ... 
2025-01-23 10:03:01 +0000  3927 bytes for ./Frameworks/RichEditorView.framework/superscript@2x.png
2025-01-23 10:03:01 +0000  copying file ./Frameworks/RichEditorView.framework/strikethrough@2x.png ... 
2025-01-23 10:03:01 +0000  3445 bytes for ./Frameworks/RichEditorView.framework/strikethrough@2x.png
2025-01-23 10:03:01 +0000  copying file ./Frameworks/RichEditorView.framework/undo@3x.png ... 
2025-01-23 10:03:01 +0000  1838 bytes for ./Frameworks/RichEditorView.framework/undo@3x.png
2025-01-23 10:03:01 +0000  copying file ./Frameworks/RichEditorView.framework/h3@2x.png ... 
2025-01-23 10:03:01 +0000  3295 bytes for ./Frameworks/RichEditorView.framework/h3@2x.png
2025-01-23 10:03:01 +0000  copying file ./Frameworks/RichEditorView.framework/undo@2x.png ... 
2025-01-23 10:03:01 +0000  1210 bytes for ./Frameworks/RichEditorView.framework/undo@2x.png
2025-01-23 10:03:01 +0000  copying file ./Frameworks/RichEditorView.framework/RichEditorView ... 
2025-01-23 10:03:01 +0000  305968 bytes for ./Frameworks/RichEditorView.framework/RichEditorView
2025-01-23 10:03:01 +0000  copying file ./Frameworks/RichEditorView.framework/h1@2x.png ... 
2025-01-23 10:03:01 +0000  3024 bytes for ./Frameworks/RichEditorView.framework/h1@2x.png
2025-01-23 10:03:01 +0000  copying file ./Frameworks/RichEditorView.framework/style.css ... 
2025-01-23 10:03:01 +0000  1282 bytes for ./Frameworks/RichEditorView.framework/style.css
2025-01-23 10:03:01 +0000  copying file ./Frameworks/RichEditorView.framework/outdent@3x.png ... 
2025-01-23 10:03:01 +0000  642 bytes for ./Frameworks/RichEditorView.framework/outdent@3x.png
2025-01-23 10:03:01 +0000  copying file ./Frameworks/RichEditorView.framework/insert_link@2x.png ... 
2025-01-23 10:03:01 +0000  4346 bytes for ./Frameworks/RichEditorView.framework/insert_link@2x.png
2025-01-23 10:03:01 +0000  copying file ./Frameworks/RichEditorView.framework/bold@2x.png ... 
2025-01-23 10:03:01 +0000  983 bytes for ./Frameworks/RichEditorView.framework/bold@2x.png
2025-01-23 10:03:01 +0000  copying file ./Frameworks/RichEditorView.framework/italic@2x.png ... 
2025-01-23 10:03:01 +0000  767 bytes for ./Frameworks/RichEditorView.framework/italic@2x.png
2025-01-23 10:03:01 +0000  copying file ./Frameworks/RichEditorView.framework/h5@2x.png ... 
2025-01-23 10:03:01 +0000  3257 bytes for ./Frameworks/RichEditorView.framework/h5@2x.png
2025-01-23 10:03:01 +0000  copying file ./Frameworks/RichEditorView.framework/clear@2x.png ... 
2025-01-23 10:03:01 +0000  3740 bytes for ./Frameworks/RichEditorView.framework/clear@2x.png
2025-01-23 10:03:01 +0000  copying file ./Frameworks/RichEditorView.framework/subscript@2x.png ... 
2025-01-23 10:03:01 +0000  4005 bytes for ./Frameworks/RichEditorView.framework/subscript@2x.png
2025-01-23 10:03:01 +0000  copying file ./Frameworks/RichEditorView.framework/redo@2x.png ... 
2025-01-23 10:03:01 +0000  1210 bytes for ./Frameworks/RichEditorView.framework/redo@2x.png
2025-01-23 10:03:01 +0000  copying file ./Frameworks/RichEditorView.framework/normalize.css ... 
2025-01-23 10:03:01 +0000  6148 bytes for ./Frameworks/RichEditorView.framework/normalize.css
2025-01-23 10:03:01 +0000  copying file ./Frameworks/RichEditorView.framework/redo@3x.png ... 
2025-01-23 10:03:01 +0000  1829 bytes for ./Frameworks/RichEditorView.framework/redo@3x.png
2025-01-23 10:03:01 +0000  copying file ./Frameworks/RichEditorView.framework/insert_image@2x.png ... 
2025-01-23 10:03:01 +0000  4290 bytes for ./Frameworks/RichEditorView.framework/insert_image@2x.png
2025-01-23 10:03:01 +0000  copying file ./Frameworks/RichEditorView.framework/Info.plist ... 
2025-01-23 10:03:01 +0000  799 bytes for ./Frameworks/RichEditorView.framework/Info.plist
2025-01-23 10:03:01 +0000  copying file ./Frameworks/RichEditorView.framework/justify_left@2x.png ... 
2025-01-23 10:03:01 +0000  3018 bytes for ./Frameworks/RichEditorView.framework/justify_left@2x.png
2025-01-23 10:03:01 +0000  copying file ./Frameworks/RichEditorView.framework/italic@3x.png ... 
2025-01-23 10:03:01 +0000  1045 bytes for ./Frameworks/RichEditorView.framework/italic@3x.png
2025-01-23 10:03:01 +0000  copying file ./Frameworks/RichEditorView.framework/bold@3x.png ... 
2025-01-23 10:03:01 +0000  1381 bytes for ./Frameworks/RichEditorView.framework/bold@3x.png
2025-01-23 10:03:01 +0000  copying file ./Frameworks/RichEditorView.framework/bg_color@2x.png ... 
2025-01-23 10:03:01 +0000  3681 bytes for ./Frameworks/RichEditorView.framework/bg_color@2x.png
2025-01-23 10:03:01 +0000  copying file ./Frameworks/Reachability.framework/_CodeSignature/CodeResources ... 
2025-01-23 10:03:01 +0000  1798 bytes for ./Frameworks/Reachability.framework/_CodeSignature/CodeResources
2025-01-23 10:03:01 +0000  copying file ./Frameworks/Reachability.framework/Reachability ... 
2025-01-23 10:03:01 +0000  164736 bytes for ./Frameworks/Reachability.framework/Reachability
2025-01-23 10:03:01 +0000  copying file ./Frameworks/Reachability.framework/Info.plist ... 
2025-01-23 10:03:01 +0000  795 bytes for ./Frameworks/Reachability.framework/Info.plist
2025-01-23 10:03:01 +0000  copying file ./Frameworks/GoogleDataTransport.framework/_CodeSignature/CodeResources ... 
2025-01-23 10:03:01 +0000  2380 bytes for ./Frameworks/GoogleDataTransport.framework/_CodeSignature/CodeResources
2025-01-23 10:03:01 +0000  copying file ./Frameworks/GoogleDataTransport.framework/GoogleDataTransport ... 
2025-01-23 10:03:01 +0000  390816 bytes for ./Frameworks/GoogleDataTransport.framework/GoogleDataTransport
2025-01-23 10:03:01 +0000  copying file ./Frameworks/GoogleDataTransport.framework/GoogleDataTransport_Privacy.bundle/PrivacyInfo.xcprivacy ... 
2025-01-23 10:03:01 +0000  1105 bytes for ./Frameworks/GoogleDataTransport.framework/GoogleDataTransport_Privacy.bundle/PrivacyInfo.xcprivacy
2025-01-23 10:03:01 +0000  copying file ./Frameworks/GoogleDataTransport.framework/GoogleDataTransport_Privacy.bundle/Info.plist ... 
2025-01-23 10:03:01 +0000  802 bytes for ./Frameworks/GoogleDataTransport.framework/GoogleDataTransport_Privacy.bundle/Info.plist
2025-01-23 10:03:01 +0000  copying file ./Frameworks/GoogleDataTransport.framework/Info.plist ... 
2025-01-23 10:03:01 +0000  811 bytes for ./Frameworks/GoogleDataTransport.framework/Info.plist
2025-01-23 10:03:01 +0000  copying file ./Frameworks/Kingfisher.framework/_CodeSignature/CodeResources ... 
2025-01-23 10:03:01 +0000  2312 bytes for ./Frameworks/Kingfisher.framework/_CodeSignature/CodeResources
2025-01-23 10:03:01 +0000  copying file ./Frameworks/Kingfisher.framework/Kingfisher.bundle/PrivacyInfo.xcprivacy ... 
2025-01-23 10:03:01 +0000  707 bytes for ./Frameworks/Kingfisher.framework/Kingfisher.bundle/PrivacyInfo.xcprivacy
2025-01-23 10:03:01 +0000  copying file ./Frameworks/Kingfisher.framework/Kingfisher.bundle/Info.plist ... 
2025-01-23 10:03:01 +0000  767 bytes for ./Frameworks/Kingfisher.framework/Kingfisher.bundle/Info.plist
2025-01-23 10:03:01 +0000  copying file ./Frameworks/Kingfisher.framework/Kingfisher ... 
2025-01-23 10:03:01 +0000  2015728 bytes for ./Frameworks/Kingfisher.framework/Kingfisher
2025-01-23 10:03:01 +0000  copying file ./Frameworks/Kingfisher.framework/Info.plist ... 
2025-01-23 10:03:01 +0000  792 bytes for ./Frameworks/Kingfisher.framework/Info.plist
2025-01-23 10:03:01 +0000  copying file ./Frameworks/ActionSheetPicker_3_0.framework/_CodeSignature/CodeResources ... 
2025-01-23 10:03:01 +0000  1798 bytes for ./Frameworks/ActionSheetPicker_3_0.framework/_CodeSignature/CodeResources
2025-01-23 10:03:01 +0000  copying file ./Frameworks/ActionSheetPicker_3_0.framework/ActionSheetPicker_3_0 ... 
2025-01-23 10:03:01 +0000  260784 bytes for ./Frameworks/ActionSheetPicker_3_0.framework/ActionSheetPicker_3_0
2025-01-23 10:03:01 +0000  copying file ./Frameworks/ActionSheetPicker_3_0.framework/Info.plist ... 
2025-01-23 10:03:01 +0000  815 bytes for ./Frameworks/ActionSheetPicker_3_0.framework/Info.plist
2025-01-23 10:03:01 +0000  copying file ./Frameworks/PhoneNumberKit.framework/_CodeSignature/CodeResources ... 
2025-01-23 10:03:01 +0000  2590 bytes for ./Frameworks/PhoneNumberKit.framework/_CodeSignature/CodeResources
2025-01-23 10:03:01 +0000  copying file ./Frameworks/PhoneNumberKit.framework/PhoneNumberMetadata.json ... 
2025-01-23 10:03:01 +0000  360760 bytes for ./Frameworks/PhoneNumberKit.framework/PhoneNumberMetadata.json
2025-01-23 10:03:01 +0000  copying file ./Frameworks/PhoneNumberKit.framework/PhoneNumberKitPrivacy.bundle/PrivacyInfo.xcprivacy ... 
2025-01-23 10:03:01 +0000  372 bytes for ./Frameworks/PhoneNumberKit.framework/PhoneNumberKitPrivacy.bundle/PrivacyInfo.xcprivacy
2025-01-23 10:03:01 +0000  copying file ./Frameworks/PhoneNumberKit.framework/PhoneNumberKitPrivacy.bundle/Info.plist ... 
2025-01-23 10:03:01 +0000  791 bytes for ./Frameworks/PhoneNumberKit.framework/PhoneNumberKitPrivacy.bundle/Info.plist
2025-01-23 10:03:01 +0000  copying file ./Frameworks/PhoneNumberKit.framework/Info.plist ... 
2025-01-23 10:03:01 +0000  800 bytes for ./Frameworks/PhoneNumberKit.framework/Info.plist
2025-01-23 10:03:01 +0000  copying file ./Frameworks/PhoneNumberKit.framework/PhoneNumberKit ... 
2025-01-23 10:03:01 +0000  832256 bytes for ./Frameworks/PhoneNumberKit.framework/PhoneNumberKit
2025-01-23 10:03:01 +0000  copying file ./Frameworks/KeychainAccess.framework/_CodeSignature/CodeResources ... 
2025-01-23 10:03:01 +0000  1798 bytes for ./Frameworks/KeychainAccess.framework/_CodeSignature/CodeResources
2025-01-23 10:03:01 +0000  copying file ./Frameworks/KeychainAccess.framework/KeychainAccess ... 
2025-01-23 10:03:01 +0000  378416 bytes for ./Frameworks/KeychainAccess.framework/KeychainAccess
2025-01-23 10:03:01 +0000  copying file ./Frameworks/KeychainAccess.framework/Info.plist ... 
2025-01-23 10:03:01 +0000  799 bytes for ./Frameworks/KeychainAccess.framework/Info.plist
2025-01-23 10:03:01 +0000  copying file ./Frameworks/EFQRCode.framework/_CodeSignature/CodeResources ... 
2025-01-23 10:03:01 +0000  1798 bytes for ./Frameworks/EFQRCode.framework/_CodeSignature/CodeResources
2025-01-23 10:03:01 +0000  copying file ./Frameworks/EFQRCode.framework/EFQRCode ... 
2025-01-23 10:03:01 +0000  313872 bytes for ./Frameworks/EFQRCode.framework/EFQRCode
2025-01-23 10:03:01 +0000  copying file ./Frameworks/EFQRCode.framework/Info.plist ... 
2025-01-23 10:03:01 +0000  787 bytes for ./Frameworks/EFQRCode.framework/Info.plist
2025-01-23 10:03:01 +0000  copying file ./Frameworks/FirebaseFirestore.framework/_CodeSignature/CodeResources ... 
2025-01-23 10:03:01 +0000  2372 bytes for ./Frameworks/FirebaseFirestore.framework/_CodeSignature/CodeResources
2025-01-23 10:03:01 +0000  copying file ./Frameworks/FirebaseFirestore.framework/FirebaseFirestore_Privacy.bundle/PrivacyInfo.xcprivacy ... 
2025-01-23 10:03:01 +0000  1105 bytes for ./Frameworks/FirebaseFirestore.framework/FirebaseFirestore_Privacy.bundle/PrivacyInfo.xcprivacy
2025-01-23 10:03:01 +0000  copying file ./Frameworks/FirebaseFirestore.framework/FirebaseFirestore_Privacy.bundle/Info.plist ... 
2025-01-23 10:03:01 +0000  800 bytes for ./Frameworks/FirebaseFirestore.framework/FirebaseFirestore_Privacy.bundle/Info.plist
2025-01-23 10:03:01 +0000  copying file ./Frameworks/FirebaseFirestore.framework/FirebaseFirestore ... 
2025-01-23 10:03:01 +0000  372624 bytes for ./Frameworks/FirebaseFirestore.framework/FirebaseFirestore
2025-01-23 10:03:01 +0000  copying file ./Frameworks/FirebaseFirestore.framework/Info.plist ... 
2025-01-23 10:03:01 +0000  809 bytes for ./Frameworks/FirebaseFirestore.framework/Info.plist
2025-01-23 10:03:01 +0000  copying file ./Frameworks/KeychainSwift.framework/_CodeSignature/CodeResources ... 
2025-01-23 10:03:01 +0000  1798 bytes for ./Frameworks/KeychainSwift.framework/_CodeSignature/CodeResources
2025-01-23 10:03:01 +0000  copying file ./Frameworks/KeychainSwift.framework/Info.plist ... 
2025-01-23 10:03:01 +0000  798 bytes for ./Frameworks/KeychainSwift.framework/Info.plist
2025-01-23 10:03:01 +0000  copying file ./Frameworks/KeychainSwift.framework/KeychainSwift ... 
2025-01-23 10:03:01 +0000  147472 bytes for ./Frameworks/KeychainSwift.framework/KeychainSwift
2025-01-23 10:03:01 +0000  copying file ./Frameworks/RxRelay.framework/_CodeSignature/CodeResources ... 
2025-01-23 10:03:01 +0000  1798 bytes for ./Frameworks/RxRelay.framework/_CodeSignature/CodeResources
2025-01-23 10:03:01 +0000  copying file ./Frameworks/RxRelay.framework/RxRelay ... 
2025-01-23 10:03:01 +0000  114400 bytes for ./Frameworks/RxRelay.framework/RxRelay
2025-01-23 10:03:01 +0000  copying file ./Frameworks/RxRelay.framework/Info.plist ... 
2025-01-23 10:03:01 +0000  785 bytes for ./Frameworks/RxRelay.framework/Info.plist
2025-01-23 10:03:01 +0000  copying file ./Frameworks/FirebaseCrashlytics.framework/_CodeSignature/CodeResources ... 
2025-01-23 10:03:01 +0000  2380 bytes for ./Frameworks/FirebaseCrashlytics.framework/_CodeSignature/CodeResources
2025-01-23 10:03:01 +0000  copying file ./Frameworks/FirebaseCrashlytics.framework/FirebaseCrashlytics ... 
2025-01-23 10:03:01 +0000  850688 bytes for ./Frameworks/FirebaseCrashlytics.framework/FirebaseCrashlytics
2025-01-23 10:03:01 +0000  copying file ./Frameworks/FirebaseCrashlytics.framework/FirebaseCrashlytics_Privacy.bundle/PrivacyInfo.xcprivacy ... 
2025-01-23 10:03:01 +0000  2870 bytes for ./Frameworks/FirebaseCrashlytics.framework/FirebaseCrashlytics_Privacy.bundle/PrivacyInfo.xcprivacy
2025-01-23 10:03:01 +0000  copying file ./Frameworks/FirebaseCrashlytics.framework/FirebaseCrashlytics_Privacy.bundle/Info.plist ... 
2025-01-23 10:03:01 +0000  804 bytes for ./Frameworks/FirebaseCrashlytics.framework/FirebaseCrashlytics_Privacy.bundle/Info.plist
2025-01-23 10:03:01 +0000  copying file ./Frameworks/FirebaseCrashlytics.framework/Info.plist ... 
2025-01-23 10:03:01 +0000  813 bytes for ./Frameworks/FirebaseCrashlytics.framework/Info.plist
2025-01-23 10:03:01 +0000  copying file ./Frameworks/SwiftMessages.framework/_CodeSignature/CodeResources ... 
2025-01-23 10:03:01 +0000  12936 bytes for ./Frameworks/SwiftMessages.framework/_CodeSignature/CodeResources
2025-01-23 10:03:01 +0000  copying file ./Frameworks/SwiftMessages.framework/SwiftMessages ... 
2025-01-23 10:03:01 +0000  684320 bytes for ./Frameworks/SwiftMessages.framework/SwiftMessages
2025-01-23 10:03:01 +0000  copying file ./Frameworks/SwiftMessages.framework/SwiftMessages.bundle/infoIcon@2x.png ... 
2025-01-23 10:03:01 +0000  909 bytes for ./Frameworks/SwiftMessages.framework/SwiftMessages.bundle/infoIcon@2x.png
2025-01-23 10:03:01 +0000  copying file ./Frameworks/SwiftMessages.framework/SwiftMessages.bundle/warningIcon@2x.png ... 
2025-01-23 10:03:01 +0000  908 bytes for ./Frameworks/SwiftMessages.framework/SwiftMessages.bundle/warningIcon@2x.png
2025-01-23 10:03:01 +0000  copying file ./Frameworks/SwiftMessages.framework/SwiftMessages.bundle/infoIconSubtle.png ... 
2025-01-23 10:03:01 +0000  176 bytes for ./Frameworks/SwiftMessages.framework/SwiftMessages.bundle/infoIconSubtle.png
2025-01-23 10:03:01 +0000  copying file ./Frameworks/SwiftMessages.framework/SwiftMessages.bundle/TabView.nib ... 
2025-01-23 10:03:01 +0000  6046 bytes for ./Frameworks/SwiftMessages.framework/SwiftMessages.bundle/TabView.nib
2025-01-23 10:03:01 +0000  copying file ./Frameworks/SwiftMessages.framework/SwiftMessages.bundle/MessageView.nib ... 
2025-01-23 10:03:01 +0000  5353 bytes for ./Frameworks/SwiftMessages.framework/SwiftMessages.bundle/MessageView.nib
2025-01-23 10:03:01 +0000  copying file ./Frameworks/SwiftMessages.framework/SwiftMessages.bundle/errorIconSubtle.png ... 
2025-01-23 10:03:01 +0000  246 bytes for ./Frameworks/SwiftMessages.framework/SwiftMessages.bundle/errorIconSubtle.png
2025-01-23 10:03:01 +0000  copying file ./Frameworks/SwiftMessages.framework/SwiftMessages.bundle/warningIcon@3x.png ... 
2025-01-23 10:03:01 +0000  1333 bytes for ./Frameworks/SwiftMessages.framework/SwiftMessages.bundle/warningIcon@3x.png
2025-01-23 10:03:01 +0000  copying file ./Frameworks/SwiftMessages.framework/SwiftMessages.bundle/infoIcon@3x.png ... 
2025-01-23 10:03:01 +0000  1331 bytes for ./Frameworks/SwiftMessages.framework/SwiftMessages.bundle/infoIcon@3x.png
2025-01-23 10:03:01 +0000  copying file ./Frameworks/SwiftMessages.framework/SwiftMessages.bundle/infoIconSubtle@2x.png ... 
2025-01-23 10:03:01 +0000  195 bytes for ./Frameworks/SwiftMessages.framework/SwiftMessages.bundle/infoIconSubtle@2x.png
2025-01-23 10:03:01 +0000  copying file ./Frameworks/SwiftMessages.framework/SwiftMessages.bundle/errorIcon@3x.png ... 
2025-01-23 10:03:01 +0000  1655 bytes for ./Frameworks/SwiftMessages.framework/SwiftMessages.bundle/errorIcon@3x.png
2025-01-23 10:03:01 +0000  copying file ./Frameworks/SwiftMessages.framework/SwiftMessages.bundle/successIconSubtle.png ... 
2025-01-23 10:03:01 +0000  258 bytes for ./Frameworks/SwiftMessages.framework/SwiftMessages.bundle/successIconSubtle.png
2025-01-23 10:03:01 +0000  copying file ./Frameworks/SwiftMessages.framework/SwiftMessages.bundle/infoIconLight@3x.png ... 
2025-01-23 10:03:01 +0000  2094 bytes for ./Frameworks/SwiftMessages.framework/SwiftMessages.bundle/infoIconLight@3x.png
2025-01-23 10:03:01 +0000  copying file ./Frameworks/SwiftMessages.framework/SwiftMessages.bundle/successIcon@3x.png ... 
2025-01-23 10:03:01 +0000  1584 bytes for ./Frameworks/SwiftMessages.framework/SwiftMessages.bundle/successIcon@3x.png
2025-01-23 10:03:01 +0000  copying file ./Frameworks/SwiftMessages.framework/SwiftMessages.bundle/warningIconLight.png ... 
2025-01-23 10:03:01 +0000  490 bytes for ./Frameworks/SwiftMessages.framework/SwiftMessages.bundle/warningIconLight.png
2025-01-23 10:03:01 +0000  copying file ./Frameworks/SwiftMessages.framework/SwiftMessages.bundle/errorIconSubtle@3x.png ... 
2025-01-23 10:03:01 +0000  408 bytes for ./Frameworks/SwiftMessages.framework/SwiftMessages.bundle/errorIconSubtle@3x.png
2025-01-23 10:03:01 +0000  copying file ./Frameworks/SwiftMessages.framework/SwiftMessages.bundle/errorIconSubtle@2x.png ... 
2025-01-23 10:03:01 +0000  320 bytes for ./Frameworks/SwiftMessages.framework/SwiftMessages.bundle/errorIconSubtle@2x.png
2025-01-23 10:03:01 +0000  copying file ./Frameworks/SwiftMessages.framework/SwiftMessages.bundle/StatusLine.nib ... 
2025-01-23 10:03:01 +0000  3089 bytes for ./Frameworks/SwiftMessages.framework/SwiftMessages.bundle/StatusLine.nib
2025-01-23 10:03:01 +0000  copying file ./Frameworks/SwiftMessages.framework/SwiftMessages.bundle/infoIconLight.png ... 
2025-01-23 10:03:01 +0000  492 bytes for ./Frameworks/SwiftMessages.framework/SwiftMessages.bundle/infoIconLight.png
2025-01-23 10:03:01 +0000  copying file ./Frameworks/SwiftMessages.framework/SwiftMessages.bundle/successIconLight.png ... 
2025-01-23 10:03:01 +0000  754 bytes for ./Frameworks/SwiftMessages.framework/SwiftMessages.bundle/successIconLight.png
2025-01-23 10:03:01 +0000  copying file ./Frameworks/SwiftMessages.framework/SwiftMessages.bundle/successIcon@2x.png ... 
2025-01-23 10:03:01 +0000  1105 bytes for ./Frameworks/SwiftMessages.framework/SwiftMessages.bundle/successIcon@2x.png
2025-01-23 10:03:01 +0000  copying file ./Frameworks/SwiftMessages.framework/SwiftMessages.bundle/infoIconLight@2x.png ... 
2025-01-23 10:03:01 +0000  1396 bytes for ./Frameworks/SwiftMessages.framework/SwiftMessages.bundle/infoIconLight@2x.png
2025-01-23 10:03:01 +0000  copying file ./Frameworks/SwiftMessages.framework/SwiftMessages.bundle/errorIcon.png ... 
2025-01-23 10:03:01 +0000  622 bytes for ./Frameworks/SwiftMessages.framework/SwiftMessages.bundle/errorIcon.png
2025-01-23 10:03:01 +0000  copying file ./Frameworks/SwiftMessages.framework/SwiftMessages.bundle/errorIcon@2x.png ... 
2025-01-23 10:03:01 +0000  1159 bytes for ./Frameworks/SwiftMessages.framework/SwiftMessages.bundle/errorIcon@2x.png
2025-01-23 10:03:01 +0000  copying file ./Frameworks/SwiftMessages.framework/SwiftMessages.bundle/infoIconSubtle@3x.png ... 
2025-01-23 10:03:01 +0000  225 bytes for ./Frameworks/SwiftMessages.framework/SwiftMessages.bundle/infoIconSubtle@3x.png
2025-01-23 10:03:01 +0000  copying file ./Frameworks/SwiftMessages.framework/SwiftMessages.bundle/errorIconLight@3x.png ... 
2025-01-23 10:03:01 +0000  2479 bytes for ./Frameworks/SwiftMessages.framework/SwiftMessages.bundle/errorIconLight@3x.png
2025-01-23 10:03:01 +0000  copying file ./Frameworks/SwiftMessages.framework/SwiftMessages.bundle/successIconSubtle@3x.png ... 
2025-01-23 10:03:01 +0000  399 bytes for ./Frameworks/SwiftMessages.framework/SwiftMessages.bundle/successIconSubtle@3x.png
2025-01-23 10:03:01 +0000  copying file ./Frameworks/SwiftMessages.framework/SwiftMessages.bundle/warningIconLight@3x.png ... 
2025-01-23 10:03:01 +0000  2095 bytes for ./Frameworks/SwiftMessages.framework/SwiftMessages.bundle/warningIconLight@3x.png
2025-01-23 10:03:01 +0000  copying file ./Frameworks/SwiftMessages.framework/SwiftMessages.bundle/warningIconSubtle@2x.png ... 
2025-01-23 10:03:01 +0000  196 bytes for ./Frameworks/SwiftMessages.framework/SwiftMessages.bundle/warningIconSubtle@2x.png
2025-01-23 10:03:01 +0000  copying file ./Frameworks/SwiftMessages.framework/SwiftMessages.bundle/warningIconSubtle@3x.png ... 
2025-01-23 10:03:01 +0000  227 bytes for ./Frameworks/SwiftMessages.framework/SwiftMessages.bundle/warningIconSubtle@3x.png
2025-01-23 10:03:01 +0000  copying file ./Frameworks/SwiftMessages.framework/SwiftMessages.bundle/warningIconLight@2x.png ... 
2025-01-23 10:03:01 +0000  1407 bytes for ./Frameworks/SwiftMessages.framework/SwiftMessages.bundle/warningIconLight@2x.png
2025-01-23 10:03:01 +0000  copying file ./Frameworks/SwiftMessages.framework/SwiftMessages.bundle/successIcon.png ... 
2025-01-23 10:03:01 +0000  580 bytes for ./Frameworks/SwiftMessages.framework/SwiftMessages.bundle/successIcon.png
2025-01-23 10:03:01 +0000  copying file ./Frameworks/SwiftMessages.framework/SwiftMessages.bundle/successIconSubtle@2x.png ... 
2025-01-23 10:03:01 +0000  316 bytes for ./Frameworks/SwiftMessages.framework/SwiftMessages.bundle/successIconSubtle@2x.png
2025-01-23 10:03:01 +0000  copying file ./Frameworks/SwiftMessages.framework/SwiftMessages.bundle/errorIconLight@2x.png ... 
2025-01-23 10:03:01 +0000  1661 bytes for ./Frameworks/SwiftMessages.framework/SwiftMessages.bundle/errorIconLight@2x.png
2025-01-23 10:03:01 +0000  copying file ./Frameworks/SwiftMessages.framework/SwiftMessages.bundle/CenteredView.nib ... 
2025-01-23 10:03:01 +0000  5778 bytes for ./Frameworks/SwiftMessages.framework/SwiftMessages.bundle/CenteredView.nib
copying file ./Frameworks/SwiftMessages.framework/SwiftMessages.bundle/infoIcon.png ... 
2025-01-23 10:03:01 +0000  392 bytes for ./Frameworks/SwiftMessages.framework/SwiftMessages.bundle/infoIcon.png
2025-01-23 10:03:01 +0000  copying file ./Frameworks/SwiftMessages.framework/SwiftMessages.bundle/errorIconLight.png ... 
2025-01-23 10:03:01 +0000  806 bytes for ./Frameworks/SwiftMessages.framework/SwiftMessages.bundle/errorIconLight.png
2025-01-23 10:03:01 +0000  copying file ./Frameworks/SwiftMessages.framework/SwiftMessages.bundle/successIconLight@2x.png ... 
2025-01-23 10:03:01 +0000  1615 bytes for ./Frameworks/SwiftMessages.framework/SwiftMessages.bundle/successIconLight@2x.png
2025-01-23 10:03:01 +0000  copying file ./Frameworks/SwiftMessages.framework/SwiftMessages.bundle/successIconLight@3x.png ... 
2025-01-23 10:03:01 +0000  2371 bytes for ./Frameworks/SwiftMessages.framework/SwiftMessages.bundle/successIconLight@3x.png
2025-01-23 10:03:01 +0000  copying file ./Frameworks/SwiftMessages.framework/SwiftMessages.bundle/warningIconSubtle.png ... 
2025-01-23 10:03:01 +0000  174 bytes for ./Frameworks/SwiftMessages.framework/SwiftMessages.bundle/warningIconSubtle.png
2025-01-23 10:03:01 +0000  copying file ./Frameworks/SwiftMessages.framework/SwiftMessages.bundle/CardView.nib ... 
2025-01-23 10:03:01 +0000  5959 bytes for ./Frameworks/SwiftMessages.framework/SwiftMessages.bundle/CardView.nib
2025-01-23 10:03:01 +0000  copying file ./Frameworks/SwiftMessages.framework/SwiftMessages.bundle/Info.plist ... 
2025-01-23 10:03:01 +0000  772 bytes for ./Frameworks/SwiftMessages.framework/SwiftMessages.bundle/Info.plist
2025-01-23 10:03:01 +0000  copying file ./Frameworks/SwiftMessages.framework/SwiftMessages.bundle/warningIcon.png ... 
2025-01-23 10:03:01 +0000  392 bytes for ./Frameworks/SwiftMessages.framework/SwiftMessages.bundle/warningIcon.png
2025-01-23 10:03:01 +0000  copying file ./Frameworks/SwiftMessages.framework/Info.plist ... 
2025-01-23 10:03:01 +0000  797 bytes for ./Frameworks/SwiftMessages.framework/Info.plist
2025-01-23 10:03:01 +0000  copying file ./Frameworks/FBLPromises.framework/_CodeSignature/CodeResources ... 
2025-01-23 10:03:01 +0000  2348 bytes for ./Frameworks/FBLPromises.framework/_CodeSignature/CodeResources
2025-01-23 10:03:01 +0000  copying file ./Frameworks/FBLPromises.framework/FBLPromises_Privacy.bundle/PrivacyInfo.xcprivacy ... 
2025-01-23 10:03:01 +0000  373 bytes for ./Frameworks/FBLPromises.framework/FBLPromises_Privacy.bundle/PrivacyInfo.xcprivacy
2025-01-23 10:03:01 +0000  copying file ./Frameworks/FBLPromises.framework/FBLPromises_Privacy.bundle/Info.plist ... 
2025-01-23 10:03:01 +0000  786 bytes for ./Frameworks/FBLPromises.framework/FBLPromises_Privacy.bundle/Info.plist
2025-01-23 10:03:01 +0000  copying file ./Frameworks/FBLPromises.framework/FBLPromises ... 
2025-01-23 10:03:01 +0000  188848 bytes for ./Frameworks/FBLPromises.framework/FBLPromises
2025-01-23 10:03:01 +0000  copying file ./Frameworks/FBLPromises.framework/Info.plist ... 
2025-01-23 10:03:01 +0000  793 bytes for ./Frameworks/FBLPromises.framework/Info.plist
2025-01-23 10:03:01 +0000  copying file ./Frameworks/XLPagerTabStrip.framework/_CodeSignature/CodeResources ... 
2025-01-23 10:03:01 +0000  2318 bytes for ./Frameworks/XLPagerTabStrip.framework/_CodeSignature/CodeResources
2025-01-23 10:03:01 +0000  copying file ./Frameworks/XLPagerTabStrip.framework/XLPagerTabStrip.bundle/ButtonCell.nib ... 
2025-01-23 10:03:01 +0000  3359 bytes for ./Frameworks/XLPagerTabStrip.framework/XLPagerTabStrip.bundle/ButtonCell.nib
2025-01-23 10:03:01 +0000  copying file ./Frameworks/XLPagerTabStrip.framework/XLPagerTabStrip.bundle/Info.plist ... 
2025-01-23 10:03:01 +0000  778 bytes for ./Frameworks/XLPagerTabStrip.framework/XLPagerTabStrip.bundle/Info.plist
2025-01-23 10:03:01 +0000  copying file ./Frameworks/XLPagerTabStrip.framework/XLPagerTabStrip ... 
2025-01-23 10:03:01 +0000  565360 bytes for ./Frameworks/XLPagerTabStrip.framework/XLPagerTabStrip
2025-01-23 10:03:01 +0000  copying file ./Frameworks/XLPagerTabStrip.framework/Info.plist ... 
2025-01-23 10:03:01 +0000  803 bytes for ./Frameworks/XLPagerTabStrip.framework/Info.plist
2025-01-23 10:03:01 +0000  copying file ./Frameworks/AKMaskField.framework/_CodeSignature/CodeResources ... 
2025-01-23 10:03:01 +0000  1798 bytes for ./Frameworks/AKMaskField.framework/_CodeSignature/CodeResources
2025-01-23 10:03:01 +0000  copying file ./Frameworks/AKMaskField.framework/AKMaskField ... 
2025-01-23 10:03:01 +0000  223280 bytes for ./Frameworks/AKMaskField.framework/AKMaskField
2025-01-23 10:03:01 +0000  copying file ./Frameworks/AKMaskField.framework/Info.plist ... 
2025-01-23 10:03:01 +0000  793 bytes for ./Frameworks/AKMaskField.framework/Info.plist
2025-01-23 10:03:01 +0000  copying file ./Frameworks/FirebaseCoreInternal.framework/_CodeSignature/CodeResources ... 
2025-01-23 10:03:01 +0000  2384 bytes for ./Frameworks/FirebaseCoreInternal.framework/_CodeSignature/CodeResources
2025-01-23 10:03:01 +0000  copying file ./Frameworks/FirebaseCoreInternal.framework/FirebaseCoreInternal_Privacy.bundle/PrivacyInfo.xcprivacy ... 
2025-01-23 10:03:01 +0000  855 bytes for ./Frameworks/FirebaseCoreInternal.framework/FirebaseCoreInternal_Privacy.bundle/PrivacyInfo.xcprivacy
2025-01-23 10:03:02 +0000  copying file ./Frameworks/FirebaseCoreInternal.framework/FirebaseCoreInternal_Privacy.bundle/Info.plist ... 
2025-01-23 10:03:02 +0000  806 bytes for ./Frameworks/FirebaseCoreInternal.framework/FirebaseCoreInternal_Privacy.bundle/Info.plist
2025-01-23 10:03:02 +0000  copying file ./Frameworks/FirebaseCoreInternal.framework/FirebaseCoreInternal ... 
2025-01-23 10:03:02 +0000  371024 bytes for ./Frameworks/FirebaseCoreInternal.framework/FirebaseCoreInternal
2025-01-23 10:03:02 +0000  copying file ./Frameworks/FirebaseCoreInternal.framework/Info.plist ... 
2025-01-23 10:03:02 +0000  815 bytes for ./Frameworks/FirebaseCoreInternal.framework/Info.plist
2025-01-23 10:03:02 +0000  copying file ./Frameworks/FirebaseSharedSwift.framework/_CodeSignature/CodeResources ... 
2025-01-23 10:03:02 +0000  1798 bytes for ./Frameworks/FirebaseSharedSwift.framework/_CodeSignature/CodeResources
2025-01-23 10:03:02 +0000  copying file ./Frameworks/FirebaseSharedSwift.framework/FirebaseSharedSwift ... 
2025-01-23 10:03:02 +0000  519280 bytes for ./Frameworks/FirebaseSharedSwift.framework/FirebaseSharedSwift
2025-01-23 10:03:02 +0000  copying file ./Frameworks/FirebaseSharedSwift.framework/Info.plist ... 
2025-01-23 10:03:02 +0000  813 bytes for ./Frameworks/FirebaseSharedSwift.framework/Info.plist
2025-01-23 10:03:02 +0000  copying file ./Frameworks/FirebaseCore.framework/_CodeSignature/CodeResources ... 
2025-01-23 10:03:02 +0000  2352 bytes for ./Frameworks/FirebaseCore.framework/_CodeSignature/CodeResources
2025-01-23 10:03:02 +0000  copying file ./Frameworks/FirebaseCore.framework/FirebaseCore_Privacy.bundle/PrivacyInfo.xcprivacy ... 
2025-01-23 10:03:02 +0000  855 bytes for ./Frameworks/FirebaseCore.framework/FirebaseCore_Privacy.bundle/PrivacyInfo.xcprivacy
2025-01-23 10:03:02 +0000  copying file ./Frameworks/FirebaseCore.framework/FirebaseCore_Privacy.bundle/Info.plist ... 
2025-01-23 10:03:02 +0000  790 bytes for ./Frameworks/FirebaseCore.framework/FirebaseCore_Privacy.bundle/Info.plist
2025-01-23 10:03:02 +0000  copying file ./Frameworks/FirebaseCore.framework/FirebaseCore ... 
2025-01-23 10:03:02 +0000  197712 bytes for ./Frameworks/FirebaseCore.framework/FirebaseCore
2025-01-23 10:03:02 +0000  copying file ./Frameworks/FirebaseCore.framework/Info.plist ... 
2025-01-23 10:03:02 +0000  797 bytes for ./Frameworks/FirebaseCore.framework/Info.plist
2025-01-23 10:03:02 +0000  copying file ./Frameworks/FirebaseSessions.framework/_CodeSignature/CodeResources ... 
2025-01-23 10:03:02 +0000  1798 bytes for ./Frameworks/FirebaseSessions.framework/_CodeSignature/CodeResources
2025-01-23 10:03:02 +0000  copying file ./Frameworks/FirebaseSessions.framework/FirebaseSessions ... 
2025-01-23 10:03:02 +0000  369968 bytes for ./Frameworks/FirebaseSessions.framework/FirebaseSessions
2025-01-23 10:03:02 +0000  copying file ./Frameworks/FirebaseSessions.framework/Info.plist ... 
2025-01-23 10:03:02 +0000  807 bytes for ./Frameworks/FirebaseSessions.framework/Info.plist
2025-01-23 10:03:02 +0000  copying file ./Frameworks/DynamicBlurView.framework/_CodeSignature/CodeResources ... 
2025-01-23 10:03:02 +0000  1798 bytes for ./Frameworks/DynamicBlurView.framework/_CodeSignature/CodeResources
2025-01-23 10:03:02 +0000  copying file ./Frameworks/DynamicBlurView.framework/DynamicBlurView ... 
2025-01-23 10:03:02 +0000  185200 bytes for ./Frameworks/DynamicBlurView.framework/DynamicBlurView
2025-01-23 10:03:02 +0000  copying file ./Frameworks/DynamicBlurView.framework/Info.plist ... 
2025-01-23 10:03:02 +0000  803 bytes for ./Frameworks/DynamicBlurView.framework/Info.plist
2025-01-23 10:03:02 +0000  copying file ./Frameworks/GoogleUtilities.framework/_CodeSignature/CodeResources ... 
2025-01-23 10:03:02 +0000  2364 bytes for ./Frameworks/GoogleUtilities.framework/_CodeSignature/CodeResources
2025-01-23 10:03:02 +0000  copying file ./Frameworks/GoogleUtilities.framework/GoogleUtilities_Privacy.bundle/PrivacyInfo.xcprivacy ... 
2025-01-23 10:03:02 +0000  1289 bytes for ./Frameworks/GoogleUtilities.framework/GoogleUtilities_Privacy.bundle/PrivacyInfo.xcprivacy
2025-01-23 10:03:02 +0000  copying file ./Frameworks/GoogleUtilities.framework/GoogleUtilities_Privacy.bundle/Info.plist ... 
2025-01-23 10:03:02 +0000  795 bytes for ./Frameworks/GoogleUtilities.framework/GoogleUtilities_Privacy.bundle/Info.plist
2025-01-23 10:03:02 +0000  copying file ./Frameworks/GoogleUtilities.framework/GoogleUtilities ... 
2025-01-23 10:03:02 +0000  316384 bytes for ./Frameworks/GoogleUtilities.framework/GoogleUtilities
2025-01-23 10:03:02 +0000  copying file ./Frameworks/GoogleUtilities.framework/Info.plist ... 
2025-01-23 10:03:02 +0000  804 bytes for ./Frameworks/GoogleUtilities.framework/Info.plist
2025-01-23 10:03:02 +0000  copying file ./Frameworks/netfox.framework/_CodeSignature/CodeResources ... 
2025-01-23 10:03:02 +0000  1798 bytes for ./Frameworks/netfox.framework/_CodeSignature/CodeResources
2025-01-23 10:03:02 +0000  copying file ./Frameworks/netfox.framework/netfox ... 
2025-01-23 10:03:02 +0000  622896 bytes for ./Frameworks/netfox.framework/netfox
2025-01-23 10:03:02 +0000  copying file ./Frameworks/netfox.framework/Info.plist ... 
2025-01-23 10:03:02 +0000  784 bytes for ./Frameworks/netfox.framework/Info.plist
2025-01-23 10:03:02 +0000  copying file ./Frameworks/FSCalendar.framework/_CodeSignature/CodeResources ... 
2025-01-23 10:03:02 +0000  1798 bytes for ./Frameworks/FSCalendar.framework/_CodeSignature/CodeResources
2025-01-23 10:03:02 +0000  copying file ./Frameworks/FSCalendar.framework/FSCalendar ... 
2025-01-23 10:03:02 +0000  427600 bytes for ./Frameworks/FSCalendar.framework/FSCalendar
2025-01-23 10:03:02 +0000  copying file ./Frameworks/FSCalendar.framework/Info.plist ... 
2025-01-23 10:03:02 +0000  791 bytes for ./Frameworks/FSCalendar.framework/Info.plist
2025-01-23 10:03:02 +0000  copying file ./Frameworks/Expression.framework/_CodeSignature/CodeResources ... 
2025-01-23 10:03:02 +0000  1798 bytes for ./Frameworks/Expression.framework/_CodeSignature/CodeResources
2025-01-23 10:03:02 +0000  copying file ./Frameworks/Expression.framework/Expression ... 
2025-01-23 10:03:02 +0000  492784 bytes for ./Frameworks/Expression.framework/Expression
2025-01-23 10:03:02 +0000  copying file ./Frameworks/Expression.framework/Info.plist ... 
2025-01-23 10:03:02 +0000  792 bytes for ./Frameworks/Expression.framework/Info.plist
2025-01-23 10:03:02 +0000  copying file ./Frameworks/FirebaseMessaging.framework/_CodeSignature/CodeResources ... 
2025-01-23 10:03:02 +0000  2372 bytes for ./Frameworks/FirebaseMessaging.framework/_CodeSignature/CodeResources
2025-01-23 10:03:02 +0000  copying file ./Frameworks/FirebaseMessaging.framework/FirebaseMessaging_Privacy.bundle/PrivacyInfo.xcprivacy ... 
2025-01-23 10:03:02 +0000  2357 bytes for ./Frameworks/FirebaseMessaging.framework/FirebaseMessaging_Privacy.bundle/PrivacyInfo.xcprivacy
2025-01-23 10:03:02 +0000  copying file ./Frameworks/FirebaseMessaging.framework/FirebaseMessaging_Privacy.bundle/Info.plist ... 
800 bytes for ./Frameworks/FirebaseMessaging.framework/FirebaseMessaging_Privacy.bundle/Info.plist
copying file ./Frameworks/FirebaseMessaging.framework/FirebaseMessaging ... 
2025-01-23 10:03:02 +0000  520400 bytes for ./Frameworks/FirebaseMessaging.framework/FirebaseMessaging
2025-01-23 10:03:02 +0000  copying file ./Frameworks/FirebaseMessaging.framework/Info.plist ... 
2025-01-23 10:03:02 +0000  809 bytes for ./Frameworks/FirebaseMessaging.framework/Info.plist
2025-01-23 10:03:02 +0000  copying file ./Frameworks/CryptoSwift.framework/_CodeSignature/CodeResources ... 
2025-01-23 10:03:02 +0000  1798 bytes for ./Frameworks/CryptoSwift.framework/_CodeSignature/CodeResources
2025-01-23 10:03:02 +0000  copying file ./Frameworks/CryptoSwift.framework/CryptoSwift ... 
2025-01-23 10:03:02 +0000  1460224 bytes for ./Frameworks/CryptoSwift.framework/CryptoSwift
2025-01-23 10:03:02 +0000  copying file ./Frameworks/CryptoSwift.framework/Info.plist ... 
2025-01-23 10:03:02 +0000  793 bytes for ./Frameworks/CryptoSwift.framework/Info.plist
2025-01-23 10:03:02 +0000  copying file ./Frameworks/MOLH.framework/_CodeSignature/CodeResources ... 
2025-01-23 10:03:02 +0000  1798 bytes for ./Frameworks/MOLH.framework/_CodeSignature/CodeResources
2025-01-23 10:03:02 +0000  copying file ./Frameworks/MOLH.framework/MOLH ... 
2025-01-23 10:03:02 +0000  237456 bytes for ./Frameworks/MOLH.framework/MOLH
2025-01-23 10:03:02 +0000  copying file ./Frameworks/MOLH.framework/Info.plist ... 
2025-01-23 10:03:02 +0000  779 bytes for ./Frameworks/MOLH.framework/Info.plist
2025-01-23 10:03:02 +0000  copying file ./Frameworks/NicoProgress.framework/_CodeSignature/CodeResources ... 
2025-01-23 10:03:02 +0000  1798 bytes for ./Frameworks/NicoProgress.framework/_CodeSignature/CodeResources
2025-01-23 10:03:02 +0000  copying file ./Frameworks/NicoProgress.framework/NicoProgress ... 
2025-01-23 10:03:02 +0000  141520 bytes for ./Frameworks/NicoProgress.framework/NicoProgress
2025-01-23 10:03:02 +0000  copying file ./Frameworks/NicoProgress.framework/Info.plist ... 
2025-01-23 10:03:02 +0000  795 bytes for ./Frameworks/NicoProgress.framework/Info.plist
2025-01-23 10:03:02 +0000  copying file ./Frameworks/FirebaseAppCheckInterop.framework/_CodeSignature/CodeResources ... 
2025-01-23 10:03:02 +0000  1798 bytes for ./Frameworks/FirebaseAppCheckInterop.framework/_CodeSignature/CodeResources
2025-01-23 10:03:02 +0000  copying file ./Frameworks/FirebaseAppCheckInterop.framework/FirebaseAppCheckInterop ... 
2025-01-23 10:03:02 +0000  86688 bytes for ./Frameworks/FirebaseAppCheckInterop.framework/FirebaseAppCheckInterop
2025-01-23 10:03:02 +0000  copying file ./Frameworks/FirebaseAppCheckInterop.framework/Info.plist ... 
2025-01-23 10:03:02 +0000  821 bytes for ./Frameworks/FirebaseAppCheckInterop.framework/Info.plist
2025-01-23 10:03:02 +0000  copying file ./Frameworks/CocoaLumberjack.framework/_CodeSignature/CodeResources ... 
2025-01-23 10:03:02 +0000  2360 bytes for ./Frameworks/CocoaLumberjack.framework/_CodeSignature/CodeResources
2025-01-23 10:03:02 +0000  copying file ./Frameworks/CocoaLumberjack.framework/CocoaLumberjackPrivacy.bundle/PrivacyInfo.xcprivacy ... 
2025-01-23 10:03:02 +0000  793 bytes for ./Frameworks/CocoaLumberjack.framework/CocoaLumberjackPrivacy.bundle/PrivacyInfo.xcprivacy
2025-01-23 10:03:02 +0000  copying file ./Frameworks/CocoaLumberjack.framework/CocoaLumberjackPrivacy.bundle/Info.plist ... 
2025-01-23 10:03:02 +0000  792 bytes for ./Frameworks/CocoaLumberjack.framework/CocoaLumberjackPrivacy.bundle/Info.plist
2025-01-23 10:03:02 +0000  copying file ./Frameworks/CocoaLumberjack.framework/CocoaLumberjack ... 
2025-01-23 10:03:02 +0000  325904 bytes for ./Frameworks/CocoaLumberjack.framework/CocoaLumberjack
2025-01-23 10:03:02 +0000  copying file ./Frameworks/CocoaLumberjack.framework/Info.plist ... 
2025-01-23 10:03:02 +0000  803 bytes for ./Frameworks/CocoaLumberjack.framework/Info.plist
2025-01-23 10:03:02 +0000  copying file ./Frameworks/CRRefresh.framework/_CodeSignature/CodeResources ... 
2025-01-23 10:03:02 +0000  3930 bytes for ./Frameworks/CRRefresh.framework/_CodeSignature/CodeResources
2025-01-23 10:03:02 +0000  copying file ./Frameworks/CRRefresh.framework/NormalHeader.bundle/en.lproj/Localizable.strings ... 
2025-01-23 10:03:02 +0000  153 bytes for ./Frameworks/CRRefresh.framework/NormalHeader.bundle/en.lproj/Localizable.strings
2025-01-23 10:03:02 +0000  copying file ./Frameworks/CRRefresh.framework/NormalHeader.bundle/images/refresh_arrow@3x.png ... 
2025-01-23 10:03:02 +0000  1410 bytes for ./Frameworks/CRRefresh.framework/NormalHeader.bundle/images/refresh_arrow@3x.png
2025-01-23 10:03:02 +0000  copying file ./Frameworks/CRRefresh.framework/NormalHeader.bundle/images/refresh_arrow@2x.png ... 
2025-01-23 10:03:02 +0000  1410 bytes for ./Frameworks/CRRefresh.framework/NormalHeader.bundle/images/refresh_arrow@2x.png
2025-01-23 10:03:02 +0000  copying file ./Frameworks/CRRefresh.framework/NormalHeader.bundle/zh.lproj/Localizable.strings ... 
2025-01-23 10:03:02 +0000  165 bytes for ./Frameworks/CRRefresh.framework/NormalHeader.bundle/zh.lproj/Localizable.strings
2025-01-23 10:03:02 +0000  copying file ./Frameworks/CRRefresh.framework/CRRefresh ... 
2025-01-23 10:03:02 +0000  551056 bytes for ./Frameworks/CRRefresh.framework/CRRefresh
2025-01-23 10:03:02 +0000  copying file ./Frameworks/CRRefresh.framework/Info.plist ... 
2025-01-23 10:03:02 +0000  789 bytes for ./Frameworks/CRRefresh.framework/Info.plist
2025-01-23 10:03:02 +0000  copying file ./Frameworks/CRRefresh.framework/NormalFooter.bundle/en.lproj/Localizable.strings ... 
2025-01-23 10:03:02 +0000  138 bytes for ./Frameworks/CRRefresh.framework/NormalFooter.bundle/en.lproj/Localizable.strings
2025-01-23 10:03:02 +0000  copying file ./Frameworks/CRRefresh.framework/NormalFooter.bundle/zh.lproj/Localizable.strings ... 
2025-01-23 10:03:02 +0000  171 bytes for ./Frameworks/CRRefresh.framework/NormalFooter.bundle/zh.lproj/Localizable.strings
2025-01-23 10:03:02 +0000  copying file ./Frameworks/JGProgressHUD.framework/_CodeSignature/CodeResources ... 
2025-01-23 10:03:02 +0000  1798 bytes for ./Frameworks/JGProgressHUD.framework/_CodeSignature/CodeResources
2025-01-23 10:03:02 +0000  copying file ./Frameworks/JGProgressHUD.framework/JGProgressHUD ... 
2025-01-23 10:03:02 +0000  201024 bytes for ./Frameworks/JGProgressHUD.framework/JGProgressHUD
2025-01-23 10:03:02 +0000  copying file ./Frameworks/JGProgressHUD.framework/Info.plist ... 
2025-01-23 10:03:02 +0000  797 bytes for ./Frameworks/JGProgressHUD.framework/Info.plist
2025-01-23 10:03:02 +0000  copying file ./Frameworks/YPImagePicker.framework/de.lproj/YPImagePickerLocalizable.strings ... 
2025-01-23 10:03:02 +0000  1127 bytes for ./Frameworks/YPImagePicker.framework/de.lproj/YPImagePickerLocalizable.strings
2025-01-23 10:03:02 +0000  copying file ./Frameworks/YPImagePicker.framework/_CodeSignature/CodeResources ... 
2025-01-23 10:03:02 +0000  12826 bytes for ./Frameworks/YPImagePicker.framework/_CodeSignature/CodeResources
2025-01-23 10:03:02 +0000  copying file ./Frameworks/YPImagePicker.framework/ar.lproj/YPImagePickerLocalizable.strings ... 
2025-01-23 10:03:02 +0000  1159 bytes for ./Frameworks/YPImagePicker.framework/ar.lproj/YPImagePickerLocalizable.strings
2025-01-23 10:03:02 +0000  copying file ./Frameworks/YPImagePicker.framework/zh-Hans.lproj/YPImagePickerLocalizable.strings ... 
2025-01-23 10:03:02 +0000  974 bytes for ./Frameworks/YPImagePicker.framework/zh-Hans.lproj/YPImagePickerLocalizable.strings
2025-01-23 10:03:02 +0000  copying file ./Frameworks/YPImagePicker.framework/ja.lproj/YPImagePickerLocalizable.strings ... 
2025-01-23 10:03:02 +0000  1145 bytes for ./Frameworks/YPImagePicker.framework/ja.lproj/YPImagePickerLocalizable.strings
2025-01-23 10:03:02 +0000  copying file ./Frameworks/YPImagePicker.framework/fa.lproj/YPImagePickerLocalizable.strings ... 
2025-01-23 10:03:02 +0000  1198 bytes for ./Frameworks/YPImagePicker.framework/fa.lproj/YPImagePickerLocalizable.strings
2025-01-23 10:03:02 +0000  copying file ./Frameworks/YPImagePicker.framework/en.lproj/YPImagePickerLocalizable.strings ... 
2025-01-23 10:03:02 +0000  985 bytes for ./Frameworks/YPImagePicker.framework/en.lproj/YPImagePickerLocalizable.strings
2025-01-23 10:03:02 +0000  copying file ./Frameworks/YPImagePicker.framework/nb.lproj/YPImagePickerLocalizable.strings ... 
2025-01-23 10:03:02 +0000  999 bytes for ./Frameworks/YPImagePicker.framework/nb.lproj/YPImagePickerLocalizable.strings
2025-01-23 10:03:02 +0000  copying file ./Frameworks/YPImagePicker.framework/es.lproj/YPImagePickerLocalizable.strings ... 
2025-01-23 10:03:02 +0000  1064 bytes for ./Frameworks/YPImagePicker.framework/es.lproj/YPImagePickerLocalizable.strings
2025-01-23 10:03:02 +0000  copying file ./Frameworks/YPImagePicker.framework/da.lproj/YPImagePickerLocalizable.strings ... 
2025-01-23 10:03:02 +0000  1012 bytes for ./Frameworks/YPImagePicker.framework/da.lproj/YPImagePickerLocalizable.strings
2025-01-23 10:03:02 +0000  copying file ./Frameworks/YPImagePicker.framework/it.lproj/YPImagePickerLocalizable.strings ... 
2025-01-23 10:03:02 +0000  1102 bytes for ./Frameworks/YPImagePicker.framework/it.lproj/YPImagePickerLocalizable.strings
2025-01-23 10:03:02 +0000  copying file ./Frameworks/YPImagePicker.framework/bg.lproj/YPImagePickerLocalizable.strings ... 
2025-01-23 10:03:02 +0000  1296 bytes for ./Frameworks/YPImagePicker.framework/bg.lproj/YPImagePickerLocalizable.strings
2025-01-23 10:03:02 +0000  copying file ./Frameworks/YPImagePicker.framework/sv.lproj/YPImagePickerLocalizable.strings ... 
2025-01-23 10:03:02 +0000  994 bytes for ./Frameworks/YPImagePicker.framework/sv.lproj/YPImagePickerLocalizable.strings
2025-01-23 10:03:02 +0000  copying file ./Frameworks/YPImagePicker.framework/cs.lproj/YPImagePickerLocalizable.strings ... 
2025-01-23 10:03:02 +0000  1078 bytes for ./Frameworks/YPImagePicker.framework/cs.lproj/YPImagePickerLocalizable.strings
2025-01-23 10:03:02 +0000  copying file ./Frameworks/YPImagePicker.framework/km.lproj/YPImagePickerLocalizable.strings ... 
2025-01-23 10:03:02 +0000  1600 bytes for ./Frameworks/YPImagePicker.framework/km.lproj/YPImagePickerLocalizable.strings
2025-01-23 10:03:02 +0000  copying file ./Frameworks/YPImagePicker.framework/ko.lproj/YPImagePickerLocalizable.strings ... 
2025-01-23 10:03:02 +0000  1114 bytes for ./Frameworks/YPImagePicker.framework/ko.lproj/YPImagePickerLocalizable.strings
2025-01-23 10:03:02 +0000  copying file ./Frameworks/YPImagePicker.framework/zh-Hant.lproj/YPImagePickerLocalizable.strings ... 
2025-01-23 10:03:02 +0000  993 bytes for ./Frameworks/YPImagePicker.framework/zh-Hant.lproj/YPImagePickerLocalizable.strings
2025-01-23 10:03:02 +0000  copying file ./Frameworks/YPImagePicker.framework/km-KH.lproj/YPImagePickerLocalizable.strings ... 
2025-01-23 10:03:02 +0000  1600 bytes for ./Frameworks/YPImagePicker.framework/km-KH.lproj/YPImagePickerLocalizable.strings
2025-01-23 10:03:02 +0000  copying file ./Frameworks/YPImagePicker.framework/Assets.car ... 
2025-01-23 10:03:02 +0000  188511 bytes for ./Frameworks/YPImagePicker.framework/Assets.car
2025-01-23 10:03:02 +0000  copying file ./Frameworks/YPImagePicker.framework/tr.lproj/YPImagePickerLocalizable.strings ... 
2025-01-23 10:03:02 +0000  1070 bytes for ./Frameworks/YPImagePicker.framework/tr.lproj/YPImagePickerLocalizable.strings
2025-01-23 10:03:02 +0000  copying file ./Frameworks/YPImagePicker.framework/pl.lproj/YPImagePickerLocalizable.strings ... 
2025-01-23 10:03:02 +0000  1020 bytes for ./Frameworks/YPImagePicker.framework/pl.lproj/YPImagePickerLocalizable.strings
2025-01-23 10:03:02 +0000  copying file ./Frameworks/YPImagePicker.framework/pt-BR.lproj/YPImagePickerLocalizable.strings ... 
2025-01-23 10:03:02 +0000  1072 bytes for ./Frameworks/YPImagePicker.framework/pt-BR.lproj/YPImagePickerLocalizable.strings
2025-01-23 10:03:02 +0000  copying file ./Frameworks/YPImagePicker.framework/vi.lproj/YPImagePickerLocalizable.strings ... 
2025-01-23 10:03:02 +0000  1203 bytes for ./Frameworks/YPImagePicker.framework/vi.lproj/YPImagePickerLocalizable.strings
2025-01-23 10:03:02 +0000  copying file ./Frameworks/YPImagePicker.framework/ru.lproj/YPImagePickerLocalizable.strings ... 
2025-01-23 10:03:02 +0000  1280 bytes for ./Frameworks/YPImagePicker.framework/ru.lproj/YPImagePickerLocalizable.strings
2025-01-23 10:03:02 +0000  copying file ./Frameworks/YPImagePicker.framework/YPImagePicker ... 
2025-01-23 10:03:02 +0000  1360528 bytes for ./Frameworks/YPImagePicker.framework/YPImagePicker
2025-01-23 10:03:02 +0000  copying file ./Frameworks/YPImagePicker.framework/fr.lproj/YPImagePickerLocalizable.strings ... 
2025-01-23 10:03:02 +0000  1171 bytes for ./Frameworks/YPImagePicker.framework/fr.lproj/YPImagePickerLocalizable.strings
2025-01-23 10:03:02 +0000  copying file ./Frameworks/YPImagePicker.framework/id.lproj/YPImagePickerLocalizable.strings ... 
2025-01-23 10:03:02 +0000  1063 bytes for ./Frameworks/YPImagePicker.framework/id.lproj/YPImagePickerLocalizable.strings
2025-01-23 10:03:02 +0000  copying file ./Frameworks/YPImagePicker.framework/nl.lproj/YPImagePickerLocalizable.strings ... 
2025-01-23 10:03:02 +0000  1138 bytes for ./Frameworks/YPImagePicker.framework/nl.lproj/YPImagePickerLocalizable.strings
2025-01-23 10:03:02 +0000  copying file ./Frameworks/YPImagePicker.framework/th.lproj/YPImagePickerLocalizable.strings ... 
2025-01-23 10:03:02 +0000  1589 bytes for ./Frameworks/YPImagePicker.framework/th.lproj/YPImagePickerLocalizable.strings
2025-01-23 10:03:02 +0000  copying file ./Frameworks/YPImagePicker.framework/YPLibraryView.nib ... 
2025-01-23 10:03:02 +0000  3536 bytes for ./Frameworks/YPImagePicker.framework/YPLibraryView.nib
2025-01-23 10:03:02 +0000  copying file ./Frameworks/YPImagePicker.framework/pt-PT.lproj/YPImagePickerLocalizable.strings ... 
2025-01-23 10:03:02 +0000  1081 bytes for ./Frameworks/YPImagePicker.framework/pt-PT.lproj/YPImagePickerLocalizable.strings
2025-01-23 10:03:02 +0000  copying file ./Frameworks/YPImagePicker.framework/ro.lproj/YPImagePickerLocalizable.strings ... 
2025-01-23 10:03:02 +0000  1141 bytes for ./Frameworks/YPImagePicker.framework/ro.lproj/YPImagePickerLocalizable.strings
2025-01-23 10:03:02 +0000  copying file ./Frameworks/YPImagePicker.framework/Info.plist ... 
2025-01-23 10:03:02 +0000  797 bytes for ./Frameworks/YPImagePicker.framework/Info.plist
2025-01-23 10:03:02 +0000  copying file ./Frameworks/FirebaseCoreExtension.framework/_CodeSignature/CodeResources ... 
2025-01-23 10:03:02 +0000  2388 bytes for ./Frameworks/FirebaseCoreExtension.framework/_CodeSignature/CodeResources
2025-01-23 10:03:02 +0000  copying file ./Frameworks/FirebaseCoreExtension.framework/FirebaseCoreExtension ... 
2025-01-23 10:03:02 +0000  86656 bytes for ./Frameworks/FirebaseCoreExtension.framework/FirebaseCoreExtension
2025-01-23 10:03:02 +0000  copying file ./Frameworks/FirebaseCoreExtension.framework/FirebaseCoreExtension_Privacy.bundle/PrivacyInfo.xcprivacy ... 
2025-01-23 10:03:02 +0000  478 bytes for ./Frameworks/FirebaseCoreExtension.framework/FirebaseCoreExtension_Privacy.bundle/PrivacyInfo.xcprivacy
2025-01-23 10:03:02 +0000  copying file ./Frameworks/FirebaseCoreExtension.framework/FirebaseCoreExtension_Privacy.bundle/Info.plist ... 
2025-01-23 10:03:02 +0000  808 bytes for ./Frameworks/FirebaseCoreExtension.framework/FirebaseCoreExtension_Privacy.bundle/Info.plist
2025-01-23 10:03:02 +0000  copying file ./Frameworks/FirebaseCoreExtension.framework/Info.plist ... 
2025-01-23 10:03:02 +0000  817 bytes for ./Frameworks/FirebaseCoreExtension.framework/Info.plist
2025-01-23 10:03:02 +0000  copying file ./Frameworks/PryntTrimmerView.framework/_CodeSignature/CodeResources ... 
2025-01-23 10:03:02 +0000  1798 bytes for ./Frameworks/PryntTrimmerView.framework/_CodeSignature/CodeResources
2025-01-23 10:03:02 +0000  copying file ./Frameworks/PryntTrimmerView.framework/PryntTrimmerView ... 
2025-01-23 10:03:02 +0000  255488 bytes for ./Frameworks/PryntTrimmerView.framework/PryntTrimmerView
2025-01-23 10:03:02 +0000  copying file ./Frameworks/PryntTrimmerView.framework/Info.plist ... 
2025-01-23 10:03:02 +0000  805 bytes for ./Frameworks/PryntTrimmerView.framework/Info.plist
2025-01-23 10:03:02 +0000  copying file ./Frameworks/DropDown.framework/_CodeSignature/CodeResources ... 
2025-01-23 10:03:02 +0000  2024 bytes for ./Frameworks/DropDown.framework/_CodeSignature/CodeResources
2025-01-23 10:03:02 +0000  copying file ./Frameworks/DropDown.framework/DropDown ... 
2025-01-23 10:03:02 +0000  331456 bytes for ./Frameworks/DropDown.framework/DropDown
2025-01-23 10:03:02 +0000  copying file ./Frameworks/DropDown.framework/DropDownCell.nib ... 
2025-01-23 10:03:02 +0000  2547 bytes for ./Frameworks/DropDown.framework/DropDownCell.nib
2025-01-23 10:03:02 +0000  copying file ./Frameworks/DropDown.framework/Info.plist ... 
2025-01-23 10:03:02 +0000  788 bytes for ./Frameworks/DropDown.framework/Info.plist
2025-01-23 10:03:02 +0000  copying file ./Frameworks/FirebaseFirestoreInternal.framework/_CodeSignature/CodeResources ... 
2025-01-23 10:03:02 +0000  2404 bytes for ./Frameworks/FirebaseFirestoreInternal.framework/_CodeSignature/CodeResources
2025-01-23 10:03:02 +0000  copying file ./Frameworks/FirebaseFirestoreInternal.framework/FirebaseFirestoreInternal ... 
2025-01-23 10:03:02 +0000  5158896 bytes for ./Frameworks/FirebaseFirestoreInternal.framework/FirebaseFirestoreInternal
2025-01-23 10:03:02 +0000  copying file ./Frameworks/FirebaseFirestoreInternal.framework/FirebaseFirestoreInternal_Privacy.bundle/PrivacyInfo.xcprivacy ... 
2025-01-23 10:03:02 +0000  1105 bytes for ./Frameworks/FirebaseFirestoreInternal.framework/FirebaseFirestoreInternal_Privacy.bundle/PrivacyInfo.xcprivacy
2025-01-23 10:03:02 +0000  copying file ./Frameworks/FirebaseFirestoreInternal.framework/FirebaseFirestoreInternal_Privacy.bundle/Info.plist ... 
2025-01-23 10:03:02 +0000  816 bytes for ./Frameworks/FirebaseFirestoreInternal.framework/FirebaseFirestoreInternal_Privacy.bundle/Info.plist
2025-01-23 10:03:02 +0000  copying file ./Frameworks/FirebaseFirestoreInternal.framework/Info.plist ... 
2025-01-23 10:03:02 +0000  825 bytes for ./Frameworks/FirebaseFirestoreInternal.framework/Info.plist
2025-01-23 10:03:02 +0000  copying file ./Frameworks/nanopb.framework/_CodeSignature/CodeResources ... 
2025-01-23 10:03:02 +0000  2328 bytes for ./Frameworks/nanopb.framework/_CodeSignature/CodeResources
2025-01-23 10:03:02 +0000  copying file ./Frameworks/nanopb.framework/nanopb_Privacy.bundle/PrivacyInfo.xcprivacy ... 
2025-01-23 10:03:02 +0000  374 bytes for ./Frameworks/nanopb.framework/nanopb_Privacy.bundle/PrivacyInfo.xcprivacy
2025-01-23 10:03:02 +0000  copying file ./Frameworks/nanopb.framework/nanopb_Privacy.bundle/Info.plist ... 
2025-01-23 10:03:02 +0000  778 bytes for ./Frameworks/nanopb.framework/nanopb_Privacy.bundle/Info.plist
2025-01-23 10:03:02 +0000  copying file ./Frameworks/nanopb.framework/nanopb ... 
2025-01-23 10:03:02 +0000  95424 bytes for ./Frameworks/nanopb.framework/nanopb
2025-01-23 10:03:02 +0000  copying file ./Frameworks/nanopb.framework/Info.plist ... 
2025-01-23 10:03:02 +0000  787 bytes for ./Frameworks/nanopb.framework/Info.plist
2025-01-23 10:03:02 +0000  copying file ./Frameworks/EzPopup.framework/_CodeSignature/CodeResources ... 
2025-01-23 10:03:02 +0000  1798 bytes for ./Frameworks/EzPopup.framework/_CodeSignature/CodeResources
2025-01-23 10:03:02 +0000  copying file ./Frameworks/EzPopup.framework/EzPopup ... 
2025-01-23 10:03:02 +0000  174704 bytes for ./Frameworks/EzPopup.framework/EzPopup
2025-01-23 10:03:02 +0000  copying file ./Frameworks/EzPopup.framework/Info.plist ... 
2025-01-23 10:03:02 +0000  785 bytes for ./Frameworks/EzPopup.framework/Info.plist
2025-01-23 10:03:02 +0000  copying file ./Frameworks/FirebaseRemoteConfigInterop.framework/_CodeSignature/CodeResources ... 
2025-01-23 10:03:02 +0000  1798 bytes for ./Frameworks/FirebaseRemoteConfigInterop.framework/_CodeSignature/CodeResources
2025-01-23 10:03:02 +0000  copying file ./Frameworks/FirebaseRemoteConfigInterop.framework/FirebaseRemoteConfigInterop ... 
2025-01-23 10:03:02 +0000  144384 bytes for ./Frameworks/FirebaseRemoteConfigInterop.framework/FirebaseRemoteConfigInterop
2025-01-23 10:03:02 +0000  copying file ./Frameworks/FirebaseRemoteConfigInterop.framework/Info.plist ... 
2025-01-23 10:03:02 +0000  829 bytes for ./Frameworks/FirebaseRemoteConfigInterop.framework/Info.plist
2025-01-23 10:03:02 +0000  copying file ./Frameworks/Promises.framework/_CodeSignature/CodeResources ... 
2025-01-23 10:03:02 +0000  2336 bytes for ./Frameworks/Promises.framework/_CodeSignature/CodeResources
2025-01-23 10:03:02 +0000  copying file ./Frameworks/Promises.framework/Promises ... 
2025-01-23 10:03:02 +0000  216240 bytes for ./Frameworks/Promises.framework/Promises
2025-01-23 10:03:02 +0000  copying file ./Frameworks/Promises.framework/Info.plist ... 
2025-01-23 10:03:02 +0000  787 bytes for ./Frameworks/Promises.framework/Info.plist
2025-01-23 10:03:02 +0000  copying file ./Frameworks/Promises.framework/Promises_Privacy.bundle/PrivacyInfo.xcprivacy ... 
2025-01-23 10:03:02 +0000  373 bytes for ./Frameworks/Promises.framework/Promises_Privacy.bundle/PrivacyInfo.xcprivacy
2025-01-23 10:03:02 +0000  copying file ./Frameworks/Promises.framework/Promises_Privacy.bundle/Info.plist ... 
2025-01-23 10:03:02 +0000  780 bytes for ./Frameworks/Promises.framework/Promises_Privacy.bundle/Info.plist
2025-01-23 10:03:02 +0000  copying file ./Frameworks/SweeterSwift.framework/_CodeSignature/CodeResources ... 
2025-01-23 10:03:02 +0000  2034 bytes for ./Frameworks/SweeterSwift.framework/_CodeSignature/CodeResources
2025-01-23 10:03:02 +0000  copying file ./Frameworks/SweeterSwift.framework/SweeterSwift ... 
2025-01-23 10:03:02 +0000  229504 bytes for ./Frameworks/SweeterSwift.framework/SweeterSwift
2025-01-23 10:03:02 +0000  copying file ./Frameworks/SweeterSwift.framework/PrivacyInfo.xcprivacy ... 
2025-01-23 10:03:02 +0000  228 bytes for ./Frameworks/SweeterSwift.framework/PrivacyInfo.xcprivacy
2025-01-23 10:03:02 +0000  copying file ./Frameworks/SweeterSwift.framework/Info.plist ... 
2025-01-23 10:03:02 +0000  795 bytes for ./Frameworks/SweeterSwift.framework/Info.plist
2025-01-23 10:03:02 +0000  copying file ./Frameworks/PanModal.framework/_CodeSignature/CodeResources ... 
2025-01-23 10:03:02 +0000  1798 bytes for ./Frameworks/PanModal.framework/_CodeSignature/CodeResources
2025-01-23 10:03:02 +0000  copying file ./Frameworks/PanModal.framework/PanModal ... 
2025-01-23 10:03:02 +0000  242928 bytes for ./Frameworks/PanModal.framework/PanModal
2025-01-23 10:03:02 +0000  copying file ./Frameworks/PanModal.framework/Info.plist ... 
2025-01-23 10:03:02 +0000  787 bytes for ./Frameworks/PanModal.framework/Info.plist
2025-01-23 10:03:02 +0000  copying file ./Frameworks/IQKeyboardManagerSwift.framework/_CodeSignature/CodeResources ... 
2025-01-23 10:03:02 +0000  2034 bytes for ./Frameworks/IQKeyboardManagerSwift.framework/_CodeSignature/CodeResources
2025-01-23 10:03:02 +0000  copying file ./Frameworks/IQKeyboardManagerSwift.framework/PrivacyInfo.xcprivacy ... 
2025-01-23 10:03:02 +0000  278 bytes for ./Frameworks/IQKeyboardManagerSwift.framework/PrivacyInfo.xcprivacy
2025-01-23 10:03:02 +0000  copying file ./Frameworks/IQKeyboardManagerSwift.framework/IQKeyboardManagerSwift ... 
2025-01-23 10:03:02 +0000  697984 bytes for ./Frameworks/IQKeyboardManagerSwift.framework/IQKeyboardManagerSwift
copying file ./Frameworks/IQKeyboardManagerSwift.framework/Info.plist ... 
2025-01-23 10:03:02 +0000  818 bytes for ./Frameworks/IQKeyboardManagerSwift.framework/Info.plist
2025-01-23 10:03:02 +0000  copying file ./Frameworks/Toast_Swift.framework/_CodeSignature/CodeResources ... 
2025-01-23 10:03:02 +0000  1798 bytes for ./Frameworks/Toast_Swift.framework/_CodeSignature/CodeResources
2025-01-23 10:03:02 +0000  copying file ./Frameworks/Toast_Swift.framework/Toast_Swift ... 
2025-01-23 10:03:02 +0000  194656 bytes for ./Frameworks/Toast_Swift.framework/Toast_Swift
2025-01-23 10:03:02 +0000  copying file ./Frameworks/Toast_Swift.framework/Info.plist ... 
2025-01-23 10:03:02 +0000  793 bytes for ./Frameworks/Toast_Swift.framework/Info.plist
2025-01-23 10:03:02 +0000  copying file ./Frameworks/SkeletonView.framework/_CodeSignature/CodeResources ... 
2025-01-23 10:03:02 +0000  1798 bytes for ./Frameworks/SkeletonView.framework/_CodeSignature/CodeResources
2025-01-23 10:03:02 +0000  copying file ./Frameworks/SkeletonView.framework/SkeletonView ... 
2025-01-23 10:03:02 +0000  411696 bytes for ./Frameworks/SkeletonView.framework/SkeletonView
2025-01-23 10:03:02 +0000  copying file ./Frameworks/SkeletonView.framework/Info.plist ... 
2025-01-23 10:03:02 +0000  795 bytes for ./Frameworks/SkeletonView.framework/Info.plist
2025-01-23 10:03:02 +0000  copying file ./Frameworks/Mantis.framework/_CodeSignature/CodeResources ... 
2025-01-23 10:03:02 +0000  7816 bytes for ./Frameworks/Mantis.framework/_CodeSignature/CodeResources
2025-01-23 10:03:02 +0000  copying file ./Frameworks/Mantis.framework/Mantis ... 
2025-01-23 10:03:02 +0000  915264 bytes for ./Frameworks/Mantis.framework/Mantis
2025-01-23 10:03:02 +0000  copying file ./Frameworks/Mantis.framework/MantisResources.bundle/de.lproj/MantisLocalizable.strings ... 
2025-01-23 10:03:02 +0000  192 bytes for ./Frameworks/Mantis.framework/MantisResources.bundle/de.lproj/MantisLocalizable.strings
2025-01-23 10:03:02 +0000  copying file ./Frameworks/Mantis.framework/MantisResources.bundle/ar.lproj/MantisLocalizable.strings ... 
2025-01-23 10:03:02 +0000  190 bytes for ./Frameworks/Mantis.framework/MantisResources.bundle/ar.lproj/MantisLocalizable.strings
2025-01-23 10:03:02 +0000  copying file ./Frameworks/Mantis.framework/MantisResources.bundle/zh-Hans.lproj/MantisLocalizable.strings ... 
2025-01-23 10:03:02 +0000  164 bytes for ./Frameworks/Mantis.framework/MantisResources.bundle/zh-Hans.lproj/MantisLocalizable.strings
2025-01-23 10:03:02 +0000  copying file ./Frameworks/Mantis.framework/MantisResources.bundle/ja.lproj/MantisLocalizable.strings ... 
2025-01-23 10:03:02 +0000  176 bytes for ./Frameworks/Mantis.framework/MantisResources.bundle/ja.lproj/MantisLocalizable.strings
2025-01-23 10:03:02 +0000  copying file ./Frameworks/Mantis.framework/MantisResources.bundle/en.lproj/MantisLocalizable.strings ... 
2025-01-23 10:03:02 +0000  167 bytes for ./Frameworks/Mantis.framework/MantisResources.bundle/en.lproj/MantisLocalizable.strings
2025-01-23 10:03:02 +0000  copying file ./Frameworks/Mantis.framework/MantisResources.bundle/es.lproj/MantisLocalizable.strings ... 
2025-01-23 10:03:02 +0000  178 bytes for ./Frameworks/Mantis.framework/MantisResources.bundle/es.lproj/MantisLocalizable.strings
2025-01-23 10:03:02 +0000  copying file ./Frameworks/Mantis.framework/MantisResources.bundle/it.lproj/MantisLocalizable.strings ... 
2025-01-23 10:03:02 +0000  174 bytes for ./Frameworks/Mantis.framework/MantisResources.bundle/it.lproj/MantisLocalizable.strings
2025-01-23 10:03:02 +0000  copying file ./Frameworks/Mantis.framework/MantisResources.bundle/ko-KR.lproj/MantisLocalizable.strings ... 
2025-01-23 10:03:02 +0000  164 bytes for ./Frameworks/Mantis.framework/MantisResources.bundle/ko-KR.lproj/MantisLocalizable.strings
2025-01-23 10:03:02 +0000  copying file ./Frameworks/Mantis.framework/MantisResources.bundle/ko.lproj/MantisLocalizable.strings ... 
2025-01-23 10:03:02 +0000  164 bytes for ./Frameworks/Mantis.framework/MantisResources.bundle/ko.lproj/MantisLocalizable.strings
2025-01-23 10:03:02 +0000  copying file ./Frameworks/Mantis.framework/MantisResources.bundle/zh-Hant.lproj/MantisLocalizable.strings ... 
2025-01-23 10:03:02 +0000  162 bytes for ./Frameworks/Mantis.framework/MantisResources.bundle/zh-Hant.lproj/MantisLocalizable.strings
2025-01-23 10:03:02 +0000  copying file ./Frameworks/Mantis.framework/MantisResources.bundle/ru.lproj/MantisLocalizable.strings ... 
2025-01-23 10:03:02 +0000  212 bytes for ./Frameworks/Mantis.framework/MantisResources.bundle/ru.lproj/MantisLocalizable.strings
2025-01-23 10:03:02 +0000  copying file ./Frameworks/Mantis.framework/MantisResources.bundle/fr.lproj/MantisLocalizable.strings ... 
2025-01-23 10:03:02 +0000  213 bytes for ./Frameworks/Mantis.framework/MantisResources.bundle/fr.lproj/MantisLocalizable.strings
2025-01-23 10:03:02 +0000  copying file ./Frameworks/Mantis.framework/MantisResources.bundle/nl.lproj/MantisLocalizable.strings ... 
2025-01-23 10:03:02 +0000  176 bytes for ./Frameworks/Mantis.framework/MantisResources.bundle/nl.lproj/MantisLocalizable.strings
2025-01-23 10:03:02 +0000  copying file ./Frameworks/Mantis.framework/MantisResources.bundle/pt-PT.lproj/MantisLocalizable.strings ... 
2025-01-23 10:03:02 +0000  189 bytes for ./Frameworks/Mantis.framework/MantisResources.bundle/pt-PT.lproj/MantisLocalizable.strings
2025-01-23 10:03:02 +0000  copying file ./Frameworks/Mantis.framework/MantisResources.bundle/Info.plist ... 
2025-01-23 10:03:02 +0000  775 bytes for ./Frameworks/Mantis.framework/MantisResources.bundle/Info.plist
2025-01-23 10:03:02 +0000  copying file ./Frameworks/Mantis.framework/Info.plist ... 
2025-01-23 10:03:02 +0000  789 bytes for ./Frameworks/Mantis.framework/Info.plist
2025-01-23 10:03:02 +0000  copying file ./Frameworks/AlignedCollectionViewFlowLayout.framework/_CodeSignature/CodeResources ... 
2025-01-23 10:03:02 +0000  1798 bytes for ./Frameworks/AlignedCollectionViewFlowLayout.framework/_CodeSignature/CodeResources
2025-01-23 10:03:02 +0000  copying file ./Frameworks/AlignedCollectionViewFlowLayout.framework/Info.plist ... 
2025-01-23 10:03:02 +0000  835 bytes for ./Frameworks/AlignedCollectionViewFlowLayout.framework/Info.plist
2025-01-23 10:03:02 +0000  copying file ./Frameworks/AlignedCollectionViewFlowLayout.framework/AlignedCollectionViewFlowLayout ... 
2025-01-23 10:03:02 +0000  145440 bytes for ./Frameworks/AlignedCollectionViewFlowLayout.framework/AlignedCollectionViewFlowLayout
2025-01-23 10:03:02 +0000  copying file ./Frameworks/leveldb.framework/_CodeSignature/CodeResources ... 
2025-01-23 10:03:02 +0000  2332 bytes for ./Frameworks/leveldb.framework/_CodeSignature/CodeResources
2025-01-23 10:03:02 +0000  copying file ./Frameworks/leveldb.framework/leveldb ... 
2025-01-23 10:03:02 +0000  488000 bytes for ./Frameworks/leveldb.framework/leveldb
2025-01-23 10:03:02 +0000  copying file ./Frameworks/leveldb.framework/leveldb_Privacy.bundle/PrivacyInfo.xcprivacy ... 
2025-01-23 10:03:02 +0000  856 bytes for ./Frameworks/leveldb.framework/leveldb_Privacy.bundle/PrivacyInfo.xcprivacy
2025-01-23 10:03:02 +0000  copying file ./Frameworks/leveldb.framework/leveldb_Privacy.bundle/Info.plist ... 
2025-01-23 10:03:02 +0000  779 bytes for ./Frameworks/leveldb.framework/leveldb_Privacy.bundle/Info.plist
2025-01-23 10:03:02 +0000  copying file ./Frameworks/leveldb.framework/Info.plist ... 
2025-01-23 10:03:02 +0000  786 bytes for ./Frameworks/leveldb.framework/Info.plist
2025-01-23 10:03:02 +0000  copying file ./Frameworks/grpc.framework/_CodeSignature/CodeResources ... 
2025-01-23 10:03:02 +0000  2288 bytes for ./Frameworks/grpc.framework/_CodeSignature/CodeResources
2025-01-23 10:03:02 +0000  copying file ./Frameworks/grpc.framework/grpc ... 
2025-01-23 10:03:02 +0000  11551440 bytes for ./Frameworks/grpc.framework/grpc
2025-01-23 10:03:02 +0000  copying file ./Frameworks/grpc.framework/grpc.bundle/PrivacyInfo.xcprivacy ... 
2025-01-23 10:03:02 +0000  817 bytes for ./Frameworks/grpc.framework/grpc.bundle/PrivacyInfo.xcprivacy
2025-01-23 10:03:02 +0000  copying file ./Frameworks/grpc.framework/grpc.bundle/Info.plist ... 
2025-01-23 10:03:02 +0000  755 bytes for ./Frameworks/grpc.framework/grpc.bundle/Info.plist
2025-01-23 10:03:02 +0000  copying file ./Frameworks/grpc.framework/Info.plist ... 
2025-01-23 10:03:02 +0000  780 bytes for ./Frameworks/grpc.framework/Info.plist
2025-01-23 10:03:02 +0000  copying file ./Frameworks/AvailableHapticFeedback.framework/_CodeSignature/CodeResources ... 
2025-01-23 10:03:02 +0000  2034 bytes for ./Frameworks/AvailableHapticFeedback.framework/_CodeSignature/CodeResources
2025-01-23 10:03:02 +0000  copying file ./Frameworks/AvailableHapticFeedback.framework/AvailableHapticFeedback ... 
2025-01-23 10:03:02 +0000  130000 bytes for ./Frameworks/AvailableHapticFeedback.framework/AvailableHapticFeedback
2025-01-23 10:03:02 +0000  copying file ./Frameworks/AvailableHapticFeedback.framework/PrivacyInfo.xcprivacy ... 
2025-01-23 10:03:02 +0000  228 bytes for ./Frameworks/AvailableHapticFeedback.framework/PrivacyInfo.xcprivacy
2025-01-23 10:03:02 +0000  copying file ./Frameworks/AvailableHapticFeedback.framework/Info.plist ... 
2025-01-23 10:03:02 +0000  819 bytes for ./Frameworks/AvailableHapticFeedback.framework/Info.plist
2025-01-23 10:03:02 +0000  copying file ./Frameworks/Algorithms.framework/_CodeSignature/CodeResources ... 
2025-01-23 10:03:02 +0000  1798 bytes for ./Frameworks/Algorithms.framework/_CodeSignature/CodeResources
2025-01-23 10:03:02 +0000  copying file ./Frameworks/Algorithms.framework/Algorithms ... 
2025-01-23 10:03:02 +0000  1426752 bytes for ./Frameworks/Algorithms.framework/Algorithms
2025-01-23 10:03:02 +0000  copying file ./Frameworks/Algorithms.framework/Info.plist ... 
2025-01-23 10:03:02 +0000  791 bytes for ./Frameworks/Algorithms.framework/Info.plist
2025-01-23 10:03:02 +0000  copying file ./Frameworks/openssl_grpc.framework/_CodeSignature/CodeResources ... 
2025-01-23 10:03:02 +0000  2320 bytes for ./Frameworks/openssl_grpc.framework/_CodeSignature/CodeResources
2025-01-23 10:03:02 +0000  copying file ./Frameworks/openssl_grpc.framework/openssl_grpc ... 
2025-01-23 10:03:02 +0000  2087744 bytes for ./Frameworks/openssl_grpc.framework/openssl_grpc
2025-01-23 10:03:02 +0000  copying file ./Frameworks/openssl_grpc.framework/openssl_grpc.bundle/PrivacyInfo.xcprivacy ... 
2025-01-23 10:03:02 +0000  817 bytes for ./Frameworks/openssl_grpc.framework/openssl_grpc.bundle/PrivacyInfo.xcprivacy
2025-01-23 10:03:02 +0000  copying file ./Frameworks/openssl_grpc.framework/openssl_grpc.bundle/Info.plist ... 
2025-01-23 10:03:02 +0000  771 bytes for ./Frameworks/openssl_grpc.framework/openssl_grpc.bundle/Info.plist
2025-01-23 10:03:02 +0000  copying file ./Frameworks/openssl_grpc.framework/Info.plist ... 
2025-01-23 10:03:02 +0000  796 bytes for ./Frameworks/openssl_grpc.framework/Info.plist
2025-01-23 10:03:02 +0000  copying file ./Frameworks/Cosmos.framework/_CodeSignature/CodeResources ... 
2025-01-23 10:03:02 +0000  2296 bytes for ./Frameworks/Cosmos.framework/_CodeSignature/CodeResources
2025-01-23 10:03:02 +0000  copying file ./Frameworks/Cosmos.framework/Cosmos ... 
2025-01-23 10:03:02 +0000  269712 bytes for ./Frameworks/Cosmos.framework/Cosmos
2025-01-23 10:03:02 +0000  copying file ./Frameworks/Cosmos.framework/Cosmos.bundle/PrivacyInfo.xcprivacy ... 
2025-01-23 10:03:02 +0000  373 bytes for ./Frameworks/Cosmos.framework/Cosmos.bundle/PrivacyInfo.xcprivacy
2025-01-23 10:03:02 +0000  copying file ./Frameworks/Cosmos.framework/Cosmos.bundle/Info.plist ... 
2025-01-23 10:03:02 +0000  759 bytes for ./Frameworks/Cosmos.framework/Cosmos.bundle/Info.plist
2025-01-23 10:03:02 +0000  copying file ./Frameworks/Cosmos.framework/Info.plist ... 
2025-01-23 10:03:02 +0000  784 bytes for ./Frameworks/Cosmos.framework/Info.plist
2025-01-23 10:03:02 +0000  copying file ./Frameworks/absl.framework/_CodeSignature/CodeResources ... 
2025-01-23 10:03:02 +0000  2308 bytes for ./Frameworks/absl.framework/_CodeSignature/CodeResources
2025-01-23 10:03:02 +0000  copying file ./Frameworks/absl.framework/absl ... 
2025-01-23 10:03:02 +0000  1270864 bytes for ./Frameworks/absl.framework/absl
2025-01-23 10:03:02 +0000  copying file ./Frameworks/absl.framework/xcprivacy.bundle/PrivacyInfo.xcprivacy ... 
2025-01-23 10:03:02 +0000  373 bytes for ./Frameworks/absl.framework/xcprivacy.bundle/PrivacyInfo.xcprivacy
2025-01-23 10:03:02 +0000  copying file ./Frameworks/absl.framework/xcprivacy.bundle/Info.plist ... 
2025-01-23 10:03:02 +0000  771 bytes for ./Frameworks/absl.framework/xcprivacy.bundle/Info.plist
2025-01-23 10:03:02 +0000  copying file ./Frameworks/absl.framework/Info.plist ... 
2025-01-23 10:03:02 +0000  786 bytes for ./Frameworks/absl.framework/Info.plist
2025-01-23 10:03:02 +0000  copying file ./Frameworks/FirebaseInstallations.framework/_CodeSignature/CodeResources ... 
2025-01-23 10:03:02 +0000  2388 bytes for ./Frameworks/FirebaseInstallations.framework/_CodeSignature/CodeResources
2025-01-23 10:03:02 +0000  copying file ./Frameworks/FirebaseInstallations.framework/FirebaseInstallations ... 
2025-01-23 10:03:02 +0000  273008 bytes for ./Frameworks/FirebaseInstallations.framework/FirebaseInstallations
2025-01-23 10:03:02 +0000  copying file ./Frameworks/FirebaseInstallations.framework/FirebaseInstallations_Privacy.bundle/PrivacyInfo.xcprivacy ... 
2025-01-23 10:03:02 +0000  1105 bytes for ./Frameworks/FirebaseInstallations.framework/FirebaseInstallations_Privacy.bundle/PrivacyInfo.xcprivacy
2025-01-23 10:03:02 +0000  copying file ./Frameworks/FirebaseInstallations.framework/FirebaseInstallations_Privacy.bundle/Info.plist ... 
2025-01-23 10:03:02 +0000  808 bytes for ./Frameworks/FirebaseInstallations.framework/FirebaseInstallations_Privacy.bundle/Info.plist
2025-01-23 10:03:02 +0000  copying file ./Frameworks/FirebaseInstallations.framework/Info.plist ... 
2025-01-23 10:03:02 +0000  817 bytes for ./Frameworks/FirebaseInstallations.framework/Info.plist
2025-01-23 10:03:02 +0000  copying file ./Frameworks/SideMenuSwift.framework/_CodeSignature/CodeResources ... 
2025-01-23 10:03:02 +0000  1798 bytes for ./Frameworks/SideMenuSwift.framework/_CodeSignature/CodeResources
2025-01-23 10:03:02 +0000  copying file ./Frameworks/SideMenuSwift.framework/SideMenuSwift ... 
2025-01-23 10:03:02 +0000  321088 bytes for ./Frameworks/SideMenuSwift.framework/SideMenuSwift
2025-01-23 10:03:02 +0000  copying file ./Frameworks/SideMenuSwift.framework/Info.plist ... 
2025-01-23 10:03:02 +0000  797 bytes for ./Frameworks/SideMenuSwift.framework/Info.plist
2025-01-23 10:03:02 +0000  copying file ./Frameworks/FittedSheets.framework/FittedSheets ... 
2025-01-23 10:03:02 +0000  265488 bytes for ./Frameworks/FittedSheets.framework/FittedSheets
2025-01-23 10:03:02 +0000  copying file ./Frameworks/FittedSheets.framework/_CodeSignature/CodeResources ... 
2025-01-23 10:03:02 +0000  1798 bytes for ./Frameworks/FittedSheets.framework/_CodeSignature/CodeResources
2025-01-23 10:03:02 +0000  copying file ./Frameworks/FittedSheets.framework/Info.plist ... 
2025-01-23 10:03:02 +0000  795 bytes for ./Frameworks/FittedSheets.framework/Info.plist
2025-01-23 10:03:02 +0000  copying file ./Frameworks/TOCropViewController.framework/_CodeSignature/CodeResources ... 
2025-01-23 10:03:02 +0000  15433 bytes for ./Frameworks/TOCropViewController.framework/_CodeSignature/CodeResources
2025-01-23 10:03:02 +0000  copying file ./Frameworks/TOCropViewController.framework/TOCropViewController ... 
2025-01-23 10:03:02 +0000  323280 bytes for ./Frameworks/TOCropViewController.framework/TOCropViewController
2025-01-23 10:03:02 +0000  copying file ./Frameworks/TOCropViewController.framework/TOCropViewControllerBundle.bundle/de.lproj/TOCropViewControllerLocalizable.strings ... 
2025-01-23 10:03:02 +0000  189 bytes for ./Frameworks/TOCropViewController.framework/TOCropViewControllerBundle.bundle/de.lproj/TOCropViewControllerLocalizable.strings
2025-01-23 10:03:02 +0000  copying file ./Frameworks/TOCropViewController.framework/TOCropViewControllerBundle.bundle/ar.lproj/TOCropViewControllerLocalizable.strings ... 
2025-01-23 10:03:02 +0000  207 bytes for ./Frameworks/TOCropViewController.framework/TOCropViewControllerBundle.bundle/ar.lproj/TOCropViewControllerLocalizable.strings
2025-01-23 10:03:02 +0000  copying file ./Frameworks/TOCropViewController.framework/TOCropViewControllerBundle.bundle/zh-Hans.lproj/TOCropViewControllerLocalizable.strings ... 
2025-01-23 10:03:02 +0000  172 bytes for ./Frameworks/TOCropViewController.framework/TOCropViewControllerBundle.bundle/zh-Hans.lproj/TOCropViewControllerLocalizable.strings
2025-01-23 10:03:02 +0000  copying file ./Frameworks/TOCropViewController.framework/TOCropViewControllerBundle.bundle/ja.lproj/TOCropViewControllerLocalizable.strings ... 
2025-01-23 10:03:02 +0000  210 bytes for ./Frameworks/TOCropViewController.framework/TOCropViewControllerBundle.bundle/ja.lproj/TOCropViewControllerLocalizable.strings
2025-01-23 10:03:02 +0000  copying file ./Frameworks/TOCropViewController.framework/TOCropViewControllerBundle.bundle/fa.lproj/TOCropViewControllerLocalizable.strings ... 
2025-01-23 10:03:02 +0000  210 bytes for ./Frameworks/TOCropViewController.framework/TOCropViewControllerBundle.bundle/fa.lproj/TOCropViewControllerLocalizable.strings
2025-01-23 10:03:02 +0000  copying file ./Frameworks/TOCropViewController.framework/TOCropViewControllerBundle.bundle/en.lproj/TOCropViewControllerLocalizable.strings ... 
2025-01-23 10:03:02 +0000  168 bytes for ./Frameworks/TOCropViewController.framework/TOCropViewControllerBundle.bundle/en.lproj/TOCropViewControllerLocalizable.strings
2025-01-23 10:03:02 +0000  copying file ./Frameworks/TOCropViewController.framework/TOCropViewControllerBundle.bundle/es.lproj/TOCropViewControllerLocalizable.strings ... 
2025-01-23 10:03:02 +0000  179 bytes for ./Frameworks/TOCropViewController.framework/TOCropViewControllerBundle.bundle/es.lproj/TOCropViewControllerLocalizable.strings
2025-01-23 10:03:02 +0000  copying file ./Frameworks/TOCropViewController.framework/TOCropViewControllerBundle.bundle/it.lproj/TOCropViewControllerLocalizable.strings ... 
2025-01-23 10:03:02 +0000  181 bytes for ./Frameworks/TOCropViewController.framework/TOCropViewControllerBundle.bundle/it.lproj/TOCropViewControllerLocalizable.strings
2025-01-23 10:03:02 +0000  copying file ./Frameworks/TOCropViewController.framework/TOCropViewControllerBundle.bundle/sk.lproj/TOCropViewControllerLocalizable.strings ... 
2025-01-23 10:03:02 +0000  176 bytes for ./Frameworks/TOCropViewController.framework/TOCropViewControllerBundle.bundle/sk.lproj/TOCropViewControllerLocalizable.strings
2025-01-23 10:03:02 +0000  copying file ./Frameworks/TOCropViewController.framework/TOCropViewControllerBundle.bundle/ms.lproj/TOCropViewControllerLocalizable.strings ... 
2025-01-23 10:03:02 +0000  173 bytes for ./Frameworks/TOCropViewController.framework/TOCropViewControllerBundle.bundle/ms.lproj/TOCropViewControllerLocalizable.strings
2025-01-23 10:03:02 +0000  copying file ./Frameworks/TOCropViewController.framework/TOCropViewControllerBundle.bundle/cs.lproj/TOCropViewControllerLocalizable.strings ... 
2025-01-23 10:03:02 +0000  173 bytes for ./Frameworks/TOCropViewController.framework/TOCropViewControllerBundle.bundle/cs.lproj/TOCropViewControllerLocalizable.strings
2025-01-23 10:03:02 +0000  copying file ./Frameworks/TOCropViewController.framework/TOCropViewControllerBundle.bundle/ko.lproj/TOCropViewControllerLocalizable.strings ... 
2025-01-23 10:03:02 +0000  187 bytes for ./Frameworks/TOCropViewController.framework/TOCropViewControllerBundle.bundle/ko.lproj/TOCropViewControllerLocalizable.strings
2025-01-23 10:03:02 +0000  copying file ./Frameworks/TOCropViewController.framework/TOCropViewControllerBundle.bundle/Base.lproj/TOCropViewControllerLocalizable.strings ... 
2025-01-23 10:03:02 +0000  168 bytes for ./Frameworks/TOCropViewController.framework/TOCropViewControllerBundle.bundle/Base.lproj/TOCropViewControllerLocalizable.strings
2025-01-23 10:03:02 +0000  copying file ./Frameworks/TOCropViewController.framework/TOCropViewControllerBundle.bundle/zh-Hant.lproj/TOCropViewControllerLocalizable.strings ... 
2025-01-23 10:03:02 +0000  175 bytes for ./Frameworks/TOCropViewController.framework/TOCropViewControllerBundle.bundle/zh-Hant.lproj/TOCropViewControllerLocalizable.strings
2025-01-23 10:03:02 +0000  copying file ./Frameworks/TOCropViewController.framework/TOCropViewControllerBundle.bundle/fa-IR.lproj/TOCropViewControllerLocalizable.strings ... 
2025-01-23 10:03:02 +0000  210 bytes for ./Frameworks/TOCropViewController.framework/TOCropViewControllerBundle.bundle/fa-IR.lproj/TOCropViewControllerLocalizable.strings
2025-01-23 10:03:02 +0000  copying file ./Frameworks/TOCropViewController.framework/TOCropViewControllerBundle.bundle/hu.lproj/TOCropViewControllerLocalizable.strings ... 
2025-01-23 10:03:02 +0000  194 bytes for ./Frameworks/TOCropViewController.framework/TOCropViewControllerBundle.bundle/hu.lproj/TOCropViewControllerLocalizable.strings
2025-01-23 10:03:02 +0000  copying file ./Frameworks/TOCropViewController.framework/TOCropViewControllerBundle.bundle/da-DK.lproj/TOCropViewControllerLocalizable.strings ... 
2025-01-23 10:03:02 +0000  174 bytes for ./Frameworks/TOCropViewController.framework/TOCropViewControllerBundle.bundle/da-DK.lproj/TOCropViewControllerLocalizable.strings
2025-01-23 10:03:02 +0000  copying file ./Frameworks/TOCropViewController.framework/TOCropViewControllerBundle.bundle/tr.lproj/TOCropViewControllerLocalizable.strings ... 
2025-01-23 10:03:02 +0000  183 bytes for ./Frameworks/TOCropViewController.framework/TOCropViewControllerBundle.bundle/tr.lproj/TOCropViewControllerLocalizable.strings
2025-01-23 10:03:02 +0000  copying file ./Frameworks/TOCropViewController.framework/TOCropViewControllerBundle.bundle/pl.lproj/TOCropViewControllerLocalizable.strings ... 
2025-01-23 10:03:02 +0000  171 bytes for ./Frameworks/TOCropViewController.framework/TOCropViewControllerBundle.bundle/pl.lproj/TOCropViewControllerLocalizable.strings
2025-01-23 10:03:02 +0000  copying file ./Frameworks/TOCropViewController.framework/TOCropViewControllerBundle.bundle/pt-BR.lproj/TOCropViewControllerLocalizable.strings ... 
2025-01-23 10:03:02 +0000  181 bytes for ./Frameworks/TOCropViewController.framework/TOCropViewControllerBundle.bundle/pt-BR.lproj/TOCropViewControllerLocalizable.strings
2025-01-23 10:03:02 +0000  copying file ./Frameworks/TOCropViewController.framework/TOCropViewControllerBundle.bundle/vi.lproj/TOCropViewControllerLocalizable.strings ... 
2025-01-23 10:03:02 +0000  178 bytes for ./Frameworks/TOCropViewController.framework/TOCropViewControllerBundle.bundle/vi.lproj/TOCropViewControllerLocalizable.strings
2025-01-23 10:03:02 +0000  copying file ./Frameworks/TOCropViewController.framework/TOCropViewControllerBundle.bundle/ru.lproj/TOCropViewControllerLocalizable.strings ... 
2025-01-23 10:03:02 +0000  237 bytes for ./Frameworks/TOCropViewController.framework/TOCropViewControllerBundle.bundle/ru.lproj/TOCropViewControllerLocalizable.strings
2025-01-23 10:03:02 +0000  copying file ./Frameworks/TOCropViewController.framework/TOCropViewControllerBundle.bundle/fr.lproj/TOCropViewControllerLocalizable.strings ... 
2025-01-23 10:03:02 +0000  193 bytes for ./Frameworks/TOCropViewController.framework/TOCropViewControllerBundle.bundle/fr.lproj/TOCropViewControllerLocalizable.strings
2025-01-23 10:03:02 +0000  copying file ./Frameworks/TOCropViewController.framework/TOCropViewControllerBundle.bundle/fi.lproj/TOCropViewControllerLocalizable.strings ... 
2025-01-23 10:03:02 +0000  179 bytes for ./Frameworks/TOCropViewController.framework/TOCropViewControllerBundle.bundle/fi.lproj/TOCropViewControllerLocalizable.strings
2025-01-23 10:03:02 +0000  copying file ./Frameworks/TOCropViewController.framework/TOCropViewControllerBundle.bundle/id.lproj/TOCropViewControllerLocalizable.strings ... 
2025-01-23 10:03:02 +0000  178 bytes for ./Frameworks/TOCropViewController.framework/TOCropViewControllerBundle.bundle/id.lproj/TOCropViewControllerLocalizable.strings
2025-01-23 10:03:02 +0000  copying file ./Frameworks/TOCropViewController.framework/TOCropViewControllerBundle.bundle/nl.lproj/TOCropViewControllerLocalizable.strings ... 
2025-01-23 10:03:02 +0000  178 bytes for ./Frameworks/TOCropViewController.framework/TOCropViewControllerBundle.bundle/nl.lproj/TOCropViewControllerLocalizable.strings
2025-01-23 10:03:02 +0000  copying file ./Frameworks/TOCropViewController.framework/TOCropViewControllerBundle.bundle/pt.lproj/TOCropViewControllerLocalizable.strings ... 
2025-01-23 10:03:02 +0000  181 bytes for ./Frameworks/TOCropViewController.framework/TOCropViewControllerBundle.bundle/pt.lproj/TOCropViewControllerLocalizable.strings
2025-01-23 10:03:02 +0000  copying file ./Frameworks/TOCropViewController.framework/TOCropViewControllerBundle.bundle/ro.lproj/TOCropViewControllerLocalizable.strings ... 
2025-01-23 10:03:02 +0000  181 bytes for ./Frameworks/TOCropViewController.framework/TOCropViewControllerBundle.bundle/ro.lproj/TOCropViewControllerLocalizable.strings
2025-01-23 10:03:02 +0000  copying file ./Frameworks/TOCropViewController.framework/TOCropViewControllerBundle.bundle/Info.plist ... 
2025-01-23 10:03:02 +0000  800 bytes for ./Frameworks/TOCropViewController.framework/TOCropViewControllerBundle.bundle/Info.plist
2025-01-23 10:03:02 +0000  copying file ./Frameworks/TOCropViewController.framework/TOCropViewControllerBundle.bundle/ca.lproj/TOCropViewControllerLocalizable.strings ... 
2025-01-23 10:03:02 +0000  177 bytes for ./Frameworks/TOCropViewController.framework/TOCropViewControllerBundle.bundle/ca.lproj/TOCropViewControllerLocalizable.strings
2025-01-23 10:03:02 +0000  copying file ./Frameworks/TOCropViewController.framework/Info.plist ... 
2025-01-23 10:03:02 +0000  813 bytes for ./Frameworks/TOCropViewController.framework/Info.plist
2025-01-23 10:03:02 +0000  copying file ./Frameworks/Alamofire.framework/_CodeSignature/CodeResources ... 
2025-01-23 10:03:02 +0000  1798 bytes for ./Frameworks/Alamofire.framework/_CodeSignature/CodeResources
2025-01-23 10:03:02 +0000  copying file ./Frameworks/Alamofire.framework/Alamofire ... 
2025-01-23 10:03:02 +0000  1028208 bytes for ./Frameworks/Alamofire.framework/Alamofire
2025-01-23 10:03:02 +0000  copying file ./Frameworks/Alamofire.framework/Info.plist ... 
2025-01-23 10:03:02 +0000  789 bytes for ./Frameworks/Alamofire.framework/Info.plist
2025-01-23 10:03:02 +0000  copying file ./Frameworks/ObjectMapper.framework/_CodeSignature/CodeResources ... 
2025-01-23 10:03:02 +0000  1798 bytes for ./Frameworks/ObjectMapper.framework/_CodeSignature/CodeResources
2025-01-23 10:03:02 +0000  copying file ./Frameworks/ObjectMapper.framework/ObjectMapper ... 
2025-01-23 10:03:02 +0000  428704 bytes for ./Frameworks/ObjectMapper.framework/ObjectMapper
2025-01-23 10:03:02 +0000  copying file ./Frameworks/ObjectMapper.framework/Info.plist ... 
2025-01-23 10:03:02 +0000  795 bytes for ./Frameworks/ObjectMapper.framework/Info.plist
2025-01-23 10:03:02 +0000  copying file ./Frameworks/DRPLoadingSpinner.framework/_CodeSignature/CodeResources ... 
2025-01-23 10:03:02 +0000  1798 bytes for ./Frameworks/DRPLoadingSpinner.framework/_CodeSignature/CodeResources
2025-01-23 10:03:02 +0000  copying file ./Frameworks/DRPLoadingSpinner.framework/DRPLoadingSpinner ... 
2025-01-23 10:03:02 +0000  131792 bytes for ./Frameworks/DRPLoadingSpinner.framework/DRPLoadingSpinner
2025-01-23 10:03:02 +0000  copying file ./Frameworks/DRPLoadingSpinner.framework/Info.plist ... 
2025-01-23 10:03:02 +0000  807 bytes for ./Frameworks/DRPLoadingSpinner.framework/Info.plist
2025-01-23 10:03:02 +0000  copying file ./Frameworks/MultiSlider.framework/_CodeSignature/CodeResources ... 
2025-01-23 10:03:02 +0000  2034 bytes for ./Frameworks/MultiSlider.framework/_CodeSignature/CodeResources
2025-01-23 10:03:02 +0000  copying file ./Frameworks/MultiSlider.framework/MultiSlider ... 
2025-01-23 10:03:02 +0000  328528 bytes for ./Frameworks/MultiSlider.framework/MultiSlider
2025-01-23 10:03:02 +0000  copying file ./Frameworks/MultiSlider.framework/PrivacyInfo.xcprivacy ... 
2025-01-23 10:03:02 +0000  228 bytes for ./Frameworks/MultiSlider.framework/PrivacyInfo.xcprivacy
2025-01-23 10:03:02 +0000  copying file ./Frameworks/MultiSlider.framework/Info.plist ... 
2025-01-23 10:03:02 +0000  793 bytes for ./Frameworks/MultiSlider.framework/Info.plist
2025-01-23 10:03:02 +0000  copying file ./Frameworks/Charts.framework/_CodeSignature/CodeResources ... 
2025-01-23 10:03:02 +0000  1798 bytes for ./Frameworks/Charts.framework/_CodeSignature/CodeResources
2025-01-23 10:03:02 +0000  copying file ./Frameworks/Charts.framework/Charts ... 
2025-01-23 10:03:02 +0000  3091328 bytes for ./Frameworks/Charts.framework/Charts
2025-01-23 10:03:02 +0000  copying file ./Frameworks/Charts.framework/Info.plist ... 
2025-01-23 10:03:02 +0000  783 bytes for ./Frameworks/Charts.framework/Info.plist
2025-01-23 10:03:02 +0000  copying file ./Frameworks/TagListView.framework/_CodeSignature/CodeResources ... 
2025-01-23 10:03:02 +0000  1798 bytes for ./Frameworks/TagListView.framework/_CodeSignature/CodeResources
2025-01-23 10:03:02 +0000  copying file ./Frameworks/TagListView.framework/TagListView ... 
2025-01-23 10:03:02 +0000  278400 bytes for ./Frameworks/TagListView.framework/TagListView
2025-01-23 10:03:02 +0000  copying file ./Frameworks/TagListView.framework/Info.plist ... 
2025-01-23 10:03:02 +0000  793 bytes for ./Frameworks/TagListView.framework/Info.plist
2025-01-23 10:03:02 +0000  copying file ./Frameworks/RxCocoa.framework/_CodeSignature/CodeResources ... 
2025-01-23 10:03:02 +0000  1798 bytes for ./Frameworks/RxCocoa.framework/_CodeSignature/CodeResources
2025-01-23 10:03:02 +0000  copying file ./Frameworks/RxCocoa.framework/RxCocoa ... 
2025-01-23 10:03:02 +0000  1503584 bytes for ./Frameworks/RxCocoa.framework/RxCocoa
2025-01-23 10:03:02 +0000  copying file ./Frameworks/RxCocoa.framework/Info.plist ... 
2025-01-23 10:03:02 +0000  785 bytes for ./Frameworks/RxCocoa.framework/Info.plist
2025-01-23 10:03:02 +0000  copying file ./Frameworks/FSPagerView.framework/_CodeSignature/CodeResources ... 
2025-01-23 10:03:02 +0000  1798 bytes for ./Frameworks/FSPagerView.framework/_CodeSignature/CodeResources
2025-01-23 10:03:02 +0000  copying file ./Frameworks/FSPagerView.framework/FSPagerView ... 
2025-01-23 10:03:02 +0000  410144 bytes for ./Frameworks/FSPagerView.framework/FSPagerView
2025-01-23 10:03:02 +0000  copying file ./Frameworks/FSPagerView.framework/Info.plist ... 
2025-01-23 10:03:02 +0000  793 bytes for ./Frameworks/FSPagerView.framework/Info.plist
2025-01-23 10:03:02 +0000  copying file ./Frameworks/Lottie.framework/_CodeSignature/CodeResources ... 
2025-01-23 10:03:02 +0000  1798 bytes for ./Frameworks/Lottie.framework/_CodeSignature/CodeResources
2025-01-23 10:03:02 +0000  copying file ./Frameworks/Lottie.framework/Lottie ... 
2025-01-23 10:03:02 +0000  528176 bytes for ./Frameworks/Lottie.framework/Lottie
2025-01-23 10:03:02 +0000  copying file ./Frameworks/Lottie.framework/Info.plist ... 
2025-01-23 10:03:02 +0000  783 bytes for ./Frameworks/Lottie.framework/Info.plist
2025-01-23 10:03:02 +0000  copying file ./Frameworks/RxSwift.framework/_CodeSignature/CodeResources ... 
2025-01-23 10:03:02 +0000  1798 bytes for ./Frameworks/RxSwift.framework/_CodeSignature/CodeResources
2025-01-23 10:03:02 +0000  copying file ./Frameworks/RxSwift.framework/RxSwift ... 
2025-01-23 10:03:02 +0000  2076288 bytes for ./Frameworks/RxSwift.framework/RxSwift
2025-01-23 10:03:02 +0000  copying file ./Frameworks/RxSwift.framework/Info.plist ... 
2025-01-23 10:03:02 +0000  785 bytes for ./Frameworks/RxSwift.framework/Info.plist
2025-01-23 10:03:02 +0000  copying file ./Frameworks/EasyTipView.framework/_CodeSignature/CodeResources ... 
2025-01-23 10:03:02 +0000  1798 bytes for ./Frameworks/EasyTipView.framework/_CodeSignature/CodeResources
2025-01-23 10:03:02 +0000  copying file ./Frameworks/EasyTipView.framework/EasyTipView ... 
2025-01-23 10:03:02 +0000  246784 bytes for ./Frameworks/EasyTipView.framework/EasyTipView
2025-01-23 10:03:02 +0000  copying file ./Frameworks/EasyTipView.framework/Info.plist ... 
2025-01-23 10:03:02 +0000  793 bytes for ./Frameworks/EasyTipView.framework/Info.plist
2025-01-23 10:03:02 +0000  copying file ./Frameworks/Stevia.framework/_CodeSignature/CodeResources ... 
2025-01-23 10:03:02 +0000  1798 bytes for ./Frameworks/Stevia.framework/_CodeSignature/CodeResources
2025-01-23 10:03:02 +0000  copying file ./Frameworks/Stevia.framework/Stevia ... 
2025-01-23 10:03:02 +0000  278576 bytes for ./Frameworks/Stevia.framework/Stevia
2025-01-23 10:03:02 +0000  copying file ./Frameworks/Stevia.framework/Info.plist ... 
2025-01-23 10:03:02 +0000  783 bytes for ./Frameworks/Stevia.framework/Info.plist
2025-01-23 10:03:02 +0000  copying file ./OrganizationEmployeesViewController.nib ... 
2025-01-23 10:03:02 +0000  5187 bytes for ./OrganizationEmployeesViewController.nib
2025-01-23 10:03:02 +0000  copying file ./TagsSortCell.nib ... 
2025-01-23 10:03:02 +0000  4017 bytes for ./TagsSortCell.nib
2025-01-23 10:03:02 +0000  copying file ./NewDatePickerPopup.nib ... 
2025-01-23 10:03:02 +0000  8207 bytes for ./NewDatePickerPopup.nib
2025-01-23 10:03:02 +0000  copying file ./SubSubHeaderTableViewCell.nib ... 
2025-01-23 10:03:02 +0000  3948 bytes for ./SubSubHeaderTableViewCell.nib
2025-01-23 10:03:02 +0000  copying file ./BaseListBottomSheet.nib ... 
2025-01-23 10:03:02 +0000  7905 bytes for ./BaseListBottomSheet.nib
2025-01-23 10:03:02 +0000  copying file ./FilesView.nib ... 
2025-01-23 10:03:02 +0000  12832 bytes for ./FilesView.nib
2025-01-23 10:03:02 +0000  copying file ./ProfileTVCell.nib ... 
2025-01-23 10:03:02 +0000  10472 bytes for ./ProfileTVCell.nib
2025-01-23 10:03:02 +0000  copying file ./PinnedNewsTVCellCerqel.nib ... 
2025-01-23 10:03:02 +0000  3921 bytes for ./PinnedNewsTVCellCerqel.nib
2025-01-23 10:03:02 +0000  copying file ./MediaLibraryDetailsViewCerqel.nib ... 
2025-01-23 10:03:02 +0000  13456 bytes for ./MediaLibraryDetailsViewCerqel.nib
2025-01-23 10:03:02 +0000  copying file ./embedded.mobileprovision ... 
2025-01-23 10:03:02 +0000  53843 bytes for ./embedded.mobileprovision
2025-01-23 10:03:02 +0000  copying file ./FileActionsView.nib ... 
2025-01-23 10:03:02 +0000  7611 bytes for ./FileActionsView.nib
2025-01-23 10:03:02 +0000  copying file ./FileTableViewCell.nib ... 
2025-01-23 10:03:02 +0000  13402 bytes for ./FileTableViewCell.nib
2025-01-23 10:03:02 +0000  copying file ./ProfilePhotoActions.nib ... 
2025-01-23 10:03:02 +0000  6554 bytes for ./ProfilePhotoActions.nib
2025-01-23 10:03:02 +0000  copying file ./MySalaryBasicSection.nib ... 
2025-01-23 10:03:02 +0000  4428 bytes for ./MySalaryBasicSection.nib
2025-01-23 10:03:02 +0000  copying file ./CheckBoxSortCell.nib ... 
2025-01-23 10:03:02 +0000  5430 bytes for ./CheckBoxSortCell.nib
2025-01-23 10:03:02 +0000  copying file ./TableControlValueTVcell.nib ... 
2025-01-23 10:03:02 +0000  5714 bytes for ./TableControlValueTVcell.nib
2025-01-23 10:03:02 +0000  copying file ./dbTabsCVcell.nib ... 
2025-01-23 10:03:02 +0000  5712 bytes for ./dbTabsCVcell.nib
2025-01-23 10:03:02 +0000  copying file ./FAQsSearchResultsView.nib ... 
2025-01-23 10:03:02 +0000  4240 bytes for ./FAQsSearchResultsView.nib
2025-01-23 10:03:02 +0000  copying file ./NewDatePickerTVCell.nib ... 
2025-01-23 10:03:02 +0000  14154 bytes for ./NewDatePickerTVCell.nib
2025-01-23 10:03:02 +0000  copying file ./ProfileEmptySectionHeaderV.nib ... 
2025-01-23 10:03:02 +0000  2314 bytes for ./ProfileEmptySectionHeaderV.nib
2025-01-23 10:03:02 +0000  copying file ./offersListViewCerqel.nib ... 
2025-01-23 10:03:02 +0000  9667 bytes for ./offersListViewCerqel.nib
2025-01-23 10:03:02 +0000  copying file ./SST Arabic Roman.ttf ... 
2025-01-23 10:03:02 +0000  326616 bytes for ./SST Arabic Roman.ttf
2025-01-23 10:03:02 +0000  copying file ./NewTextAreaTVcell.nib ... 
2025-01-23 10:03:02 +0000  7898 bytes for ./NewTextAreaTVcell.nib
2025-01-23 10:03:02 +0000  copying file ./formNew.json ... 
2025-01-23 10:03:02 +0000  62457 bytes for ./formNew.json
2025-01-23 10:03:02 +0000  copying file ./DeleteEventVC.nib ... 
2025-01-23 10:03:02 +0000  9479 bytes for ./DeleteEventVC.nib
2025-01-23 10:03:02 +0000  copying file ./TwoVerticalLabels.nib ... 
2025-01-23 10:03:02 +0000  3721 bytes for ./TwoVerticalLabels.nib
2025-01-23 10:03:02 +0000  copying file ./Poppins-Thin.ttf ... 
2025-01-23 10:03:02 +0000  161652 bytes for ./Poppins-Thin.ttf
2025-01-23 10:03:02 +0000  copying file ./NewDropDownViewController.nib ... 
2025-01-23 10:03:02 +0000  9859 bytes for ./NewDropDownViewController.nib
2025-01-23 10:03:02 +0000  copying file ./NewInfoIndicatorTVcell.nib ... 
2025-01-23 10:03:02 +0000  5010 bytes for ./NewInfoIndicatorTVcell.nib
2025-01-23 10:03:02 +0000  copying file ./AttrebutedMediaItemTVcell.nib ... 
2025-01-23 10:03:02 +0000  16289 bytes for ./AttrebutedMediaItemTVcell.nib
2025-01-23 10:03:02 +0000  copying file ./NewMediaItemTVcell.nib ... 
2025-01-23 10:03:02 +0000  7318 bytes for ./NewMediaItemTVcell.nib
2025-01-23 10:03:02 +0000  copying file ./ViewAllServicesVC.nib ... 
2025-01-23 10:03:02 +0000  5417 bytes for ./ViewAllServicesVC.nib
2025-01-23 10:03:02 +0000  copying file ./Poppins-SemiBold.ttf ... 
2025-01-23 10:03:02 +0000  155232 bytes for ./Poppins-SemiBold.ttf
2025-01-23 10:03:02 +0000  copying file ./SuccessEditEventVC.nib ... 
2025-01-23 10:03:02 +0000  9235 bytes for ./SuccessEditEventVC.nib
2025-01-23 10:03:02 +0000  copying file ./ChatEmptyTVcell.nib ... 
2025-01-23 10:03:02 +0000  5158 bytes for ./ChatEmptyTVcell.nib
2025-01-23 10:03:02 +0000  copying file ./AttachmentView.nib ... 
2025-01-23 10:03:02 +0000  8462 bytes for ./AttachmentView.nib
2025-01-23 10:03:02 +0000  copying file ./Poppins-Italic.ttf ... 
2025-01-23 10:03:02 +0000  182012 bytes for ./Poppins-Italic.ttf
2025-01-23 10:03:02 +0000  copying file ./Info.plist ... 
2025-01-23 10:03:02 +0000  3154 bytes for ./Info.plist
2025-01-23 10:03:02 +0000  copying file ./CategoriesHeaderV.nib ... 
2025-01-23 10:03:02 +0000  5607 bytes for ./CategoriesHeaderV.nib
2025-01-23 10:03:02 +0000  copying file ./AnnouncementDetailsVCCerqel.nib ... 
2025-01-23 10:03:02 +0000  12462 bytes for ./AnnouncementDetailsVCCerqel.nib
2025-01-23 10:03:02 +0000  copying file ./NewCheckBoxTVCell.nib ... 
2025-01-23 10:03:02 +0000  7222 bytes for ./NewCheckBoxTVCell.nib
2025-01-23 10:03:02 +0000  copying file ./EducationListViewController.nib ... 
2025-01-23 10:03:02 +0000  6294 bytes for ./EducationListViewController.nib
2025-01-23 10:03:02 +0000  copying file ./ServiceSubCategoryCell.nib ... 
2025-01-23 10:03:02 +0000  4058 bytes for ./ServiceSubCategoryCell.nib
2025-01-23 10:03:02 +0000  copying file ./FAQsCategoryCVCell.nib ... 
2025-01-23 10:03:02 +0000  5148 bytes for ./FAQsCategoryCVCell.nib
2025-01-23 10:03:02 +0000  copying file ./HomeMediaLibraryTVcell.nib ... 
2025-01-23 10:03:02 +0000  6615 bytes for ./HomeMediaLibraryTVcell.nib
2025-01-23 10:03:02 +0000  copying file ./ExpandedHeaderView.nib ... 
2025-01-23 10:03:02 +0000  6107 bytes for ./ExpandedHeaderView.nib
2025-01-23 10:03:02 +0000  copying file ./NewsListViewCerqel.nib ... 
2025-01-23 10:03:02 +0000  6803 bytes for ./NewsListViewCerqel.nib
2025-01-23 10:03:02 +0000  copying file ./AlbumListCVCellCerqel.nib ... 
2025-01-23 10:03:02 +0000  3832 bytes for ./AlbumListCVCellCerqel.nib
2025-01-23 10:03:02 +0000  copying file ./EventDetailsVC.nib ... 
2025-01-23 10:03:02 +0000  16802 bytes for ./EventDetailsVC.nib
2025-01-23 10:03:02 +0000  copying file ./ModulesCell.nib ... 
2025-01-23 10:03:02 +0000  6163 bytes for ./ModulesCell.nib
2025-01-23 10:03:02 +0000  copying file ./UploadMediaTVcell.nib ... 
2025-01-23 10:03:02 +0000  7016 bytes for ./UploadMediaTVcell.nib
2025-01-23 10:03:02 +0000  copying file ./SortNewsTVCellCerqel.nib ... 
2025-01-23 10:03:02 +0000  5584 bytes for ./SortNewsTVCellCerqel.nib
2025-01-23 10:03:02 +0000  copying file ./CompanyProfileVC.nib ... 
2025-01-23 10:03:02 +0000  9228 bytes for ./CompanyProfileVC.nib
2025-01-23 10:03:02 +0000  copying file ./RequestTaskTVcell.nib ... 
2025-01-23 10:03:02 +0000  10582 bytes for ./RequestTaskTVcell.nib
2025-01-23 10:03:02 +0000  copying file ./PkgInfo ... 
2025-01-23 10:03:02 +0000  8 bytes for ./PkgInfo
2025-01-23 10:03:02 +0000  copying file ./EmployeeCollectionCell.nib ... 
2025-01-23 10:03:02 +0000  6842 bytes for ./EmployeeCollectionCell.nib
2025-01-23 10:03:02 +0000  copying file ./RateTableViewCell.nib ... 
2025-01-23 10:03:02 +0000  3884 bytes for ./RateTableViewCell.nib
2025-01-23 10:03:02 +0000  copying file ./NestedFormViewController.storyboardc/0W1-dk-yRu-view-ljK-5Q-SFc.nib ... 
2025-01-23 10:03:02 +0000  20067 bytes for ./NestedFormViewController.storyboardc/0W1-dk-yRu-view-ljK-5Q-SFc.nib
2025-01-23 10:03:02 +0000  copying file ./NestedFormViewController.storyboardc/FormBuilderVC.nib ... 
2025-01-23 10:03:02 +0000  1315 bytes for ./NestedFormViewController.storyboardc/FormBuilderVC.nib
2025-01-23 10:03:02 +0000  copying file ./NestedFormViewController.storyboardc/Info.plist ... 
2025-01-23 10:03:02 +0000  195 bytes for ./NestedFormViewController.storyboardc/Info.plist
2025-01-23 10:03:02 +0000  copying file ./ProfileAddItemSectionHeaderV.nib ... 
2025-01-23 10:03:02 +0000  5505 bytes for ./ProfileAddItemSectionHeaderV.nib
2025-01-23 10:03:02 +0000  copying file ./NewServiceTVCell.nib ... 
2025-01-23 10:03:02 +0000  6962 bytes for ./NewServiceTVCell.nib
2025-01-23 10:03:02 +0000  copying file ./ChangeLanguageVC.nib ... 
2025-01-23 10:03:02 +0000  8008 bytes for ./ChangeLanguageVC.nib
2025-01-23 10:03:02 +0000  copying file ./AboutUsViewController.nib ... 
2025-01-23 10:03:02 +0000  3020 bytes for ./AboutUsViewController.nib
2025-01-23 10:03:02 +0000  copying file ./BackwardRequestDetailsView.nib ... 
2025-01-23 10:03:02 +0000  9300 bytes for ./BackwardRequestDetailsView.nib
copying file ./MySalaryExpandedSection.nib ... 
2025-01-23 10:03:02 +0000  5340 bytes for ./MySalaryExpandedSection.nib
2025-01-23 10:03:02 +0000  copying file ./HomeAnnouncementTVcell.nib ... 
2025-01-23 10:03:02 +0000  6642 bytes for ./HomeAnnouncementTVcell.nib
2025-01-23 10:03:02 +0000  copying file ./Poppins-MediumItalic.ttf ... 
2025-01-23 10:03:02 +0000  180444 bytes for ./Poppins-MediumItalic.ttf
2025-01-23 10:03:02 +0000  copying file ./TextAreaTableViewCell.nib ... 
2025-01-23 10:03:02 +0000  6734 bytes for ./TextAreaTableViewCell.nib
2025-01-23 10:03:02 +0000  copying file ./LoginCerqelVC.nib ... 
2025-01-23 10:03:02 +0000  5770 bytes for ./LoginCerqelVC.nib
2025-01-23 10:03:02 +0000  /usr/bin/ditto exited with 0
2025-01-23 10:03:02 +0000  Processing step: IDEDistributionEmbedProfileStep
2025-01-23 10:03:02 +0000  Skipping profile for item: <IDEDistributionItem: 0x6001fc0dfd80; bundleID='org.cocoapods.AKMaskField', path='<DVTFilePath:0x600080fb5110:'/Users/ahmedmaher/Library/Developer/Xcode/Archives/2025-01-23/CERQEL_TST 23-01-2025, 11.53 AM.xcarchive/Products/Applications/CERQEL.app/Frameworks/AKMaskField.framework'>', codeSigningInfo='<_DVTCodeSigningInformation_Path: 0x60010c727e30; isSigned='1', isAdHocSigned='0', signingCertificate='<DVTSigningCertificate: 0x600059e16580; name='Apple Development: Ahmed Maher (N5M5QPPB69)', hash='FC4EF9E1EDFAE25151A1E6A8911A084FC1B246BC', serialNumber='6AFACB33A60CA473FDD90B5286798487', certificateKinds='(
    "1.2.840.113635.100.6.1.12",
    "1.2.840.113635.100.6.1.2"
), issueDate='2025-01-16 09:51:48 +0000''>', entitlements='(null)', teamID='2536D9AR8F', identifier='org.cocoapods.AKMaskField', executablePath='<DVTFilePath:0x60012ccc48c0:'/Users/ahmedmaher/Library/Developer/Xcode/Archives/2025-01-23/CERQEL_TST 23-01-2025, 11.53 AM.xcarchive/Products/Applications/CERQEL.app/Frameworks/AKMaskField.framework/AKMaskField'>', hardenedRuntime='0'>'>
2025-01-23 10:03:02 +0000  Skipping profile for item: <IDEDistributionItem: 0x6001fc0a14a0; bundleID='org.cocoapods.ActionSheetPicker-3-0', path='<DVTFilePath:0x60014084d980:'/Users/ahmedmaher/Library/Developer/Xcode/Archives/2025-01-23/CERQEL_TST 23-01-2025, 11.53 AM.xcarchive/Products/Applications/CERQEL.app/Frameworks/ActionSheetPicker_3_0.framework'>', codeSigningInfo='<_DVTCodeSigningInformation_Path: 0x60010c78de50; isSigned='1', isAdHocSigned='0', signingCertificate='<DVTSigningCertificate: 0x600059e16580; name='Apple Development: Ahmed Maher (N5M5QPPB69)', hash='FC4EF9E1EDFAE25151A1E6A8911A084FC1B246BC', serialNumber='6AFACB33A60CA473FDD90B5286798487', certificateKinds='(
    "1.2.840.113635.100.6.1.12",
    "1.2.840.113635.100.6.1.2"
), issueDate='2025-01-16 09:51:48 +0000''>', entitlements='(null)', teamID='2536D9AR8F', identifier='org.cocoapods.ActionSheetPicker-3-0', executablePath='<DVTFilePath:0x600100faf720:'/Users/ahmedmaher/Library/Developer/Xcode/Archives/2025-01-23/CERQEL_TST 23-01-2025, 11.53 AM.xcarchive/Products/Applications/CERQEL.app/Frameworks/ActionSheetPicker_3_0.framework/ActionSheetPicker_3_0'>', hardenedRuntime='0'>'>
2025-01-23 10:03:02 +0000  Skipping profile for item: <IDEDistributionItem: 0x6001fc0a1980; bundleID='org.cocoapods.Alamofire', path='<DVTFilePath:0x6000b8c4adf0:'/Users/ahmedmaher/Library/Developer/Xcode/Archives/2025-01-23/CERQEL_TST 23-01-2025, 11.53 AM.xcarchive/Products/Applications/CERQEL.app/Frameworks/Alamofire.framework'>', codeSigningInfo='<_DVTCodeSigningInformation_Path: 0x6000f845cd20; isSigned='1', isAdHocSigned='0', signingCertificate='<DVTSigningCertificate: 0x600059e16580; name='Apple Development: Ahmed Maher (N5M5QPPB69)', hash='FC4EF9E1EDFAE25151A1E6A8911A084FC1B246BC', serialNumber='6AFACB33A60CA473FDD90B5286798487', certificateKinds='(
    "1.2.840.113635.100.6.1.12",
    "1.2.840.113635.100.6.1.2"
), issueDate='2025-01-16 09:51:48 +0000''>', entitlements='(null)', teamID='2536D9AR8F', identifier='org.cocoapods.Alamofire', executablePath='<DVTFilePath:0x60012cccaca0:'/Users/ahmedmaher/Library/Developer/Xcode/Archives/2025-01-23/CERQEL_TST 23-01-2025, 11.53 AM.xcarchive/Products/Applications/CERQEL.app/Frameworks/Alamofire.framework/Alamofire'>', hardenedRuntime='0'>'>
2025-01-23 10:03:02 +0000  Skipping profile for item: <IDEDistributionItem: 0x6000f8e15320; bundleID='org.cocoapods.Algorithms', path='<DVTFilePath:0x600100fa0f50:'/Users/ahmedmaher/Library/Developer/Xcode/Archives/2025-01-23/CERQEL_TST 23-01-2025, 11.53 AM.xcarchive/Products/Applications/CERQEL.app/Frameworks/Algorithms.framework'>', codeSigningInfo='<_DVTCodeSigningInformation_Path: 0x6000f845ec60; isSigned='1', isAdHocSigned='0', signingCertificate='<DVTSigningCertificate: 0x600059e16580; name='Apple Development: Ahmed Maher (N5M5QPPB69)', hash='FC4EF9E1EDFAE25151A1E6A8911A084FC1B246BC', serialNumber='6AFACB33A60CA473FDD90B5286798487', certificateKinds='(
    "1.2.840.113635.100.6.1.12",
    "1.2.840.113635.100.6.1.2"
), issueDate='2025-01-16 09:51:48 +0000''>', entitlements='(null)', teamID='2536D9AR8F', identifier='org.cocoapods.Algorithms', executablePath='<DVTFilePath:0x600100c03e20:'/Users/ahmedmaher/Library/Developer/Xcode/Archives/2025-01-23/CERQEL_TST 23-01-2025, 11.53 AM.xcarchive/Products/Applications/CERQEL.app/Frameworks/Algorithms.framework/Algorithms'>', hardenedRuntime='0'>'>
2025-01-23 10:03:02 +0000  Skipping profile for item: <IDEDistributionItem: 0x6001fc0a1620; bundleID='org.cocoapods.AlignedCollectionViewFlowLayout', path='<DVTFilePath:0x60002164c7e0:'/Users/ahmedmaher/Library/Developer/Xcode/Archives/2025-01-23/CERQEL_TST 23-01-2025, 11.53 AM.xcarchive/Products/Applications/CERQEL.app/Frameworks/AlignedCollectionViewFlowLayout.framework'>', codeSigningInfo='<_DVTCodeSigningInformation_Path: 0x6000f845d950; isSigned='1', isAdHocSigned='0', signingCertificate='<DVTSigningCertificate: 0x600059e16580; name='Apple Development: Ahmed Maher (N5M5QPPB69)', hash='FC4EF9E1EDFAE25151A1E6A8911A084FC1B246BC', serialNumber='6AFACB33A60CA473FDD90B5286798487', certificateKinds='(
    "1.2.840.113635.100.6.1.12",
    "1.2.840.113635.100.6.1.2"
), issueDate='2025-01-16 09:51:48 +0000''>', entitlements='(null)', teamID='2536D9AR8F', identifier='org.cocoapods.AlignedCollectionViewFlowLayout', executablePath='<DVTFilePath:0x60007ca3b980:'/Users/ahmedmaher/Library/Developer/Xcode/Archives/2025-01-23/CERQEL_TST 23-01-2025, 11.53 AM.xcarchive/Products/Applications/CERQEL.app/Frameworks/AlignedCollectionViewFlowLayout.framework/AlignedCollectionViewFlowLayout'>', hardenedRuntime='0'>'>
2025-01-23 10:03:02 +0000  Skipping profile for item: <IDEDistributionItem: 0x6000f8e0cde0; bundleID='org.cocoapods.AvailableHapticFeedback', path='<DVTFilePath:0x60003c893f00:'/Users/ahmedmaher/Library/Developer/Xcode/Archives/2025-01-23/CERQEL_TST 23-01-2025, 11.53 AM.xcarchive/Products/Applications/CERQEL.app/Frameworks/AvailableHapticFeedback.framework'>', codeSigningInfo='<_DVTCodeSigningInformation_Path: 0x6000d8309720; isSigned='1', isAdHocSigned='0', signingCertificate='<DVTSigningCertificate: 0x600059e16580; name='Apple Development: Ahmed Maher (N5M5QPPB69)', hash='FC4EF9E1EDFAE25151A1E6A8911A084FC1B246BC', serialNumber='6AFACB33A60CA473FDD90B5286798487', certificateKinds='(
    "1.2.840.113635.100.6.1.12",
    "1.2.840.113635.100.6.1.2"
), issueDate='2025-01-16 09:51:48 +0000''>', entitlements='(null)', teamID='2536D9AR8F', identifier='org.cocoapods.AvailableHapticFeedback', executablePath='<DVTFilePath:0x600248c825a0:'/Users/ahmedmaher/Library/Developer/Xcode/Archives/2025-01-23/CERQEL_TST 23-01-2025, 11.53 AM.xcarchive/Products/Applications/CERQEL.app/Frameworks/AvailableHapticFeedback.framework/AvailableHapticFeedback'>', hardenedRuntime='0'>'>
2025-01-23 10:03:02 +0000  Skipping profile for item: <IDEDistributionItem: 0x6001fc0a1ce0; bundleID='org.cocoapods.CRRefresh', path='<DVTFilePath:0x600080fadab0:'/Users/ahmedmaher/Library/Developer/Xcode/Archives/2025-01-23/CERQEL_TST 23-01-2025, 11.53 AM.xcarchive/Products/Applications/CERQEL.app/Frameworks/CRRefresh.framework'>', codeSigningInfo='<_DVTCodeSigningInformation_Path: 0x60010c7bdef0; isSigned='1', isAdHocSigned='0', signingCertificate='<DVTSigningCertificate: 0x600059e16580; name='Apple Development: Ahmed Maher (N5M5QPPB69)', hash='FC4EF9E1EDFAE25151A1E6A8911A084FC1B246BC', serialNumber='6AFACB33A60CA473FDD90B5286798487', certificateKinds='(
    "1.2.840.113635.100.6.1.12",
    "1.2.840.113635.100.6.1.2"
), issueDate='2025-01-16 09:51:48 +0000''>', entitlements='(null)', teamID='2536D9AR8F', identifier='org.cocoapods.CRRefresh', executablePath='<DVTFilePath:0x600248cbc5b0:'/Users/ahmedmaher/Library/Developer/Xcode/Archives/2025-01-23/CERQEL_TST 23-01-2025, 11.53 AM.xcarchive/Products/Applications/CERQEL.app/Frameworks/CRRefresh.framework/CRRefresh'>', hardenedRuntime='0'>'>
2025-01-23 10:03:02 +0000  Skipping profile for item: <IDEDistributionItem: 0x6001fc0abde0; bundleID='org.cocoapods.Charts', path='<DVTFilePath:0x6000b8c4a680:'/Users/ahmedmaher/Library/Developer/Xcode/Archives/2025-01-23/CERQEL_TST 23-01-2025, 11.53 AM.xcarchive/Products/Applications/CERQEL.app/Frameworks/Charts.framework'>', codeSigningInfo='<_DVTCodeSigningInformation_Path: 0x60010c726c60; isSigned='1', isAdHocSigned='0', signingCertificate='<DVTSigningCertificate: 0x600059e16580; name='Apple Development: Ahmed Maher (N5M5QPPB69)', hash='FC4EF9E1EDFAE25151A1E6A8911A084FC1B246BC', serialNumber='6AFACB33A60CA473FDD90B5286798487', certificateKinds='(
    "1.2.840.113635.100.6.1.12",
    "1.2.840.113635.100.6.1.2"
), issueDate='2025-01-16 09:51:48 +0000''>', entitlements='(null)', teamID='2536D9AR8F', identifier='org.cocoapods.Charts', executablePath='<DVTFilePath:0x6001fc098ae0:'/Users/ahmedmaher/Library/Developer/Xcode/Archives/2025-01-23/CERQEL_TST 23-01-2025, 11.53 AM.xcarchive/Products/Applications/CERQEL.app/Frameworks/Charts.framework/Charts'>', hardenedRuntime='0'>'>
2025-01-23 10:03:02 +0000  Skipping profile for item: <IDEDistributionItem: 0x6001fc0b93e0; bundleID='org.cocoapods.CocoaLumberjack', path='<DVTFilePath:0x60014084d200:'/Users/ahmedmaher/Library/Developer/Xcode/Archives/2025-01-23/CERQEL_TST 23-01-2025, 11.53 AM.xcarchive/Products/Applications/CERQEL.app/Frameworks/CocoaLumberjack.framework'>', codeSigningInfo='<_DVTCodeSigningInformation_Path: 0x60010c71a710; isSigned='1', isAdHocSigned='0', signingCertificate='<DVTSigningCertificate: 0x600059e16580; name='Apple Development: Ahmed Maher (N5M5QPPB69)', hash='FC4EF9E1EDFAE25151A1E6A8911A084FC1B246BC', serialNumber='6AFACB33A60CA473FDD90B5286798487', certificateKinds='(
    "1.2.840.113635.100.6.1.12",
    "1.2.840.113635.100.6.1.2"
), issueDate='2025-01-16 09:51:48 +0000''>', entitlements='(null)', teamID='2536D9AR8F', identifier='org.cocoapods.CocoaLumberjack', executablePath='<DVTFilePath:0x60012cd94930:'/Users/ahmedmaher/Library/Developer/Xcode/Archives/2025-01-23/CERQEL_TST 23-01-2025, 11.53 AM.xcarchive/Products/Applications/CERQEL.app/Frameworks/CocoaLumberjack.framework/CocoaLumberjack'>', hardenedRuntime='0'>'>
2025-01-23 10:03:02 +0000  Skipping profile for item: <IDEDistributionItem: 0x6000f8e0c000; bundleID='org.cocoapods.Cosmos', path='<DVTFilePath:0x600080facb60:'/Users/ahmedmaher/Library/Developer/Xcode/Archives/2025-01-23/CERQEL_TST 23-01-2025, 11.53 AM.xcarchive/Products/Applications/CERQEL.app/Frameworks/Cosmos.framework'>', codeSigningInfo='<_DVTCodeSigningInformation_Path: 0x6000f845e030; isSigned='1', isAdHocSigned='0', signingCertificate='<DVTSigningCertificate: 0x600059e16580; name='Apple Development: Ahmed Maher (N5M5QPPB69)', hash='FC4EF9E1EDFAE25151A1E6A8911A084FC1B246BC', serialNumber='6AFACB33A60CA473FDD90B5286798487', certificateKinds='(
    "1.2.840.113635.100.6.1.12",
    "1.2.840.113635.100.6.1.2"
), issueDate='2025-01-16 09:51:48 +0000''>', entitlements='(null)', teamID='2536D9AR8F', identifier='org.cocoapods.Cosmos', executablePath='<DVTFilePath:0x6001fc089800:'/Users/ahmedmaher/Library/Developer/Xcode/Archives/2025-01-23/CERQEL_TST 23-01-2025, 11.53 AM.xcarchive/Products/Applications/CERQEL.app/Frameworks/Cosmos.framework/Cosmos'>', hardenedRuntime='0'>'>
2025-01-23 10:03:02 +0000  Skipping profile for item: <IDEDistributionItem: 0x6001fc0dbae0; bundleID='org.cocoapods.CryptoSwift', path='<DVTFilePath:0x600100fa3870:'/Users/ahmedmaher/Library/Developer/Xcode/Archives/2025-01-23/CERQEL_TST 23-01-2025, 11.53 AM.xcarchive/Products/Applications/CERQEL.app/Frameworks/CryptoSwift.framework'>', codeSigningInfo='<_DVTCodeSigningInformation_Path: 0x60010c406260; isSigned='1', isAdHocSigned='0', signingCertificate='<DVTSigningCertificate: 0x600059e16580; name='Apple Development: Ahmed Maher (N5M5QPPB69)', hash='FC4EF9E1EDFAE25151A1E6A8911A084FC1B246BC', serialNumber='6AFACB33A60CA473FDD90B5286798487', certificateKinds='(
    "1.2.840.113635.100.6.1.12",
    "1.2.840.113635.100.6.1.2"
), issueDate='2025-01-16 09:51:48 +0000''>', entitlements='(null)', teamID='2536D9AR8F', identifier='org.cocoapods.CryptoSwift', executablePath='<DVTFilePath:0x600248c807e0:'/Users/ahmedmaher/Library/Developer/Xcode/Archives/2025-01-23/CERQEL_TST 23-01-2025, 11.53 AM.xcarchive/Products/Applications/CERQEL.app/Frameworks/CryptoSwift.framework/CryptoSwift'>', hardenedRuntime='0'>'>
2025-01-23 10:03:02 +0000  Skipping profile for item: <IDEDistributionItem: 0x6001fc0dcd20; bundleID='org.cocoapods.DRPLoadingSpinner', path='<DVTFilePath:0x60014084c880:'/Users/ahmedmaher/Library/Developer/Xcode/Archives/2025-01-23/CERQEL_TST 23-01-2025, 11.53 AM.xcarchive/Products/Applications/CERQEL.app/Frameworks/DRPLoadingSpinner.framework'>', codeSigningInfo='<_DVTCodeSigningInformation_Path: 0x60010c72e260; isSigned='1', isAdHocSigned='0', signingCertificate='<DVTSigningCertificate: 0x600059e16580; name='Apple Development: Ahmed Maher (N5M5QPPB69)', hash='FC4EF9E1EDFAE25151A1E6A8911A084FC1B246BC', serialNumber='6AFACB33A60CA473FDD90B5286798487', certificateKinds='(
    "1.2.840.113635.100.6.1.12",
    "1.2.840.113635.100.6.1.2"
), issueDate='2025-01-16 09:51:48 +0000''>', entitlements='(null)', teamID='2536D9AR8F', identifier='org.cocoapods.DRPLoadingSpinner', executablePath='<DVTFilePath:0x60012cccb090:'/Users/ahmedmaher/Library/Developer/Xcode/Archives/2025-01-23/CERQEL_TST 23-01-2025, 11.53 AM.xcarchive/Products/Applications/CERQEL.app/Frameworks/DRPLoadingSpinner.framework/DRPLoadingSpinner'>', hardenedRuntime='0'>'>
2025-01-23 10:03:02 +0000  Skipping profile for item: <IDEDistributionItem: 0x6001fc0dc5a0; bundleID='org.cocoapods.DropDown', path='<DVTFilePath:0x600100fa0540:'/Users/ahmedmaher/Library/Developer/Xcode/Archives/2025-01-23/CERQEL_TST 23-01-2025, 11.53 AM.xcarchive/Products/Applications/CERQEL.app/Frameworks/DropDown.framework'>', codeSigningInfo='<_DVTCodeSigningInformation_Path: 0x6000d82e7200; isSigned='1', isAdHocSigned='0', signingCertificate='<DVTSigningCertificate: 0x600059e16580; name='Apple Development: Ahmed Maher (N5M5QPPB69)', hash='FC4EF9E1EDFAE25151A1E6A8911A084FC1B246BC', serialNumber='6AFACB33A60CA473FDD90B5286798487', certificateKinds='(
    "1.2.840.113635.100.6.1.12",
    "1.2.840.113635.100.6.1.2"
), issueDate='2025-01-16 09:51:48 +0000''>', entitlements='(null)', teamID='2536D9AR8F', identifier='org.cocoapods.DropDown', executablePath='<DVTFilePath:0x60012ccc11f0:'/Users/ahmedmaher/Library/Developer/Xcode/Archives/2025-01-23/CERQEL_TST 23-01-2025, 11.53 AM.xcarchive/Products/Applications/CERQEL.app/Frameworks/DropDown.framework/DropDown'>', hardenedRuntime='0'>'>
2025-01-23 10:03:02 +0000  Skipping profile for item: <IDEDistributionItem: 0x6000f8e0ccc0; bundleID='org.cocoapods.DynamicBlurView', path='<DVTFilePath:0x60007c90ac80:'/Users/ahmedmaher/Library/Developer/Xcode/Archives/2025-01-23/CERQEL_TST 23-01-2025, 11.53 AM.xcarchive/Products/Applications/CERQEL.app/Frameworks/DynamicBlurView.framework'>', codeSigningInfo='<_DVTCodeSigningInformation_Path: 0x6000d8309590; isSigned='1', isAdHocSigned='0', signingCertificate='<DVTSigningCertificate: 0x600059e16580; name='Apple Development: Ahmed Maher (N5M5QPPB69)', hash='FC4EF9E1EDFAE25151A1E6A8911A084FC1B246BC', serialNumber='6AFACB33A60CA473FDD90B5286798487', certificateKinds='(
    "1.2.840.113635.100.6.1.12",
    "1.2.840.113635.100.6.1.2"
), issueDate='2025-01-16 09:51:48 +0000''>', entitlements='(null)', teamID='2536D9AR8F', identifier='org.cocoapods.DynamicBlurView', executablePath='<DVTFilePath:0x600248c801c0:'/Users/ahmedmaher/Library/Developer/Xcode/Archives/2025-01-23/CERQEL_TST 23-01-2025, 11.53 AM.xcarchive/Products/Applications/CERQEL.app/Frameworks/DynamicBlurView.framework/DynamicBlurView'>', hardenedRuntime='0'>'>
2025-01-23 10:03:02 +0000  Skipping profile for item: <IDEDistributionItem: 0x6001fc0c3660; bundleID='org.cocoapods.EFQRCode', path='<DVTFilePath:0x600080f934f0:'/Users/ahmedmaher/Library/Developer/Xcode/Archives/2025-01-23/CERQEL_TST 23-01-2025, 11.53 AM.xcarchive/Products/Applications/CERQEL.app/Frameworks/EFQRCode.framework'>', codeSigningInfo='<_DVTCodeSigningInformation_Path: 0x60010c706a80; isSigned='1', isAdHocSigned='0', signingCertificate='<DVTSigningCertificate: 0x600059e16580; name='Apple Development: Ahmed Maher (N5M5QPPB69)', hash='FC4EF9E1EDFAE25151A1E6A8911A084FC1B246BC', serialNumber='6AFACB33A60CA473FDD90B5286798487', certificateKinds='(
    "1.2.840.113635.100.6.1.12",
    "1.2.840.113635.100.6.1.2"
), issueDate='2025-01-16 09:51:48 +0000''>', entitlements='(null)', teamID='2536D9AR8F', identifier='org.cocoapods.EFQRCode', executablePath='<DVTFilePath:0x60012cc7dea0:'/Users/ahmedmaher/Library/Developer/Xcode/Archives/2025-01-23/CERQEL_TST 23-01-2025, 11.53 AM.xcarchive/Products/Applications/CERQEL.app/Frameworks/EFQRCode.framework/EFQRCode'>', hardenedRuntime='0'>'>
2025-01-23 10:03:02 +0000  Skipping profile for item: <IDEDistributionItem: 0x6001fc0c0420; bundleID='org.cocoapods.EasyTipView', path='<DVTFilePath:0x60012cda23e0:'/Users/ahmedmaher/Library/Developer/Xcode/Archives/2025-01-23/CERQEL_TST 23-01-2025, 11.53 AM.xcarchive/Products/Applications/CERQEL.app/Frameworks/EasyTipView.framework'>', codeSigningInfo='<_DVTCodeSigningInformation_Path: 0x6000d8309db0; isSigned='1', isAdHocSigned='0', signingCertificate='<DVTSigningCertificate: 0x600059e16580; name='Apple Development: Ahmed Maher (N5M5QPPB69)', hash='FC4EF9E1EDFAE25151A1E6A8911A084FC1B246BC', serialNumber='6AFACB33A60CA473FDD90B5286798487', certificateKinds='(
    "1.2.840.113635.100.6.1.12",
    "1.2.840.113635.100.6.1.2"
), issueDate='2025-01-16 09:51:48 +0000''>', entitlements='(null)', teamID='2536D9AR8F', identifier='org.cocoapods.EasyTipView', executablePath='<DVTFilePath:0x60012cccbdb0:'/Users/ahmedmaher/Library/Developer/Xcode/Archives/2025-01-23/CERQEL_TST 23-01-2025, 11.53 AM.xcarchive/Products/Applications/CERQEL.app/Frameworks/EasyTipView.framework/EasyTipView'>', hardenedRuntime='0'>'>
2025-01-23 10:03:02 +0000  Skipping profile for item: <IDEDistributionItem: 0x6000c0e27000; bundleID='org.cocoapods.Expression', path='<DVTFilePath:0x600080f918f0:'/Users/ahmedmaher/Library/Developer/Xcode/Archives/2025-01-23/CERQEL_TST 23-01-2025, 11.53 AM.xcarchive/Products/Applications/CERQEL.app/Frameworks/Expression.framework'>', codeSigningInfo='<_DVTCodeSigningInformation_Path: 0x60010c542080; isSigned='1', isAdHocSigned='0', signingCertificate='<DVTSigningCertificate: 0x600059e16580; name='Apple Development: Ahmed Maher (N5M5QPPB69)', hash='FC4EF9E1EDFAE25151A1E6A8911A084FC1B246BC', serialNumber='6AFACB33A60CA473FDD90B5286798487', certificateKinds='(
    "1.2.840.113635.100.6.1.12",
    "1.2.840.113635.100.6.1.2"
), issueDate='2025-01-16 09:51:48 +0000''>', entitlements='(null)', teamID='2536D9AR8F', identifier='org.cocoapods.Expression', executablePath='<DVTFilePath:0x600248c805b0:'/Users/ahmedmaher/Library/Developer/Xcode/Archives/2025-01-23/CERQEL_TST 23-01-2025, 11.53 AM.xcarchive/Products/Applications/CERQEL.app/Frameworks/Expression.framework/Expression'>', hardenedRuntime='0'>'>
2025-01-23 10:03:02 +0000  Skipping profile for item: <IDEDistributionItem: 0x6001fc0dd380; bundleID='org.cocoapods.EzPopup', path='<DVTFilePath:0x6000b8c200e0:'/Users/ahmedmaher/Library/Developer/Xcode/Archives/2025-01-23/CERQEL_TST 23-01-2025, 11.53 AM.xcarchive/Products/Applications/CERQEL.app/Frameworks/EzPopup.framework'>', codeSigningInfo='<_DVTCodeSigningInformation_Path: 0x60010c725360; isSigned='1', isAdHocSigned='0', signingCertificate='<DVTSigningCertificate: 0x600059e16580; name='Apple Development: Ahmed Maher (N5M5QPPB69)', hash='FC4EF9E1EDFAE25151A1E6A8911A084FC1B246BC', serialNumber='6AFACB33A60CA473FDD90B5286798487', certificateKinds='(
    "1.2.840.113635.100.6.1.12",
    "1.2.840.113635.100.6.1.2"
), issueDate='2025-01-16 09:51:48 +0000''>', entitlements='(null)', teamID='2536D9AR8F', identifier='org.cocoapods.EzPopup', executablePath='<DVTFilePath:0x6000f8e01260:'/Users/ahmedmaher/Library/Developer/Xcode/Archives/2025-01-23/CERQEL_TST 23-01-2025, 11.53 AM.xcarchive/Products/Applications/CERQEL.app/Frameworks/EzPopup.framework/EzPopup'>', hardenedRuntime='0'>'>
2025-01-23 10:03:02 +0000  Skipping profile for item: <IDEDistributionItem: 0x6000f8e0d2c0; bundleID='org.cocoapods.FBLPromises', path='<DVTFilePath:0x600100face70:'/Users/ahmedmaher/Library/Developer/Xcode/Archives/2025-01-23/CERQEL_TST 23-01-2025, 11.53 AM.xcarchive/Products/Applications/CERQEL.app/Frameworks/FBLPromises.framework'>', codeSigningInfo='<_DVTCodeSigningInformation_Path: 0x6000f845ccd0; isSigned='1', isAdHocSigned='0', signingCertificate='<DVTSigningCertificate: 0x600059e16580; name='Apple Development: Ahmed Maher (N5M5QPPB69)', hash='FC4EF9E1EDFAE25151A1E6A8911A084FC1B246BC', serialNumber='6AFACB33A60CA473FDD90B5286798487', certificateKinds='(
    "1.2.840.113635.100.6.1.12",
    "1.2.840.113635.100.6.1.2"
), issueDate='2025-01-16 09:51:48 +0000''>', entitlements='(null)', teamID='2536D9AR8F', identifier='org.cocoapods.FBLPromises', executablePath='<DVTFilePath:0x60012cd96300:'/Users/ahmedmaher/Library/Developer/Xcode/Archives/2025-01-23/CERQEL_TST 23-01-2025, 11.53 AM.xcarchive/Products/Applications/CERQEL.app/Frameworks/FBLPromises.framework/FBLPromises'>', hardenedRuntime='0'>'>
2025-01-23 10:03:02 +0000  Skipping profile for item: <IDEDistributionItem: 0x6001fc0dbc00; bundleID='org.cocoapods.FSCalendar', path='<DVTFilePath:0x600248d42b50:'/Users/ahmedmaher/Library/Developer/Xcode/Archives/2025-01-23/CERQEL_TST 23-01-2025, 11.53 AM.xcarchive/Products/Applications/CERQEL.app/Frameworks/FSCalendar.framework'>', codeSigningInfo='<_DVTCodeSigningInformation_Path: 0x60010c405b30; isSigned='1', isAdHocSigned='0', signingCertificate='<DVTSigningCertificate: 0x600059e16580; name='Apple Development: Ahmed Maher (N5M5QPPB69)', hash='FC4EF9E1EDFAE25151A1E6A8911A084FC1B246BC', serialNumber='6AFACB33A60CA473FDD90B5286798487', certificateKinds='(
    "1.2.840.113635.100.6.1.12",
    "1.2.840.113635.100.6.1.2"
), issueDate='2025-01-16 09:51:48 +0000''>', entitlements='(null)', teamID='2536D9AR8F', identifier='org.cocoapods.FSCalendar', executablePath='<DVTFilePath:0x60012ccded80:'/Users/ahmedmaher/Library/Developer/Xcode/Archives/2025-01-23/CERQEL_TST 23-01-2025, 11.53 AM.xcarchive/Products/Applications/CERQEL.app/Frameworks/FSCalendar.framework/FSCalendar'>', hardenedRuntime='0'>'>
2025-01-23 10:03:02 +0000  Skipping profile for item: <IDEDistributionItem: 0x6001fc0a34e0; bundleID='org.cocoapods.FSPagerView', path='<DVTFilePath:0x60012cda3330:'/Users/ahmedmaher/Library/Developer/Xcode/Archives/2025-01-23/CERQEL_TST 23-01-2025, 11.53 AM.xcarchive/Products/Applications/CERQEL.app/Frameworks/FSPagerView.framework'>', codeSigningInfo='<_DVTCodeSigningInformation_Path: 0x6000f845ddb0; isSigned='1', isAdHocSigned='0', signingCertificate='<DVTSigningCertificate: 0x600059e16580; name='Apple Development: Ahmed Maher (N5M5QPPB69)', hash='FC4EF9E1EDFAE25151A1E6A8911A084FC1B246BC', serialNumber='6AFACB33A60CA473FDD90B5286798487', certificateKinds='(
    "1.2.840.113635.100.6.1.12",
    "1.2.840.113635.100.6.1.2"
), issueDate='2025-01-16 09:51:48 +0000''>', entitlements='(null)', teamID='2536D9AR8F', identifier='org.cocoapods.FSPagerView', executablePath='<DVTFilePath:0x60012cccb790:'/Users/ahmedmaher/Library/Developer/Xcode/Archives/2025-01-23/CERQEL_TST 23-01-2025, 11.53 AM.xcarchive/Products/Applications/CERQEL.app/Frameworks/FSPagerView.framework/FSPagerView'>', hardenedRuntime='0'>'>
2025-01-23 10:03:02 +0000  Skipping profile for item: <IDEDistributionItem: 0x6001fc0c30c0; bundleID='org.cocoapods.FirebaseAppCheckInterop', path='<DVTFilePath:0x60003c890300:'/Users/ahmedmaher/Library/Developer/Xcode/Archives/2025-01-23/CERQEL_TST 23-01-2025, 11.53 AM.xcarchive/Products/Applications/CERQEL.app/Frameworks/FirebaseAppCheckInterop.framework'>', codeSigningInfo='<_DVTCodeSigningInformation_Path: 0x6000d8308f00; isSigned='1', isAdHocSigned='0', signingCertificate='<DVTSigningCertificate: 0x600059e16580; name='Apple Development: Ahmed Maher (N5M5QPPB69)', hash='FC4EF9E1EDFAE25151A1E6A8911A084FC1B246BC', serialNumber='6AFACB33A60CA473FDD90B5286798487', certificateKinds='(
    "1.2.840.113635.100.6.1.12",
    "1.2.840.113635.100.6.1.2"
), issueDate='2025-01-16 09:51:48 +0000''>', entitlements='(null)', teamID='2536D9AR8F', identifier='org.cocoapods.FirebaseAppCheckInterop', executablePath='<DVTFilePath:0x600248c80bd0:'/Users/ahmedmaher/Library/Developer/Xcode/Archives/2025-01-23/CERQEL_TST 23-01-2025, 11.53 AM.xcarchive/Products/Applications/CERQEL.app/Frameworks/FirebaseAppCheckInterop.framework/FirebaseAppCheckInterop'>', hardenedRuntime='0'>'>
2025-01-23 10:03:02 +0000  Skipping profile for item: <IDEDistributionItem: 0x6000f8e0d620; bundleID='org.cocoapods.FirebaseCore', path='<DVTFilePath:0x600100faf330:'/Users/ahmedmaher/Library/Developer/Xcode/Archives/2025-01-23/CERQEL_TST 23-01-2025, 11.53 AM.xcarchive/Products/Applications/CERQEL.app/Frameworks/FirebaseCore.framework'>', codeSigningInfo='<_DVTCodeSigningInformation_Path: 0x6000f845cd70; isSigned='1', isAdHocSigned='0', signingCertificate='<DVTSigningCertificate: 0x600059e16580; name='Apple Development: Ahmed Maher (N5M5QPPB69)', hash='FC4EF9E1EDFAE25151A1E6A8911A084FC1B246BC', serialNumber='6AFACB33A60CA473FDD90B5286798487', certificateKinds='(
    "1.2.840.113635.100.6.1.12",
    "1.2.840.113635.100.6.1.2"
), issueDate='2025-01-16 09:51:48 +0000''>', entitlements='(null)', teamID='2536D9AR8F', identifier='org.cocoapods.FirebaseCore', executablePath='<DVTFilePath:0x60012cd96840:'/Users/ahmedmaher/Library/Developer/Xcode/Archives/2025-01-23/CERQEL_TST 23-01-2025, 11.53 AM.xcarchive/Products/Applications/CERQEL.app/Frameworks/FirebaseCore.framework/FirebaseCore'>', hardenedRuntime='0'>'>
2025-01-23 10:03:02 +0000  Skipping profile for item: <IDEDistributionItem: 0x6001fc0dd7a0; bundleID='org.cocoapods.FirebaseCoreExtension', path='<DVTFilePath:0x60014084cd00:'/Users/ahmedmaher/Library/Developer/Xcode/Archives/2025-01-23/CERQEL_TST 23-01-2025, 11.53 AM.xcarchive/Products/Applications/CERQEL.app/Frameworks/FirebaseCoreExtension.framework'>', codeSigningInfo='<_DVTCodeSigningInformation_Path: 0x60010c71a580; isSigned='1', isAdHocSigned='0', signingCertificate='<DVTSigningCertificate: 0x6000991b86c0; name='Apple Development: Ahmed Maher (N5M5QPPB69)', hash='FC4EF9E1EDFAE25151A1E6A8911A084FC1B246BC', serialNumber='6AFACB33A60CA473FDD90B5286798487', certificateKinds='(
    "1.2.840.113635.100.6.1.12",
    "1.2.840.113635.100.6.1.2"
), issueDate='2025-01-16 09:51:48 +0000''>', entitlements='(null)', teamID='2536D9AR8F', identifier='org.cocoapods.FirebaseCoreExtension', executablePath='<DVTFilePath:0x60012cd96bc0:'/Users/ahmedmaher/Library/Developer/Xcode/Archives/2025-01-23/CERQEL_TST 23-01-2025, 11.53 AM.xcarchive/Products/Applications/CERQEL.app/Frameworks/FirebaseCoreExtension.framework/FirebaseCoreExtension'>', hardenedRuntime='0'>'>
2025-01-23 10:03:02 +0000  Skipping profile for item: <IDEDistributionItem: 0x6001fc0b52c0; bundleID='org.cocoapods.FirebaseCoreInternal', path='<DVTFilePath:0x60007cbf9980:'/Users/ahmedmaher/Library/Developer/Xcode/Archives/2025-01-23/CERQEL_TST 23-01-2025, 11.53 AM.xcarchive/Products/Applications/CERQEL.app/Frameworks/FirebaseCoreInternal.framework'>', codeSigningInfo='<_DVTCodeSigningInformation_Path: 0x60010c54c870; isSigned='1', isAdHocSigned='0', signingCertificate='<DVTSigningCertificate: 0x6000991b86c0; name='Apple Development: Ahmed Maher (N5M5QPPB69)', hash='FC4EF9E1EDFAE25151A1E6A8911A084FC1B246BC', serialNumber='6AFACB33A60CA473FDD90B5286798487', certificateKinds='(
    "1.2.840.113635.100.6.1.12",
    "1.2.840.113635.100.6.1.2"
), issueDate='2025-01-16 09:51:48 +0000''>', entitlements='(null)', teamID='2536D9AR8F', identifier='org.cocoapods.FirebaseCoreInternal', executablePath='<DVTFilePath:0x60012cd96f40:'/Users/ahmedmaher/Library/Developer/Xcode/Archives/2025-01-23/CERQEL_TST 23-01-2025, 11.53 AM.xcarchive/Products/Applications/CERQEL.app/Frameworks/FirebaseCoreInternal.framework/FirebaseCoreInternal'>', hardenedRuntime='0'>'>
2025-01-23 10:03:02 +0000  Skipping profile for item: <IDEDistributionItem: 0x6001fc0dc000; bundleID='org.cocoapods.FirebaseCrashlytics', path='<DVTFilePath:0x600254be0300:'/Users/ahmedmaher/Library/Developer/Xcode/Archives/2025-01-23/CERQEL_TST 23-01-2025, 11.53 AM.xcarchive/Products/Applications/CERQEL.app/Frameworks/FirebaseCrashlytics.framework'>', codeSigningInfo='<_DVTCodeSigningInformation_Path: 0x60010c70c410; isSigned='1', isAdHocSigned='0', signingCertificate='<DVTSigningCertificate: 0x600059e16580; name='Apple Development: Ahmed Maher (N5M5QPPB69)', hash='FC4EF9E1EDFAE25151A1E6A8911A084FC1B246BC', serialNumber='6AFACB33A60CA473FDD90B5286798487', certificateKinds='(
    "1.2.840.113635.100.6.1.12",
    "1.2.840.113635.100.6.1.2"
), issueDate='2025-01-16 09:51:48 +0000''>', entitlements='(null)', teamID='2536D9AR8F', identifier='org.cocoapods.FirebaseCrashlytics', executablePath='<DVTFilePath:0x60012cd972c0:'/Users/ahmedmaher/Library/Developer/Xcode/Archives/2025-01-23/CERQEL_TST 23-01-2025, 11.53 AM.xcarchive/Products/Applications/CERQEL.app/Frameworks/FirebaseCrashlytics.framework/FirebaseCrashlytics'>', hardenedRuntime='0'>'>
2025-01-23 10:03:02 +0000  Skipping profile for item: <IDEDistributionItem: 0x6001fc0dd4a0; bundleID='org.cocoapods.FirebaseFirestore', path='<DVTFilePath:0x600254be0200:'/Users/ahmedmaher/Library/Developer/Xcode/Archives/2025-01-23/CERQEL_TST 23-01-2025, 11.53 AM.xcarchive/Products/Applications/CERQEL.app/Frameworks/FirebaseFirestore.framework'>', codeSigningInfo='<_DVTCodeSigningInformation_Path: 0x60010c71c230; isSigned='1', isAdHocSigned='0', signingCertificate='<DVTSigningCertificate: 0x600059e16580; name='Apple Development: Ahmed Maher (N5M5QPPB69)', hash='FC4EF9E1EDFAE25151A1E6A8911A084FC1B246BC', serialNumber='6AFACB33A60CA473FDD90B5286798487', certificateKinds='(
    "1.2.840.113635.100.6.1.12",
    "1.2.840.113635.100.6.1.2"
), issueDate='2025-01-16 09:51:48 +0000''>', entitlements='(null)', teamID='2536D9AR8F', identifier='org.cocoapods.FirebaseFirestore', executablePath='<DVTFilePath:0x60012cd97640:'/Users/ahmedmaher/Library/Developer/Xcode/Archives/2025-01-23/CERQEL_TST 23-01-2025, 11.53 AM.xcarchive/Products/Applications/CERQEL.app/Frameworks/FirebaseFirestore.framework/FirebaseFirestore'>', hardenedRuntime='0'>'>
2025-01-23 10:03:02 +0000  Skipping profile for item: <IDEDistributionItem: 0x6001fc0b8600; bundleID='org.cocoapods.FirebaseFirestoreInternal', path='<DVTFilePath:0x600254be0780:'/Users/ahmedmaher/Library/Developer/Xcode/Archives/2025-01-23/CERQEL_TST 23-01-2025, 11.53 AM.xcarchive/Products/Applications/CERQEL.app/Frameworks/FirebaseFirestoreInternal.framework'>', codeSigningInfo='<_DVTCodeSigningInformation_Path: 0x60010c72f480; isSigned='1', isAdHocSigned='0', signingCertificate='<DVTSigningCertificate: 0x600059e16580; name='Apple Development: Ahmed Maher (N5M5QPPB69)', hash='FC4EF9E1EDFAE25151A1E6A8911A084FC1B246BC', serialNumber='6AFACB33A60CA473FDD90B5286798487', certificateKinds='(
    "1.2.840.113635.100.6.1.12",
    "1.2.840.113635.100.6.1.2"
), issueDate='2025-01-16 09:51:48 +0000''>', entitlements='(null)', teamID='2536D9AR8F', identifier='org.cocoapods.FirebaseFirestoreInternal', executablePath='<DVTFilePath:0x6001a4822d00:'/Users/ahmedmaher/Library/Developer/Xcode/Archives/2025-01-23/CERQEL_TST 23-01-2025, 11.53 AM.xcarchive/Products/Applications/CERQEL.app/Frameworks/FirebaseFirestoreInternal.framework/FirebaseFirestoreInternal'>', hardenedRuntime='0'>'>
2025-01-23 10:03:02 +0000  Skipping profile for item: <IDEDistributionItem: 0x6001fc0da100; bundleID='org.cocoapods.FirebaseInstallations', path='<DVTFilePath:0x600254be0800:'/Users/ahmedmaher/Library/Developer/Xcode/Archives/2025-01-23/CERQEL_TST 23-01-2025, 11.53 AM.xcarchive/Products/Applications/CERQEL.app/Frameworks/FirebaseInstallations.framework'>', codeSigningInfo='<_DVTCodeSigningInformation_Path: 0x60010c758690; isSigned='1', isAdHocSigned='0', signingCertificate='<DVTSigningCertificate: 0x600059e16580; name='Apple Development: Ahmed Maher (N5M5QPPB69)', hash='FC4EF9E1EDFAE25151A1E6A8911A084FC1B246BC', serialNumber='6AFACB33A60CA473FDD90B5286798487', certificateKinds='(
    "1.2.840.113635.100.6.1.12",
    "1.2.840.113635.100.6.1.2"
), issueDate='2025-01-16 09:51:48 +0000''>', entitlements='(null)', teamID='2536D9AR8F', identifier='org.cocoapods.FirebaseInstallations', executablePath='<DVTFilePath:0x60012cd97cd0:'/Users/ahmedmaher/Library/Developer/Xcode/Archives/2025-01-23/CERQEL_TST 23-01-2025, 11.53 AM.xcarchive/Products/Applications/CERQEL.app/Frameworks/FirebaseInstallations.framework/FirebaseInstallations'>', hardenedRuntime='0'>'>
2025-01-23 10:03:02 +0000  Skipping profile for item: <IDEDistributionItem: 0x6001fc0db2a0; bundleID='org.cocoapods.FirebaseMessaging', path='<DVTFilePath:0x60007cbfb580:'/Users/ahmedmaher/Library/Developer/Xcode/Archives/2025-01-23/CERQEL_TST 23-01-2025, 11.53 AM.xcarchive/Products/Applications/CERQEL.app/Frameworks/FirebaseMessaging.framework'>', codeSigningInfo='<_DVTCodeSigningInformation_Path: 0x60010c74b200; isSigned='1', isAdHocSigned='0', signingCertificate='<DVTSigningCertificate: 0x600059e16580; name='Apple Development: Ahmed Maher (N5M5QPPB69)', hash='FC4EF9E1EDFAE25151A1E6A8911A084FC1B246BC', serialNumber='6AFACB33A60CA473FDD90B5286798487', certificateKinds='(
    "1.2.840.113635.100.6.1.12",
    "1.2.840.113635.100.6.1.2"
), issueDate='2025-01-16 09:51:48 +0000''>', entitlements='(null)', teamID='2536D9AR8F', identifier='org.cocoapods.FirebaseMessaging', executablePath='<DVTFilePath:0x60012cd98070:'/Users/ahmedmaher/Library/Developer/Xcode/Archives/2025-01-23/CERQEL_TST 23-01-2025, 11.53 AM.xcarchive/Products/Applications/CERQEL.app/Frameworks/FirebaseMessaging.framework/FirebaseMessaging'>', hardenedRuntime='0'>'>
2025-01-23 10:03:02 +0000  Skipping profile for item: <IDEDistributionItem: 0x6001fc0d9440; bundleID='org.cocoapods.FirebaseRemoteConfigInterop', path='<DVTFilePath:0x600254be0880:'/Users/ahmedmaher/Library/Developer/Xcode/Archives/2025-01-23/CERQEL_TST 23-01-2025, 11.53 AM.xcarchive/Products/Applications/CERQEL.app/Frameworks/FirebaseRemoteConfigInterop.framework'>', codeSigningInfo='<_DVTCodeSigningInformation_Path: 0x60010c726620; isSigned='1', isAdHocSigned='0', signingCertificate='<DVTSigningCertificate: 0x600059e16580; name='Apple Development: Ahmed Maher (N5M5QPPB69)', hash='FC4EF9E1EDFAE25151A1E6A8911A084FC1B246BC', serialNumber='6AFACB33A60CA473FDD90B5286798487', certificateKinds='(
    "1.2.840.113635.100.6.1.12",
    "1.2.840.113635.100.6.1.2"
), issueDate='2025-01-16 09:51:48 +0000''>', entitlements='(null)', teamID='2536D9AR8F', identifier='org.cocoapods.FirebaseRemoteConfigInterop', executablePath='<DVTFilePath:0x6001a4a7c180:'/Users/ahmedmaher/Library/Developer/Xcode/Archives/2025-01-23/CERQEL_TST 23-01-2025, 11.53 AM.xcarchive/Products/Applications/CERQEL.app/Frameworks/FirebaseRemoteConfigInterop.framework/FirebaseRemoteConfigInterop'>', hardenedRuntime='0'>'>
2025-01-23 10:03:02 +0000  Skipping profile for item: <IDEDistributionItem: 0x6000f8e1ca20; bundleID='org.cocoapods.FirebaseSessions', path='<DVTFilePath:0x6001a4821600:'/Users/ahmedmaher/Library/Developer/Xcode/Archives/2025-01-23/CERQEL_TST 23-01-2025, 11.53 AM.xcarchive/Products/Applications/CERQEL.app/Frameworks/FirebaseSessions.framework'>', codeSigningInfo='<_DVTCodeSigningInformation_Path: 0x6000f845e8a0; isSigned='1', isAdHocSigned='0', signingCertificate='<DVTSigningCertificate: 0x600059e16580; name='Apple Development: Ahmed Maher (N5M5QPPB69)', hash='FC4EF9E1EDFAE25151A1E6A8911A084FC1B246BC', serialNumber='6AFACB33A60CA473FDD90B5286798487', certificateKinds='(
    "1.2.840.113635.100.6.1.12",
    "1.2.840.113635.100.6.1.2"
), issueDate='2025-01-16 09:51:48 +0000''>', entitlements='(null)', teamID='2536D9AR8F', identifier='org.cocoapods.FirebaseSessions', executablePath='<DVTFilePath:0x60012ccddce0:'/Users/ahmedmaher/Library/Developer/Xcode/Archives/2025-01-23/CERQEL_TST 23-01-2025, 11.53 AM.xcarchive/Products/Applications/CERQEL.app/Frameworks/FirebaseSessions.framework/FirebaseSessions'>', hardenedRuntime='0'>'>
2025-01-23 10:03:02 +0000  Skipping profile for item: <IDEDistributionItem: 0x6001fc0dfea0; bundleID='org.cocoapods.FirebaseSharedSwift', path='<DVTFilePath:0x60007cbfab80:'/Users/ahmedmaher/Library/Developer/Xcode/Archives/2025-01-23/CERQEL_TST 23-01-2025, 11.53 AM.xcarchive/Products/Applications/CERQEL.app/Frameworks/FirebaseSharedSwift.framework'>', codeSigningInfo='<_DVTCodeSigningInformation_Path: 0x60010c71b9d0; isSigned='1', isAdHocSigned='0', signingCertificate='<DVTSigningCertificate: 0x600059e16580; name='Apple Development: Ahmed Maher (N5M5QPPB69)', hash='FC4EF9E1EDFAE25151A1E6A8911A084FC1B246BC', serialNumber='6AFACB33A60CA473FDD90B5286798487', certificateKinds='(
    "1.2.840.113635.100.6.1.12",
    "1.2.840.113635.100.6.1.2"
), issueDate='2025-01-16 09:51:48 +0000''>', entitlements='(null)', teamID='2536D9AR8F', identifier='org.cocoapods.FirebaseSharedSwift', executablePath='<DVTFilePath:0x60012ccc7f00:'/Users/ahmedmaher/Library/Developer/Xcode/Archives/2025-01-23/CERQEL_TST 23-01-2025, 11.53 AM.xcarchive/Products/Applications/CERQEL.app/Frameworks/FirebaseSharedSwift.framework/FirebaseSharedSwift'>', hardenedRuntime='0'>'>
2025-01-23 10:03:02 +0000  Skipping profile for item: <IDEDistributionItem: 0x6001fc0dc720; bundleID='org.cocoapods.FittedSheets', path='<DVTFilePath:0x600248d428b0:'/Users/ahmedmaher/Library/Developer/Xcode/Archives/2025-01-23/CERQEL_TST 23-01-2025, 11.53 AM.xcarchive/Products/Applications/CERQEL.app/Frameworks/FittedSheets.framework'>', codeSigningInfo='<_DVTCodeSigningInformation_Path: 0x60010c72e710; isSigned='1', isAdHocSigned='0', signingCertificate='<DVTSigningCertificate: 0x600059e16580; name='Apple Development: Ahmed Maher (N5M5QPPB69)', hash='FC4EF9E1EDFAE25151A1E6A8911A084FC1B246BC', serialNumber='6AFACB33A60CA473FDD90B5286798487', certificateKinds='(
    "1.2.840.113635.100.6.1.12",
    "1.2.840.113635.100.6.1.2"
), issueDate='2025-01-16 09:51:48 +0000''>', entitlements='(null)', teamID='2536D9AR8F', identifier='org.cocoapods.FittedSheets', executablePath='<DVTFilePath:0x600248ca03f0:'/Users/ahmedmaher/Library/Developer/Xcode/Archives/2025-01-23/CERQEL_TST 23-01-2025, 11.53 AM.xcarchive/Products/Applications/CERQEL.app/Frameworks/FittedSheets.framework/FittedSheets'>', hardenedRuntime='0'>'>
2025-01-23 10:03:02 +0000  Skipping profile for item: <IDEDistributionItem: 0x6000f8e0c360; bundleID='org.cocoapods.GoogleDataTransport', path='<DVTFilePath:0x6001a4821680:'/Users/ahmedmaher/Library/Developer/Xcode/Archives/2025-01-23/CERQEL_TST 23-01-2025, 11.53 AM.xcarchive/Products/Applications/CERQEL.app/Frameworks/GoogleDataTransport.framework'>', codeSigningInfo='<_DVTCodeSigningInformation_Path: 0x6000f845def0; isSigned='1', isAdHocSigned='0', signingCertificate='<DVTSigningCertificate: 0x600059e16580; name='Apple Development: Ahmed Maher (N5M5QPPB69)', hash='FC4EF9E1EDFAE25151A1E6A8911A084FC1B246BC', serialNumber='6AFACB33A60CA473FDD90B5286798487', certificateKinds='(
    "1.2.840.113635.100.6.1.12",
    "1.2.840.113635.100.6.1.2"
), issueDate='2025-01-16 09:51:48 +0000''>', entitlements='(null)', teamID='2536D9AR8F', identifier='org.cocoapods.GoogleDataTransport', executablePath='<DVTFilePath:0x60012cd98e70:'/Users/ahmedmaher/Library/Developer/Xcode/Archives/2025-01-23/CERQEL_TST 23-01-2025, 11.53 AM.xcarchive/Products/Applications/CERQEL.app/Frameworks/GoogleDataTransport.framework/GoogleDataTransport'>', hardenedRuntime='0'>'>
2025-01-23 10:03:02 +0000  Skipping profile for item: <IDEDistributionItem: 0x6001fc0d9500; bundleID='org.cocoapods.GoogleUtilities', path='<DVTFilePath:0x600254be1080:'/Users/ahmedmaher/Library/Developer/Xcode/Archives/2025-01-23/CERQEL_TST 23-01-2025, 11.53 AM.xcarchive/Products/Applications/CERQEL.app/Frameworks/GoogleUtilities.framework'>', codeSigningInfo='<_DVTCodeSigningInformation_Path: 0x60010c4a4690; isSigned='1', isAdHocSigned='0', signingCertificate='<DVTSigningCertificate: 0x600059e16580; name='Apple Development: Ahmed Maher (N5M5QPPB69)', hash='FC4EF9E1EDFAE25151A1E6A8911A084FC1B246BC', serialNumber='6AFACB33A60CA473FDD90B5286798487', certificateKinds='(
    "1.2.840.113635.100.6.1.12",
    "1.2.840.113635.100.6.1.2"
), issueDate='2025-01-16 09:51:48 +0000''>', entitlements='(null)', teamID='2536D9AR8F', identifier='org.cocoapods.GoogleUtilities', executablePath='<DVTFilePath:0x60012cd991f0:'/Users/ahmedmaher/Library/Developer/Xcode/Archives/2025-01-23/CERQEL_TST 23-01-2025, 11.53 AM.xcarchive/Products/Applications/CERQEL.app/Frameworks/GoogleUtilities.framework/GoogleUtilities'>', hardenedRuntime='0'>'>
2025-01-23 10:03:02 +0000  Skipping profile for item: <IDEDistributionItem: 0x6000f8e0c120; bundleID='org.cocoapods.IQKeyboardManagerSwift', path='<DVTFilePath:0x6001a4821a00:'/Users/ahmedmaher/Library/Developer/Xcode/Archives/2025-01-23/CERQEL_TST 23-01-2025, 11.53 AM.xcarchive/Products/Applications/CERQEL.app/Frameworks/IQKeyboardManagerSwift.framework'>', codeSigningInfo='<_DVTCodeSigningInformation_Path: 0x6000d830b750; isSigned='1', isAdHocSigned='0', signingCertificate='<DVTSigningCertificate: 0x600059e16580; name='Apple Development: Ahmed Maher (N5M5QPPB69)', hash='FC4EF9E1EDFAE25151A1E6A8911A084FC1B246BC', serialNumber='6AFACB33A60CA473FDD90B5286798487', certificateKinds='(
    "1.2.840.113635.100.6.1.12",
    "1.2.840.113635.100.6.1.2"
), issueDate='2025-01-16 09:51:48 +0000''>', entitlements='(null)', teamID='2536D9AR8F', identifier='org.cocoapods.IQKeyboardManagerSwift', executablePath='<DVTFilePath:0x600248c818f0:'/Users/ahmedmaher/Library/Developer/Xcode/Archives/2025-01-23/CERQEL_TST 23-01-2025, 11.53 AM.xcarchive/Products/Applications/CERQEL.app/Frameworks/IQKeyboardManagerSwift.framework/IQKeyboardManagerSwift'>', hardenedRuntime='0'>'>
2025-01-23 10:03:02 +0000  Skipping profile for item: <IDEDistributionItem: 0x6001fc0ba1c0; bundleID='org.cocoapods.InitialsImageView', path='<DVTFilePath:0x60007cbfb280:'/Users/ahmedmaher/Library/Developer/Xcode/Archives/2025-01-23/CERQEL_TST 23-01-2025, 11.53 AM.xcarchive/Products/Applications/CERQEL.app/Frameworks/InitialsImageView.framework'>', codeSigningInfo='<_DVTCodeSigningInformation_Path: 0x60010c72d680; isSigned='1', isAdHocSigned='0', signingCertificate='<DVTSigningCertificate: 0x600059e16580; name='Apple Development: Ahmed Maher (N5M5QPPB69)', hash='FC4EF9E1EDFAE25151A1E6A8911A084FC1B246BC', serialNumber='6AFACB33A60CA473FDD90B5286798487', certificateKinds='(
    "1.2.840.113635.100.6.1.12",
    "1.2.840.113635.100.6.1.2"
), issueDate='2025-01-16 09:51:48 +0000''>', entitlements='(null)', teamID='2536D9AR8F', identifier='org.cocoapods.InitialsImageView', executablePath='<DVTFilePath:0x600248c8ce00:'/Users/ahmedmaher/Library/Developer/Xcode/Archives/2025-01-23/CERQEL_TST 23-01-2025, 11.53 AM.xcarchive/Products/Applications/CERQEL.app/Frameworks/InitialsImageView.framework/InitialsImageView'>', hardenedRuntime='0'>'>
2025-01-23 10:03:02 +0000  Skipping profile for item: <IDEDistributionItem: 0x6001fc0a6e80; bundleID='org.cocoapods.JGProgressHUD', path='<DVTFilePath:0x60012cda3f70:'/Users/ahmedmaher/Library/Developer/Xcode/Archives/2025-01-23/CERQEL_TST 23-01-2025, 11.53 AM.xcarchive/Products/Applications/CERQEL.app/Frameworks/JGProgressHUD.framework'>', codeSigningInfo='<_DVTCodeSigningInformation_Path: 0x60010c706760; isSigned='1', isAdHocSigned='0', signingCertificate='<DVTSigningCertificate: 0x600059e16580; name='Apple Development: Ahmed Maher (N5M5QPPB69)', hash='FC4EF9E1EDFAE25151A1E6A8911A084FC1B246BC', serialNumber='6AFACB33A60CA473FDD90B5286798487', certificateKinds='(
    "1.2.840.113635.100.6.1.12",
    "1.2.840.113635.100.6.1.2"
), issueDate='2025-01-16 09:51:48 +0000''>', entitlements='(null)', teamID='2536D9AR8F', identifier='org.cocoapods.JGProgressHUD', executablePath='<DVTFilePath:0x600248c8d1f0:'/Users/ahmedmaher/Library/Developer/Xcode/Archives/2025-01-23/CERQEL_TST 23-01-2025, 11.53 AM.xcarchive/Products/Applications/CERQEL.app/Frameworks/JGProgressHUD.framework/JGProgressHUD'>', hardenedRuntime='0'>'>
2025-01-23 10:03:02 +0000  Skipping profile for item: <IDEDistributionItem: 0x6000f8e0c0c0; bundleID='org.cocoapods.KeychainAccess', path='<DVTFilePath:0x6001a4821a80:'/Users/ahmedmaher/Library/Developer/Xcode/Archives/2025-01-23/CERQEL_TST 23-01-2025, 11.53 AM.xcarchive/Products/Applications/CERQEL.app/Frameworks/KeychainAccess.framework'>', codeSigningInfo='<_DVTCodeSigningInformation_Path: 0x6000d830a850; isSigned='1', isAdHocSigned='0', signingCertificate='<DVTSigningCertificate: 0x600059e16580; name='Apple Development: Ahmed Maher (N5M5QPPB69)', hash='FC4EF9E1EDFAE25151A1E6A8911A084FC1B246BC', serialNumber='6AFACB33A60CA473FDD90B5286798487', certificateKinds='(
    "1.2.840.113635.100.6.1.12",
    "1.2.840.113635.100.6.1.2"
), issueDate='2025-01-16 09:51:48 +0000''>', entitlements='(null)', teamID='2536D9AR8F', identifier='org.cocoapods.KeychainAccess', executablePath='<DVTFilePath:0x60012cccfb10:'/Users/ahmedmaher/Library/Developer/Xcode/Archives/2025-01-23/CERQEL_TST 23-01-2025, 11.53 AM.xcarchive/Products/Applications/CERQEL.app/Frameworks/KeychainAccess.framework/KeychainAccess'>', hardenedRuntime='0'>'>
2025-01-23 10:03:02 +0000  Skipping profile for item: <IDEDistributionItem: 0x6000f8e0c840; bundleID='org.cocoapods.KeychainSwift', path='<DVTFilePath:0x600100f815e0:'/Users/ahmedmaher/Library/Developer/Xcode/Archives/2025-01-23/CERQEL_TST 23-01-2025, 11.53 AM.xcarchive/Products/Applications/CERQEL.app/Frameworks/KeychainSwift.framework'>', codeSigningInfo='<_DVTCodeSigningInformation_Path: 0x6000f845da90; isSigned='1', isAdHocSigned='0', signingCertificate='<DVTSigningCertificate: 0x600059e16580; name='Apple Development: Ahmed Maher (N5M5QPPB69)', hash='FC4EF9E1EDFAE25151A1E6A8911A084FC1B246BC', serialNumber='6AFACB33A60CA473FDD90B5286798487', certificateKinds='(
    "1.2.840.113635.100.6.1.12",
    "1.2.840.113635.100.6.1.2"
), issueDate='2025-01-16 09:51:48 +0000''>', entitlements='(null)', teamID='2536D9AR8F', identifier='org.cocoapods.KeychainSwift', executablePath='<DVTFilePath:0x600100f82f40:'/Users/ahmedmaher/Library/Developer/Xcode/Archives/2025-01-23/CERQEL_TST 23-01-2025, 11.53 AM.xcarchive/Products/Applications/CERQEL.app/Frameworks/KeychainSwift.framework/KeychainSwift'>', hardenedRuntime='0'>'>
2025-01-23 10:03:02 +0000  Skipping profile for item: <IDEDistributionItem: 0x6001fc0a1c80; bundleID='org.cocoapods.Kingfisher', path='<DVTFilePath:0x600248d439c0:'/Users/ahmedmaher/Library/Developer/Xcode/Archives/2025-01-23/CERQEL_TST 23-01-2025, 11.53 AM.xcarchive/Products/Applications/CERQEL.app/Frameworks/Kingfisher.framework'>', codeSigningInfo='<_DVTCodeSigningInformation_Path: 0x6000d8301a90; isSigned='1', isAdHocSigned='0', signingCertificate='<DVTSigningCertificate: 0x600059e16580; name='Apple Development: Ahmed Maher (N5M5QPPB69)', hash='FC4EF9E1EDFAE25151A1E6A8911A084FC1B246BC', serialNumber='6AFACB33A60CA473FDD90B5286798487', certificateKinds='(
    "1.2.840.113635.100.6.1.12",
    "1.2.840.113635.100.6.1.2"
), issueDate='2025-01-16 09:51:48 +0000''>', entitlements='(null)', teamID='2536D9AR8F', identifier='org.cocoapods.Kingfisher', executablePath='<DVTFilePath:0x600248c9d0a0:'/Users/ahmedmaher/Library/Developer/Xcode/Archives/2025-01-23/CERQEL_TST 23-01-2025, 11.53 AM.xcarchive/Products/Applications/CERQEL.app/Frameworks/Kingfisher.framework/Kingfisher'>', hardenedRuntime='0'>'>
2025-01-23 10:03:02 +0000  Skipping profile for item: <IDEDistributionItem: 0x6001fc0be8e0; bundleID='org.cocoapods.Lottie', path='<DVTFilePath:0x600100f809a0:'/Users/ahmedmaher/Library/Developer/Xcode/Archives/2025-01-23/CERQEL_TST 23-01-2025, 11.53 AM.xcarchive/Products/Applications/CERQEL.app/Frameworks/Lottie.framework'>', codeSigningInfo='<_DVTCodeSigningInformation_Path: 0x60010c405950; isSigned='1', isAdHocSigned='0', signingCertificate='<DVTSigningCertificate: 0x600059e16580; name='Apple Development: Ahmed Maher (N5M5QPPB69)', hash='FC4EF9E1EDFAE25151A1E6A8911A084FC1B246BC', serialNumber='6AFACB33A60CA473FDD90B5286798487', certificateKinds='(
    "1.2.840.113635.100.6.1.12",
    "1.2.840.113635.100.6.1.2"
), issueDate='2025-01-16 09:51:48 +0000''>', entitlements='(null)', teamID='2536D9AR8F', identifier='org.cocoapods.Lottie', executablePath='<DVTFilePath:0x6001fc0b9620:'/Users/ahmedmaher/Library/Developer/Xcode/Archives/2025-01-23/CERQEL_TST 23-01-2025, 11.53 AM.xcarchive/Products/Applications/CERQEL.app/Frameworks/Lottie.framework/Lottie'>', hardenedRuntime='0'>'>
2025-01-23 10:03:02 +0000  Skipping profile for item: <IDEDistributionItem: 0x6000f81ecd80; bundleID='org.cocoapods.MOLH', path='<DVTFilePath:0x60012cda4700:'/Users/ahmedmaher/Library/Developer/Xcode/Archives/2025-01-23/CERQEL_TST 23-01-2025, 11.53 AM.xcarchive/Products/Applications/CERQEL.app/Frameworks/MOLH.framework'>', codeSigningInfo='<_DVTCodeSigningInformation_Path: 0x6000f845e5d0; isSigned='1', isAdHocSigned='0', signingCertificate='<DVTSigningCertificate: 0x600059e16580; name='Apple Development: Ahmed Maher (N5M5QPPB69)', hash='FC4EF9E1EDFAE25151A1E6A8911A084FC1B246BC', serialNumber='6AFACB33A60CA473FDD90B5286798487', certificateKinds='(
    "1.2.840.113635.100.6.1.12",
    "1.2.840.113635.100.6.1.2"
), issueDate='2025-01-16 09:51:48 +0000''>', entitlements='(null)', teamID='2536D9AR8F', identifier='org.cocoapods.MOLH', executablePath='<DVTFilePath:0x6000f8e04f60:'/Users/ahmedmaher/Library/Developer/Xcode/Archives/2025-01-23/CERQEL_TST 23-01-2025, 11.53 AM.xcarchive/Products/Applications/CERQEL.app/Frameworks/MOLH.framework/MOLH'>', hardenedRuntime='0'>'>
2025-01-23 10:03:02 +0000  Skipping profile for item: <IDEDistributionItem: 0x6001fc0dd800; bundleID='com.echo.framework.Mantis', path='<DVTFilePath:0x600080f89b20:'/Users/ahmedmaher/Library/Developer/Xcode/Archives/2025-01-23/CERQEL_TST 23-01-2025, 11.53 AM.xcarchive/Products/Applications/CERQEL.app/Frameworks/Mantis.framework'>', codeSigningInfo='<_DVTCodeSigningInformation_Path: 0x60010c71f430; isSigned='1', isAdHocSigned='0', signingCertificate='<DVTSigningCertificate: 0x600059e16580; name='Apple Development: Ahmed Maher (N5M5QPPB69)', hash='FC4EF9E1EDFAE25151A1E6A8911A084FC1B246BC', serialNumber='6AFACB33A60CA473FDD90B5286798487', certificateKinds='(
    "1.2.840.113635.100.6.1.12",
    "1.2.840.113635.100.6.1.2"
), issueDate='2025-01-16 09:51:48 +0000''>', entitlements='(null)', teamID='2536D9AR8F', identifier='com.echo.framework.Mantis', executablePath='<DVTFilePath:0x6001fc0afd20:'/Users/ahmedmaher/Library/Developer/Xcode/Archives/2025-01-23/CERQEL_TST 23-01-2025, 11.53 AM.xcarchive/Products/Applications/CERQEL.app/Frameworks/Mantis.framework/Mantis'>', hardenedRuntime='0'>'>
2025-01-23 10:03:02 +0000  Skipping profile for item: <IDEDistributionItem: 0x6000f8e0c3c0; bundleID='org.cocoapods.MultiSlider', path='<DVTFilePath:0x600248d441c0:'/Users/ahmedmaher/Library/Developer/Xcode/Archives/2025-01-23/CERQEL_TST 23-01-2025, 11.53 AM.xcarchive/Products/Applications/CERQEL.app/Frameworks/MultiSlider.framework'>', codeSigningInfo='<_DVTCodeSigningInformation_Path: 0x6000f845dc20; isSigned='1', isAdHocSigned='0', signingCertificate='<DVTSigningCertificate: 0x600059e16580; name='Apple Development: Ahmed Maher (N5M5QPPB69)', hash='FC4EF9E1EDFAE25151A1E6A8911A084FC1B246BC', serialNumber='6AFACB33A60CA473FDD90B5286798487', certificateKinds='(
    "1.2.840.113635.100.6.1.12",
    "1.2.840.113635.100.6.1.2"
), issueDate='2025-01-16 09:51:48 +0000''>', entitlements='(null)', teamID='2536D9AR8F', identifier='org.cocoapods.MultiSlider', executablePath='<DVTFilePath:0x600100ff7640:'/Users/ahmedmaher/Library/Developer/Xcode/Archives/2025-01-23/CERQEL_TST 23-01-2025, 11.53 AM.xcarchive/Products/Applications/CERQEL.app/Frameworks/MultiSlider.framework/MultiSlider'>', hardenedRuntime='0'>'>
2025-01-23 10:03:02 +0000  Skipping profile for item: <IDEDistributionItem: 0x6001fc0dc600; bundleID='org.cocoapods.NicoProgress', path='<DVTFilePath:0x60012cda4bd0:'/Users/ahmedmaher/Library/Developer/Xcode/Archives/2025-01-23/CERQEL_TST 23-01-2025, 11.53 AM.xcarchive/Products/Applications/CERQEL.app/Frameworks/NicoProgress.framework'>', codeSigningInfo='<_DVTCodeSigningInformation_Path: 0x60010c70fa70; isSigned='1', isAdHocSigned='0', signingCertificate='<DVTSigningCertificate: 0x600059e16580; name='Apple Development: Ahmed Maher (N5M5QPPB69)', hash='FC4EF9E1EDFAE25151A1E6A8911A084FC1B246BC', serialNumber='6AFACB33A60CA473FDD90B5286798487', certificateKinds='(
    "1.2.840.113635.100.6.1.12",
    "1.2.840.113635.100.6.1.2"
), issueDate='2025-01-16 09:51:48 +0000''>', entitlements='(null)', teamID='2536D9AR8F', identifier='org.cocoapods.NicoProgress', executablePath='<DVTFilePath:0x600248c8ba30:'/Users/ahmedmaher/Library/Developer/Xcode/Archives/2025-01-23/CERQEL_TST 23-01-2025, 11.53 AM.xcarchive/Products/Applications/CERQEL.app/Frameworks/NicoProgress.framework/NicoProgress'>', hardenedRuntime='0'>'>
2025-01-23 10:03:02 +0000  Skipping profile for item: <IDEDistributionItem: 0x6001fc0c1a40; bundleID='org.cocoapods.ObjectMapper', path='<DVTFilePath:0x60012cda4e70:'/Users/ahmedmaher/Library/Developer/Xcode/Archives/2025-01-23/CERQEL_TST 23-01-2025, 11.53 AM.xcarchive/Products/Applications/CERQEL.app/Frameworks/ObjectMapper.framework'>', codeSigningInfo='<_DVTCodeSigningInformation_Path: 0x6000d83002d0; isSigned='1', isAdHocSigned='0', signingCertificate='<DVTSigningCertificate: 0x600059e16580; name='Apple Development: Ahmed Maher (N5M5QPPB69)', hash='FC4EF9E1EDFAE25151A1E6A8911A084FC1B246BC', serialNumber='6AFACB33A60CA473FDD90B5286798487', certificateKinds='(
    "1.2.840.113635.100.6.1.12",
    "1.2.840.113635.100.6.1.2"
), issueDate='2025-01-16 09:51:48 +0000''>', entitlements='(null)', teamID='2536D9AR8F', identifier='org.cocoapods.ObjectMapper', executablePath='<DVTFilePath:0x600100ff6060:'/Users/ahmedmaher/Library/Developer/Xcode/Archives/2025-01-23/CERQEL_TST 23-01-2025, 11.53 AM.xcarchive/Products/Applications/CERQEL.app/Frameworks/ObjectMapper.framework/ObjectMapper'>', hardenedRuntime='0'>'>
2025-01-23 10:03:02 +0000  Skipping profile for item: <IDEDistributionItem: 0x6001fc0dcf00; bundleID='org.cocoapods.PanModal', path='<DVTFilePath:0x600100f90460:'/Users/ahmedmaher/Library/Developer/Xcode/Archives/2025-01-23/CERQEL_TST 23-01-2025, 11.53 AM.xcarchive/Products/Applications/CERQEL.app/Frameworks/PanModal.framework'>', codeSigningInfo='<_DVTCodeSigningInformation_Path: 0x60010c4897c0; isSigned='1', isAdHocSigned='0', signingCertificate='<DVTSigningCertificate: 0x600059e16580; name='Apple Development: Ahmed Maher (N5M5QPPB69)', hash='FC4EF9E1EDFAE25151A1E6A8911A084FC1B246BC', serialNumber='6AFACB33A60CA473FDD90B5286798487', certificateKinds='(
    "1.2.840.113635.100.6.1.12",
    "1.2.840.113635.100.6.1.2"
), issueDate='2025-01-16 09:51:48 +0000''>', entitlements='(null)', teamID='2536D9AR8F', identifier='org.cocoapods.PanModal', executablePath='<DVTFilePath:0x60012ccc89a0:'/Users/ahmedmaher/Library/Developer/Xcode/Archives/2025-01-23/CERQEL_TST 23-01-2025, 11.53 AM.xcarchive/Products/Applications/CERQEL.app/Frameworks/PanModal.framework/PanModal'>', hardenedRuntime='0'>'>
2025-01-23 10:03:02 +0000  Skipping profile for item: <IDEDistributionItem: 0x6000f8e17f00; bundleID='org.cocoapods.PhoneNumberKit', path='<DVTFilePath:0x60007cbf8080:'/Users/ahmedmaher/Library/Developer/Xcode/Archives/2025-01-23/CERQEL_TST 23-01-2025, 11.53 AM.xcarchive/Products/Applications/CERQEL.app/Frameworks/PhoneNumberKit.framework'>', codeSigningInfo='<_DVTCodeSigningInformation_Path: 0x6000f845d400; isSigned='1', isAdHocSigned='0', signingCertificate='<DVTSigningCertificate: 0x600059e16580; name='Apple Development: Ahmed Maher (N5M5QPPB69)', hash='FC4EF9E1EDFAE25151A1E6A8911A084FC1B246BC', serialNumber='6AFACB33A60CA473FDD90B5286798487', certificateKinds='(
    "1.2.840.113635.100.6.1.12",
    "1.2.840.113635.100.6.1.2"
), issueDate='2025-01-16 09:51:48 +0000''>', entitlements='(null)', teamID='2536D9AR8F', identifier='org.cocoapods.PhoneNumberKit', executablePath='<DVTFilePath:0x60012cc7d260:'/Users/ahmedmaher/Library/Developer/Xcode/Archives/2025-01-23/CERQEL_TST 23-01-2025, 11.53 AM.xcarchive/Products/Applications/CERQEL.app/Frameworks/PhoneNumberKit.framework/PhoneNumberKit'>', hardenedRuntime='0'>'>
2025-01-23 10:03:02 +0000  Skipping profile for item: <IDEDistributionItem: 0x6001fc0c0660; bundleID='org.cocoapods.PopupDialog', path='<DVTFilePath:0x60012cda55e0:'/Users/ahmedmaher/Library/Developer/Xcode/Archives/2025-01-23/CERQEL_TST 23-01-2025, 11.53 AM.xcarchive/Products/Applications/CERQEL.app/Frameworks/PopupDialog.framework'>', codeSigningInfo='<_DVTCodeSigningInformation_Path: 0x6000f845ead0; isSigned='1', isAdHocSigned='0', signingCertificate='<DVTSigningCertificate: 0x600059e16580; name='Apple Development: Ahmed Maher (N5M5QPPB69)', hash='FC4EF9E1EDFAE25151A1E6A8911A084FC1B246BC', serialNumber='6AFACB33A60CA473FDD90B5286798487', certificateKinds='(
    "1.2.840.113635.100.6.1.12",
    "1.2.840.113635.100.6.1.2"
), issueDate='2025-01-16 09:51:48 +0000''>', entitlements='(null)', teamID='2536D9AR8F', identifier='org.cocoapods.PopupDialog', executablePath='<DVTFilePath:0x600100fcba30:'/Users/ahmedmaher/Library/Developer/Xcode/Archives/2025-01-23/CERQEL_TST 23-01-2025, 11.53 AM.xcarchive/Products/Applications/CERQEL.app/Frameworks/PopupDialog.framework/PopupDialog'>', hardenedRuntime='0'>'>
2025-01-23 10:03:02 +0000  Skipping profile for item: <IDEDistributionItem: 0x6001fc0a2b80; bundleID='org.cocoapods.Promises', path='<DVTFilePath:0x600080f8e140:'/Users/ahmedmaher/Library/Developer/Xcode/Archives/2025-01-23/CERQEL_TST 23-01-2025, 11.53 AM.xcarchive/Products/Applications/CERQEL.app/Frameworks/Promises.framework'>', codeSigningInfo='<_DVTCodeSigningInformation_Path: 0x6000f845e210; isSigned='1', isAdHocSigned='0', signingCertificate='<DVTSigningCertificate: 0x600059e16580; name='Apple Development: Ahmed Maher (N5M5QPPB69)', hash='FC4EF9E1EDFAE25151A1E6A8911A084FC1B246BC', serialNumber='6AFACB33A60CA473FDD90B5286798487', certificateKinds='(
    "1.2.840.113635.100.6.1.12",
    "1.2.840.113635.100.6.1.2"
), issueDate='2025-01-16 09:51:48 +0000''>', entitlements='(null)', teamID='2536D9AR8F', identifier='org.cocoapods.Promises', executablePath='<DVTFilePath:0x600100ff6fb0:'/Users/ahmedmaher/Library/Developer/Xcode/Archives/2025-01-23/CERQEL_TST 23-01-2025, 11.53 AM.xcarchive/Products/Applications/CERQEL.app/Frameworks/Promises.framework/Promises'>', hardenedRuntime='0'>'>
2025-01-23 10:03:02 +0000  Skipping profile for item: <IDEDistributionItem: 0x6001fc0cee20; bundleID='org.cocoapods.PryntTrimmerView', path='<DVTFilePath:0x6001a4822780:'/Users/ahmedmaher/Library/Developer/Xcode/Archives/2025-01-23/CERQEL_TST 23-01-2025, 11.53 AM.xcarchive/Products/Applications/CERQEL.app/Frameworks/PryntTrimmerView.framework'>', codeSigningInfo='<_DVTCodeSigningInformation_Path: 0x6000d83084b0; isSigned='1', isAdHocSigned='0', signingCertificate='<DVTSigningCertificate: 0x600059e16580; name='Apple Development: Ahmed Maher (N5M5QPPB69)', hash='FC4EF9E1EDFAE25151A1E6A8911A084FC1B246BC', serialNumber='6AFACB33A60CA473FDD90B5286798487', certificateKinds='(
    "1.2.840.113635.100.6.1.12",
    "1.2.840.113635.100.6.1.2"
), issueDate='2025-01-16 09:51:48 +0000''>', entitlements='(null)', teamID='2536D9AR8F', identifier='org.cocoapods.PryntTrimmerView', executablePath='<DVTFilePath:0x60012ccc16c0:'/Users/ahmedmaher/Library/Developer/Xcode/Archives/2025-01-23/CERQEL_TST 23-01-2025, 11.53 AM.xcarchive/Products/Applications/CERQEL.app/Frameworks/PryntTrimmerView.framework/PryntTrimmerView'>', hardenedRuntime='0'>'>
2025-01-23 10:03:02 +0000  Skipping profile for item: <IDEDistributionItem: 0x6001fc0c2040; bundleID='org.cocoapods.Reachability', path='<DVTFilePath:0x600248d445b0:'/Users/ahmedmaher/Library/Developer/Xcode/Archives/2025-01-23/CERQEL_TST 23-01-2025, 11.53 AM.xcarchive/Products/Applications/CERQEL.app/Frameworks/Reachability.framework'>', codeSigningInfo='<_DVTCodeSigningInformation_Path: 0x60010c55b7a0; isSigned='1', isAdHocSigned='0', signingCertificate='<DVTSigningCertificate: 0x600059e16580; name='Apple Development: Ahmed Maher (N5M5QPPB69)', hash='FC4EF9E1EDFAE25151A1E6A8911A084FC1B246BC', serialNumber='6AFACB33A60CA473FDD90B5286798487', certificateKinds='(
    "1.2.840.113635.100.6.1.12",
    "1.2.840.113635.100.6.1.2"
), issueDate='2025-01-16 09:51:48 +0000''>', entitlements='(null)', teamID='2536D9AR8F', identifier='org.cocoapods.Reachability', executablePath='<DVTFilePath:0x60012cfec380:'/Users/ahmedmaher/Library/Developer/Xcode/Archives/2025-01-23/CERQEL_TST 23-01-2025, 11.53 AM.xcarchive/Products/Applications/CERQEL.app/Frameworks/Reachability.framework/Reachability'>', hardenedRuntime='0'>'>
2025-01-23 10:03:02 +0000  Skipping profile for item: <IDEDistributionItem: 0x6000c0e27540; bundleID='org.cocoapods.RichEditorView', path='<DVTFilePath:0x6001a4822800:'/Users/ahmedmaher/Library/Developer/Xcode/Archives/2025-01-23/CERQEL_TST 23-01-2025, 11.53 AM.xcarchive/Products/Applications/CERQEL.app/Frameworks/RichEditorView.framework'>', codeSigningInfo='<_DVTCodeSigningInformation_Path: 0x6001005a6c10; isSigned='1', isAdHocSigned='0', signingCertificate='<DVTSigningCertificate: 0x600059e16580; name='Apple Development: Ahmed Maher (N5M5QPPB69)', hash='FC4EF9E1EDFAE25151A1E6A8911A084FC1B246BC', serialNumber='6AFACB33A60CA473FDD90B5286798487', certificateKinds='(
    "1.2.840.113635.100.6.1.12",
    "1.2.840.113635.100.6.1.2"
), issueDate='2025-01-16 09:51:48 +0000''>', entitlements='(null)', teamID='2536D9AR8F', identifier='org.cocoapods.RichEditorView', executablePath='<DVTFilePath:0x60012cf971e0:'/Users/ahmedmaher/Library/Developer/Xcode/Archives/2025-01-23/CERQEL_TST 23-01-2025, 11.53 AM.xcarchive/Products/Applications/CERQEL.app/Frameworks/RichEditorView.framework/RichEditorView'>', hardenedRuntime='0'>'>
2025-01-23 10:03:02 +0000  Skipping profile for item: <IDEDistributionItem: 0x6000f8e0cd20; bundleID='org.cocoapods.RxAlamofire', path='<DVTFilePath:0x600080fdff00:'/Users/ahmedmaher/Library/Developer/Xcode/Archives/2025-01-23/CERQEL_TST 23-01-2025, 11.53 AM.xcarchive/Products/Applications/CERQEL.app/Frameworks/RxAlamofire.framework'>', codeSigningInfo='<_DVTCodeSigningInformation_Path: 0x6000d830b980; isSigned='1', isAdHocSigned='0', signingCertificate='<DVTSigningCertificate: 0x600059e16580; name='Apple Development: Ahmed Maher (N5M5QPPB69)', hash='FC4EF9E1EDFAE25151A1E6A8911A084FC1B246BC', serialNumber='6AFACB33A60CA473FDD90B5286798487', certificateKinds='(
    "1.2.840.113635.100.6.1.12",
    "1.2.840.113635.100.6.1.2"
), issueDate='2025-01-16 09:51:48 +0000''>', entitlements='(null)', teamID='2536D9AR8F', identifier='org.cocoapods.RxAlamofire', executablePath='<DVTFilePath:0x60012cc0ec30:'/Users/ahmedmaher/Library/Developer/Xcode/Archives/2025-01-23/CERQEL_TST 23-01-2025, 11.53 AM.xcarchive/Products/Applications/CERQEL.app/Frameworks/RxAlamofire.framework/RxAlamofire'>', hardenedRuntime='0'>'>
2025-01-23 10:03:02 +0000  Skipping profile for item: <IDEDistributionItem: 0x6001fc0be940; bundleID='org.cocoapods.RxCocoa', path='<DVTFilePath:0x600100f80230:'/Users/ahmedmaher/Library/Developer/Xcode/Archives/2025-01-23/CERQEL_TST 23-01-2025, 11.53 AM.xcarchive/Products/Applications/CERQEL.app/Frameworks/RxCocoa.framework'>', codeSigningInfo='<_DVTCodeSigningInformation_Path: 0x60010c76d9f0; isSigned='1', isAdHocSigned='0', signingCertificate='<DVTSigningCertificate: 0x600059e16580; name='Apple Development: Ahmed Maher (N5M5QPPB69)', hash='FC4EF9E1EDFAE25151A1E6A8911A084FC1B246BC', serialNumber='6AFACB33A60CA473FDD90B5286798487', certificateKinds='(
    "1.2.840.113635.100.6.1.12",
    "1.2.840.113635.100.6.1.2"
), issueDate='2025-01-16 09:51:48 +0000''>', entitlements='(null)', teamID='2536D9AR8F', identifier='org.cocoapods.RxCocoa', executablePath='<DVTFilePath:0x6001fc076f40:'/Users/ahmedmaher/Library/Developer/Xcode/Archives/2025-01-23/CERQEL_TST 23-01-2025, 11.53 AM.xcarchive/Products/Applications/CERQEL.app/Frameworks/RxCocoa.framework/RxCocoa'>', hardenedRuntime='0'>'>
2025-01-23 10:03:02 +0000  Skipping profile for item: <IDEDistributionItem: 0x6000f8e0d6e0; bundleID='org.cocoapods.RxRelay', path='<DVTFilePath:0x600100f867d0:'/Users/ahmedmaher/Library/Developer/Xcode/Archives/2025-01-23/CERQEL_TST 23-01-2025, 11.53 AM.xcarchive/Products/Applications/CERQEL.app/Frameworks/RxRelay.framework'>', codeSigningInfo='<_DVTCodeSigningInformation_Path: 0x600104517980; isSigned='1', isAdHocSigned='0', signingCertificate='<DVTSigningCertificate: 0x600059e16580; name='Apple Development: Ahmed Maher (N5M5QPPB69)', hash='FC4EF9E1EDFAE25151A1E6A8911A084FC1B246BC', serialNumber='6AFACB33A60CA473FDD90B5286798487', certificateKinds='(
    "1.2.840.113635.100.6.1.12",
    "1.2.840.113635.100.6.1.2"
), issueDate='2025-01-16 09:51:48 +0000''>', entitlements='(null)', teamID='2536D9AR8F', identifier='org.cocoapods.RxRelay', executablePath='<DVTFilePath:0x6000f81ceac0:'/Users/ahmedmaher/Library/Developer/Xcode/Archives/2025-01-23/CERQEL_TST 23-01-2025, 11.53 AM.xcarchive/Products/Applications/CERQEL.app/Frameworks/RxRelay.framework/RxRelay'>', hardenedRuntime='0'>'>
2025-01-23 10:03:02 +0000  Skipping profile for item: <IDEDistributionItem: 0x6001fc0ba460; bundleID='org.cocoapods.RxSwift', path='<DVTFilePath:0x60012cda6300:'/Users/ahmedmaher/Library/Developer/Xcode/Archives/2025-01-23/CERQEL_TST 23-01-2025, 11.53 AM.xcarchive/Products/Applications/CERQEL.app/Frameworks/RxSwift.framework'>', codeSigningInfo='<_DVTCodeSigningInformation_Path: 0x60010c4c5bd0; isSigned='1', isAdHocSigned='0', signingCertificate='<DVTSigningCertificate: 0x600059e16580; name='Apple Development: Ahmed Maher (N5M5QPPB69)', hash='FC4EF9E1EDFAE25151A1E6A8911A084FC1B246BC', serialNumber='6AFACB33A60CA473FDD90B5286798487', certificateKinds='(
    "1.2.840.113635.100.6.1.12",
    "1.2.840.113635.100.6.1.2"
), issueDate='2025-01-16 09:51:48 +0000''>', entitlements='(null)', teamID='2536D9AR8F', identifier='org.cocoapods.RxSwift', executablePath='<DVTFilePath:0x6001fc0a38a0:'/Users/ahmedmaher/Library/Developer/Xcode/Archives/2025-01-23/CERQEL_TST 23-01-2025, 11.53 AM.xcarchive/Products/Applications/CERQEL.app/Frameworks/RxSwift.framework/RxSwift'>', hardenedRuntime='0'>'>
2025-01-23 10:03:02 +0000  Skipping profile for item: <IDEDistributionItem: 0x6000f8e0c6c0; bundleID='org.cocoapods.SVGKit', path='<DVTFilePath:0x60012cda67d0:'/Users/ahmedmaher/Library/Developer/Xcode/Archives/2025-01-23/CERQEL_TST 23-01-2025, 11.53 AM.xcarchive/Products/Applications/CERQEL.app/Frameworks/SVGKit.framework'>', codeSigningInfo='<_DVTCodeSigningInformation_Path: 0x6000d83091d0; isSigned='1', isAdHocSigned='0', signingCertificate='<DVTSigningCertificate: 0x600059e16580; name='Apple Development: Ahmed Maher (N5M5QPPB69)', hash='FC4EF9E1EDFAE25151A1E6A8911A084FC1B246BC', serialNumber='6AFACB33A60CA473FDD90B5286798487', certificateKinds='(
    "1.2.840.113635.100.6.1.12",
    "1.2.840.113635.100.6.1.2"
), issueDate='2025-01-16 09:51:48 +0000''>', entitlements='(null)', teamID='2536D9AR8F', identifier='org.cocoapods.SVGKit', executablePath='<DVTFilePath:0x6000f81be760:'/Users/ahmedmaher/Library/Developer/Xcode/Archives/2025-01-23/CERQEL_TST 23-01-2025, 11.53 AM.xcarchive/Products/Applications/CERQEL.app/Frameworks/SVGKit.framework/SVGKit'>', hardenedRuntime='0'>'>
2025-01-23 10:03:02 +0000  Skipping profile for item: <IDEDistributionItem: 0x6001fc0a3f00; bundleID='org.cocoapods.SideMenuSwift', path='<DVTFilePath:0x600100f88930:'/Users/ahmedmaher/Library/Developer/Xcode/Archives/2025-01-23/CERQEL_TST 23-01-2025, 11.53 AM.xcarchive/Products/Applications/CERQEL.app/Frameworks/SideMenuSwift.framework'>', codeSigningInfo='<_DVTCodeSigningInformation_Path: 0x60010c71a3f0; isSigned='1', isAdHocSigned='0', signingCertificate='<DVTSigningCertificate: 0x600059e16580; name='Apple Development: Ahmed Maher (N5M5QPPB69)', hash='FC4EF9E1EDFAE25151A1E6A8911A084FC1B246BC', serialNumber='6AFACB33A60CA473FDD90B5286798487', certificateKinds='(
    "1.2.840.113635.100.6.1.12",
    "1.2.840.113635.100.6.1.2"
), issueDate='2025-01-16 09:51:48 +0000''>', entitlements='(null)', teamID='2536D9AR8F', identifier='org.cocoapods.SideMenuSwift', executablePath='<DVTFilePath:0x600100c02bc0:'/Users/ahmedmaher/Library/Developer/Xcode/Archives/2025-01-23/CERQEL_TST 23-01-2025, 11.53 AM.xcarchive/Products/Applications/CERQEL.app/Frameworks/SideMenuSwift.framework/SideMenuSwift'>', hardenedRuntime='0'>'>
2025-01-23 10:03:02 +0000  Skipping profile for item: <IDEDistributionItem: 0x6001fc0d9320; bundleID='org.cocoapods.SkeletonView', path='<DVTFilePath:0x60012cda65a0:'/Users/ahmedmaher/Library/Developer/Xcode/Archives/2025-01-23/CERQEL_TST 23-01-2025, 11.53 AM.xcarchive/Products/Applications/CERQEL.app/Frameworks/SkeletonView.framework'>', codeSigningInfo='<_DVTCodeSigningInformation_Path: 0x60010c7485a0; isSigned='1', isAdHocSigned='0', signingCertificate='<DVTSigningCertificate: 0x600059e16580; name='Apple Development: Ahmed Maher (N5M5QPPB69)', hash='FC4EF9E1EDFAE25151A1E6A8911A084FC1B246BC', serialNumber='6AFACB33A60CA473FDD90B5286798487', certificateKinds='(
    "1.2.840.113635.100.6.1.12",
    "1.2.840.113635.100.6.1.2"
), issueDate='2025-01-16 09:51:48 +0000''>', entitlements='(null)', teamID='2536D9AR8F', identifier='org.cocoapods.SkeletonView', executablePath='<DVTFilePath:0x600248c81b20:'/Users/ahmedmaher/Library/Developer/Xcode/Archives/2025-01-23/CERQEL_TST 23-01-2025, 11.53 AM.xcarchive/Products/Applications/CERQEL.app/Frameworks/SkeletonView.framework/SkeletonView'>', hardenedRuntime='0'>'>
2025-01-23 10:03:02 +0000  Skipping profile for item: <IDEDistributionItem: 0x6001fc0a1500; bundleID='org.cocoapods.Stevia', path='<DVTFilePath:0x600248d449a0:'/Users/ahmedmaher/Library/Developer/Xcode/Archives/2025-01-23/CERQEL_TST 23-01-2025, 11.53 AM.xcarchive/Products/Applications/CERQEL.app/Frameworks/Stevia.framework'>', codeSigningInfo='<_DVTCodeSigningInformation_Path: 0x6000d830b250; isSigned='1', isAdHocSigned='0', signingCertificate='<DVTSigningCertificate: 0x600059e16580; name='Apple Development: Ahmed Maher (N5M5QPPB69)', hash='FC4EF9E1EDFAE25151A1E6A8911A084FC1B246BC', serialNumber='6AFACB33A60CA473FDD90B5286798487', certificateKinds='(
    "1.2.840.113635.100.6.1.12",
    "1.2.840.113635.100.6.1.2"
), issueDate='2025-01-16 09:51:48 +0000''>', entitlements='(null)', teamID='2536D9AR8F', identifier='org.cocoapods.Stevia', executablePath='<DVTFilePath:0x6001fc09c4e0:'/Users/ahmedmaher/Library/Developer/Xcode/Archives/2025-01-23/CERQEL_TST 23-01-2025, 11.53 AM.xcarchive/Products/Applications/CERQEL.app/Frameworks/Stevia.framework/Stevia'>', hardenedRuntime='0'>'>
2025-01-23 10:03:02 +0000  Skipping profile for item: <IDEDistributionItem: 0x6001fc0b92c0; bundleID='org.cocoapods.SweeterSwift', path='<DVTFilePath:0x60012cda6a70:'/Users/ahmedmaher/Library/Developer/Xcode/Archives/2025-01-23/CERQEL_TST 23-01-2025, 11.53 AM.xcarchive/Products/Applications/CERQEL.app/Frameworks/SweeterSwift.framework'>', codeSigningInfo='<_DVTCodeSigningInformation_Path: 0x60010c513570; isSigned='1', isAdHocSigned='0', signingCertificate='<DVTSigningCertificate: 0x600059e16580; name='Apple Development: Ahmed Maher (N5M5QPPB69)', hash='FC4EF9E1EDFAE25151A1E6A8911A084FC1B246BC', serialNumber='6AFACB33A60CA473FDD90B5286798487', certificateKinds='(
    "1.2.840.113635.100.6.1.12",
    "1.2.840.113635.100.6.1.2"
), issueDate='2025-01-16 09:51:48 +0000''>', entitlements='(null)', teamID='2536D9AR8F', identifier='org.cocoapods.SweeterSwift', executablePath='<DVTFilePath:0x600248c81810:'/Users/ahmedmaher/Library/Developer/Xcode/Archives/2025-01-23/CERQEL_TST 23-01-2025, 11.53 AM.xcarchive/Products/Applications/CERQEL.app/Frameworks/SweeterSwift.framework/SweeterSwift'>', hardenedRuntime='0'>'>
2025-01-23 10:03:02 +0000  Skipping profile for item: <IDEDistributionItem: 0x6000f8e0a880; bundleID='org.cocoapods.SwiftMessages', path='<DVTFilePath:0x600248d44d90:'/Users/ahmedmaher/Library/Developer/Xcode/Archives/2025-01-23/CERQEL_TST 23-01-2025, 11.53 AM.xcarchive/Products/Applications/CERQEL.app/Frameworks/SwiftMessages.framework'>', codeSigningInfo='<_DVTCodeSigningInformation_Path: 0x60010c55abc0; isSigned='1', isAdHocSigned='0', signingCertificate='<DVTSigningCertificate: 0x600059e16580; name='Apple Development: Ahmed Maher (N5M5QPPB69)', hash='FC4EF9E1EDFAE25151A1E6A8911A084FC1B246BC', serialNumber='6AFACB33A60CA473FDD90B5286798487', certificateKinds='(
    "1.2.840.113635.100.6.1.12",
    "1.2.840.113635.100.6.1.2"
), issueDate='2025-01-16 09:51:48 +0000''>', entitlements='(null)', teamID='2536D9AR8F', identifier='org.cocoapods.SwiftMessages', executablePath='<DVTFilePath:0x60012cccd260:'/Users/ahmedmaher/Library/Developer/Xcode/Archives/2025-01-23/CERQEL_TST 23-01-2025, 11.53 AM.xcarchive/Products/Applications/CERQEL.app/Frameworks/SwiftMessages.framework/SwiftMessages'>', hardenedRuntime='0'>'>
2025-01-23 10:03:02 +0000  Skipping profile for item: <IDEDistributionItem: 0x6001fc0b6c40; bundleID='org.cocoapods.SwiftyJSON', path='<DVTFilePath:0x600248d460d0:'/Users/ahmedmaher/Library/Developer/Xcode/Archives/2025-01-23/CERQEL_TST 23-01-2025, 11.53 AM.xcarchive/Products/Applications/CERQEL.app/Frameworks/SwiftyJSON.framework'>', codeSigningInfo='<_DVTCodeSigningInformation_Path: 0x60010c70c050; isSigned='1', isAdHocSigned='0', signingCertificate='<DVTSigningCertificate: 0x600059e16580; name='Apple Development: Ahmed Maher (N5M5QPPB69)', hash='FC4EF9E1EDFAE25151A1E6A8911A084FC1B246BC', serialNumber='6AFACB33A60CA473FDD90B5286798487', certificateKinds='(
    "1.2.840.113635.100.6.1.12",
    "1.2.840.113635.100.6.1.2"
), issueDate='2025-01-16 09:51:48 +0000''>', entitlements='(null)', teamID='2536D9AR8F', identifier='org.cocoapods.SwiftyJSON', executablePath='<DVTFilePath:0x60012cc0dc70:'/Users/ahmedmaher/Library/Developer/Xcode/Archives/2025-01-23/CERQEL_TST 23-01-2025, 11.53 AM.xcarchive/Products/Applications/CERQEL.app/Frameworks/SwiftyJSON.framework/SwiftyJSON'>', hardenedRuntime='0'>'>
2025-01-23 10:03:02 +0000  Skipping profile for item: <IDEDistributionItem: 0x6000f81f3300; bundleID='org.cocoapods.TOCropViewController', path='<DVTFilePath:0x60007cbfbe00:'/Users/ahmedmaher/Library/Developer/Xcode/Archives/2025-01-23/CERQEL_TST 23-01-2025, 11.53 AM.xcarchive/Products/Applications/CERQEL.app/Frameworks/TOCropViewController.framework'>', codeSigningInfo='<_DVTCodeSigningInformation_Path: 0x60010c55bac0; isSigned='1', isAdHocSigned='0', signingCertificate='<DVTSigningCertificate: 0x600059e16580; name='Apple Development: Ahmed Maher (N5M5QPPB69)', hash='FC4EF9E1EDFAE25151A1E6A8911A084FC1B246BC', serialNumber='6AFACB33A60CA473FDD90B5286798487', certificateKinds='(
    "1.2.840.113635.100.6.1.12",
    "1.2.840.113635.100.6.1.2"
), issueDate='2025-01-16 09:51:48 +0000''>', entitlements='(null)', teamID='2536D9AR8F', identifier='org.cocoapods.TOCropViewController', executablePath='<DVTFilePath:0x600100fe2a00:'/Users/ahmedmaher/Library/Developer/Xcode/Archives/2025-01-23/CERQEL_TST 23-01-2025, 11.53 AM.xcarchive/Products/Applications/CERQEL.app/Frameworks/TOCropViewController.framework/TOCropViewController'>', hardenedRuntime='0'>'>
2025-01-23 10:03:02 +0000  Skipping profile for item: <IDEDistributionItem: 0x6000f8e0c420; bundleID='org.cocoapods.TagListView', path='<DVTFilePath:0x60012cda6f40:'/Users/ahmedmaher/Library/Developer/Xcode/Archives/2025-01-23/CERQEL_TST 23-01-2025, 11.53 AM.xcarchive/Products/Applications/CERQEL.app/Frameworks/TagListView.framework'>', codeSigningInfo='<_DVTCodeSigningInformation_Path: 0x6000d830af80; isSigned='1', isAdHocSigned='0', signingCertificate='<DVTSigningCertificate: 0x600059e16580; name='Apple Development: Ahmed Maher (N5M5QPPB69)', hash='FC4EF9E1EDFAE25151A1E6A8911A084FC1B246BC', serialNumber='6AFACB33A60CA473FDD90B5286798487', certificateKinds='(
    "1.2.840.113635.100.6.1.12",
    "1.2.840.113635.100.6.1.2"
), issueDate='2025-01-16 09:51:48 +0000''>', entitlements='(null)', teamID='2536D9AR8F', identifier='org.cocoapods.TagListView', executablePath='<DVTFilePath:0x600248c83b80:'/Users/ahmedmaher/Library/Developer/Xcode/Archives/2025-01-23/CERQEL_TST 23-01-2025, 11.53 AM.xcarchive/Products/Applications/CERQEL.app/Frameworks/TagListView.framework/TagListView'>', hardenedRuntime='0'>'>
2025-01-23 10:03:02 +0000  Skipping profile for item: <IDEDistributionItem: 0x6000f8e0c060; bundleID='org.cocoapods.Toast-Swift', path='<DVTFilePath:0x600100f8ddc0:'/Users/ahmedmaher/Library/Developer/Xcode/Archives/2025-01-23/CERQEL_TST 23-01-2025, 11.53 AM.xcarchive/Products/Applications/CERQEL.app/Frameworks/Toast_Swift.framework'>', codeSigningInfo='<_DVTCodeSigningInformation_Path: 0x6000f845e1c0; isSigned='1', isAdHocSigned='0', signingCertificate='<DVTSigningCertificate: 0x600059e16580; name='Apple Development: Ahmed Maher (N5M5QPPB69)', hash='FC4EF9E1EDFAE25151A1E6A8911A084FC1B246BC', serialNumber='6AFACB33A60CA473FDD90B5286798487', certificateKinds='(
    "1.2.840.113635.100.6.1.12",
    "1.2.840.113635.100.6.1.2"
), issueDate='2025-01-16 09:51:48 +0000''>', entitlements='(null)', teamID='2536D9AR8F', identifier='org.cocoapods.Toast-Swift', executablePath='<DVTFilePath:0x60012ccc8cb0:'/Users/ahmedmaher/Library/Developer/Xcode/Archives/2025-01-23/CERQEL_TST 23-01-2025, 11.53 AM.xcarchive/Products/Applications/CERQEL.app/Frameworks/Toast_Swift.framework/Toast_Swift'>', hardenedRuntime='0'>'>
2025-01-23 10:03:02 +0000  Skipping profile for item: <IDEDistributionItem: 0x6001fc0b7540; bundleID='org.cocoapods.TransitionButton', path='<DVTFilePath:0x600254be3100:'/Users/ahmedmaher/Library/Developer/Xcode/Archives/2025-01-23/CERQEL_TST 23-01-2025, 11.53 AM.xcarchive/Products/Applications/CERQEL.app/Frameworks/TransitionButton.framework'>', codeSigningInfo='<_DVTCodeSigningInformation_Path: 0x60010c5384b0; isSigned='1', isAdHocSigned='0', signingCertificate='<DVTSigningCertificate: 0x600059e16580; name='Apple Development: Ahmed Maher (N5M5QPPB69)', hash='FC4EF9E1EDFAE25151A1E6A8911A084FC1B246BC', serialNumber='6AFACB33A60CA473FDD90B5286798487', certificateKinds='(
    "1.2.840.113635.100.6.1.12",
    "1.2.840.113635.100.6.1.2"
), issueDate='2025-01-16 09:51:48 +0000''>', entitlements='(null)', teamID='2536D9AR8F', identifier='org.cocoapods.TransitionButton', executablePath='<DVTFilePath:0x600100fc8000:'/Users/ahmedmaher/Library/Developer/Xcode/Archives/2025-01-23/CERQEL_TST 23-01-2025, 11.53 AM.xcarchive/Products/Applications/CERQEL.app/Frameworks/TransitionButton.framework/TransitionButton'>', hardenedRuntime='0'>'>
2025-01-23 10:03:02 +0000  Skipping profile for item: <IDEDistributionItem: 0x6000f8e0c660; bundleID='org.cocoapods.XLPagerTabStrip', path='<DVTFilePath:0x6001a4821e00:'/Users/ahmedmaher/Library/Developer/Xcode/Archives/2025-01-23/CERQEL_TST 23-01-2025, 11.53 AM.xcarchive/Products/Applications/CERQEL.app/Frameworks/XLPagerTabStrip.framework'>', codeSigningInfo='<_DVTCodeSigningInformation_Path: 0x6000f845dbd0; isSigned='1', isAdHocSigned='0', signingCertificate='<DVTSigningCertificate: 0x600059e16580; name='Apple Development: Ahmed Maher (N5M5QPPB69)', hash='FC4EF9E1EDFAE25151A1E6A8911A084FC1B246BC', serialNumber='6AFACB33A60CA473FDD90B5286798487', certificateKinds='(
    "1.2.840.113635.100.6.1.12",
    "1.2.840.113635.100.6.1.2"
), issueDate='2025-01-16 09:51:48 +0000''>', entitlements='(null)', teamID='2536D9AR8F', identifier='org.cocoapods.XLPagerTabStrip', executablePath='<DVTFilePath:0x600100ff7db0:'/Users/ahmedmaher/Library/Developer/Xcode/Archives/2025-01-23/CERQEL_TST 23-01-2025, 11.53 AM.xcarchive/Products/Applications/CERQEL.app/Frameworks/XLPagerTabStrip.framework/XLPagerTabStrip'>', hardenedRuntime='0'>'>
2025-01-23 10:03:02 +0000  Skipping profile for item: <IDEDistributionItem: 0x6000f8e17360; bundleID='org.cocoapods.YPImagePicker', path='<DVTFilePath:0x600248d46ed0:'/Users/ahmedmaher/Library/Developer/Xcode/Archives/2025-01-23/CERQEL_TST 23-01-2025, 11.53 AM.xcarchive/Products/Applications/CERQEL.app/Frameworks/YPImagePicker.framework'>', codeSigningInfo='<_DVTCodeSigningInformation_Path: 0x60010c55b9d0; isSigned='1', isAdHocSigned='0', signingCertificate='<DVTSigningCertificate: 0x600059e16580; name='Apple Development: Ahmed Maher (N5M5QPPB69)', hash='FC4EF9E1EDFAE25151A1E6A8911A084FC1B246BC', serialNumber='6AFACB33A60CA473FDD90B5286798487', certificateKinds='(
    "1.2.840.113635.100.6.1.12",
    "1.2.840.113635.100.6.1.2"
), issueDate='2025-01-16 09:51:48 +0000''>', entitlements='(null)', teamID='2536D9AR8F', identifier='org.cocoapods.YPImagePicker', executablePath='<DVTFilePath:0x60012ccc13b0:'/Users/ahmedmaher/Library/Developer/Xcode/Archives/2025-01-23/CERQEL_TST 23-01-2025, 11.53 AM.xcarchive/Products/Applications/CERQEL.app/Frameworks/YPImagePicker.framework/YPImagePicker'>', hardenedRuntime='0'>'>
2025-01-23 10:03:02 +0000  Skipping profile for item: <IDEDistributionItem: 0x6000f8e14ea0; bundleID='org.cocoapods.absl', path='<DVTFilePath:0x600080fb4f50:'/Users/ahmedmaher/Library/Developer/Xcode/Archives/2025-01-23/CERQEL_TST 23-01-2025, 11.53 AM.xcarchive/Products/Applications/CERQEL.app/Frameworks/absl.framework'>', codeSigningInfo='<_DVTCodeSigningInformation_Path: 0x6000d8300230; isSigned='1', isAdHocSigned='0', signingCertificate='<DVTSigningCertificate: 0x600059e16580; name='Apple Development: Ahmed Maher (N5M5QPPB69)', hash='FC4EF9E1EDFAE25151A1E6A8911A084FC1B246BC', serialNumber='6AFACB33A60CA473FDD90B5286798487', certificateKinds='(
    "1.2.840.113635.100.6.1.12",
    "1.2.840.113635.100.6.1.2"
), issueDate='2025-01-16 09:51:48 +0000''>', entitlements='(null)', teamID='2536D9AR8F', identifier='org.cocoapods.absl', executablePath='<DVTFilePath:0x6001fc0e83c0:'/Users/ahmedmaher/Library/Developer/Xcode/Archives/2025-01-23/CERQEL_TST 23-01-2025, 11.53 AM.xcarchive/Products/Applications/CERQEL.app/Frameworks/absl.framework/absl'>', hardenedRuntime='0'>'>
2025-01-23 10:03:02 +0000  Skipping profile for item: <IDEDistributionItem: 0x6000f8e0d680; bundleID='org.cocoapods.grpc', path='<DVTFilePath:0x600248d43100:'/Users/ahmedmaher/Library/Developer/Xcode/Archives/2025-01-23/CERQEL_TST 23-01-2025, 11.53 AM.xcarchive/Products/Applications/CERQEL.app/Frameworks/grpc.framework'>', codeSigningInfo='<_DVTCodeSigningInformation_Path: 0x60010c541fe0; isSigned='1', isAdHocSigned='0', signingCertificate='<DVTSigningCertificate: 0x600059e16580; name='Apple Development: Ahmed Maher (N5M5QPPB69)', hash='FC4EF9E1EDFAE25151A1E6A8911A084FC1B246BC', serialNumber='6AFACB33A60CA473FDD90B5286798487', certificateKinds='(
    "1.2.840.113635.100.6.1.12",
    "1.2.840.113635.100.6.1.2"
), issueDate='2025-01-16 09:51:48 +0000''>', entitlements='(null)', teamID='2536D9AR8F', identifier='org.cocoapods.grpc', executablePath='<DVTFilePath:0x6000c0e26820:'/Users/ahmedmaher/Library/Developer/Xcode/Archives/2025-01-23/CERQEL_TST 23-01-2025, 11.53 AM.xcarchive/Products/Applications/CERQEL.app/Frameworks/grpc.framework/grpc'>', hardenedRuntime='0'>'>
2025-01-23 10:03:02 +0000  Skipping profile for item: <IDEDistributionItem: 0x6001fc0d8ba0; bundleID='org.cocoapods.grpcpp', path='<DVTFilePath:0x60012cda3800:'/Users/ahmedmaher/Library/Developer/Xcode/Archives/2025-01-23/CERQEL_TST 23-01-2025, 11.53 AM.xcarchive/Products/Applications/CERQEL.app/Frameworks/grpcpp.framework'>', codeSigningInfo='<_DVTCodeSigningInformation_Path: 0x60010c727480; isSigned='1', isAdHocSigned='0', signingCertificate='<DVTSigningCertificate: 0x600059e16580; name='Apple Development: Ahmed Maher (N5M5QPPB69)', hash='FC4EF9E1EDFAE25151A1E6A8911A084FC1B246BC', serialNumber='6AFACB33A60CA473FDD90B5286798487', certificateKinds='(
    "1.2.840.113635.100.6.1.12",
    "1.2.840.113635.100.6.1.2"
), issueDate='2025-01-16 09:51:48 +0000''>', entitlements='(null)', teamID='2536D9AR8F', identifier='org.cocoapods.grpcpp', executablePath='<DVTFilePath:0x6000f8e021c0:'/Users/ahmedmaher/Library/Developer/Xcode/Archives/2025-01-23/CERQEL_TST 23-01-2025, 11.53 AM.xcarchive/Products/Applications/CERQEL.app/Frameworks/grpcpp.framework/grpcpp'>', hardenedRuntime='0'>'>
2025-01-23 10:03:02 +0000  Skipping profile for item: <IDEDistributionItem: 0x6000f8e16100; bundleID='org.cocoapods.leveldb', path='<DVTFilePath:0x600100f93800:'/Users/ahmedmaher/Library/Developer/Xcode/Archives/2025-01-23/CERQEL_TST 23-01-2025, 11.53 AM.xcarchive/Products/Applications/CERQEL.app/Frameworks/leveldb.framework'>', codeSigningInfo='<_DVTCodeSigningInformation_Path: 0x6000d8302080; isSigned='1', isAdHocSigned='0', signingCertificate='<DVTSigningCertificate: 0x600059e16580; name='Apple Development: Ahmed Maher (N5M5QPPB69)', hash='FC4EF9E1EDFAE25151A1E6A8911A084FC1B246BC', serialNumber='6AFACB33A60CA473FDD90B5286798487', certificateKinds='(
    "1.2.840.113635.100.6.1.12",
    "1.2.840.113635.100.6.1.2"
), issueDate='2025-01-16 09:51:48 +0000''>', entitlements='(null)', teamID='2536D9AR8F', identifier='org.cocoapods.leveldb', executablePath='<DVTFilePath:0x6000c0e27480:'/Users/ahmedmaher/Library/Developer/Xcode/Archives/2025-01-23/CERQEL_TST 23-01-2025, 11.53 AM.xcarchive/Products/Applications/CERQEL.app/Frameworks/leveldb.framework/leveldb'>', hardenedRuntime='0'>'>
2025-01-23 10:03:02 +0000  Skipping profile for item: <IDEDistributionItem: 0x6001fc0bc8a0; bundleID='org.cocoapods.nanopb', path='<DVTFilePath:0x600080f8f5d0:'/Users/ahmedmaher/Library/Developer/Xcode/Archives/2025-01-23/CERQEL_TST 23-01-2025, 11.53 AM.xcarchive/Products/Applications/CERQEL.app/Frameworks/nanopb.framework'>', codeSigningInfo='<_DVTCodeSigningInformation_Path: 0x6000d82f6440; isSigned='1', isAdHocSigned='0', signingCertificate='<DVTSigningCertificate: 0x600059e16580; name='Apple Development: Ahmed Maher (N5M5QPPB69)', hash='FC4EF9E1EDFAE25151A1E6A8911A084FC1B246BC', serialNumber='6AFACB33A60CA473FDD90B5286798487', certificateKinds='(
    "1.2.840.113635.100.6.1.12",
    "1.2.840.113635.100.6.1.2"
), issueDate='2025-01-16 09:51:48 +0000''>', entitlements='(null)', teamID='2536D9AR8F', identifier='org.cocoapods.nanopb', executablePath='<DVTFilePath:0x6001fc03dc80:'/Users/ahmedmaher/Library/Developer/Xcode/Archives/2025-01-23/CERQEL_TST 23-01-2025, 11.53 AM.xcarchive/Products/Applications/CERQEL.app/Frameworks/nanopb.framework/nanopb'>', hardenedRuntime='0'>'>
2025-01-23 10:03:02 +0000  Skipping profile for item: <IDEDistributionItem: 0x6001fc0da7c0; bundleID='org.cocoapods.netfox', path='<DVTFilePath:0x600100f81ab0:'/Users/ahmedmaher/Library/Developer/Xcode/Archives/2025-01-23/CERQEL_TST 23-01-2025, 11.53 AM.xcarchive/Products/Applications/CERQEL.app/Frameworks/netfox.framework'>', codeSigningInfo='<_DVTCodeSigningInformation_Path: 0x60010c7699a0; isSigned='1', isAdHocSigned='0', signingCertificate='<DVTSigningCertificate: 0x600059e16580; name='Apple Development: Ahmed Maher (N5M5QPPB69)', hash='FC4EF9E1EDFAE25151A1E6A8911A084FC1B246BC', serialNumber='6AFACB33A60CA473FDD90B5286798487', certificateKinds='(
    "1.2.840.113635.100.6.1.12",
    "1.2.840.113635.100.6.1.2"
), issueDate='2025-01-16 09:51:48 +0000''>', entitlements='(null)', teamID='2536D9AR8F', identifier='org.cocoapods.netfox', executablePath='<DVTFilePath:0x6001fc00f2a0:'/Users/ahmedmaher/Library/Developer/Xcode/Archives/2025-01-23/CERQEL_TST 23-01-2025, 11.53 AM.xcarchive/Products/Applications/CERQEL.app/Frameworks/netfox.framework/netfox'>', hardenedRuntime='0'>'>
2025-01-23 10:03:02 +0000  Skipping profile for item: <IDEDistributionItem: 0x6001fc0c2a00; bundleID='org.cocoapods.openssl-grpc', path='<DVTFilePath:0x60012cda5110:'/Users/ahmedmaher/Library/Developer/Xcode/Archives/2025-01-23/CERQEL_TST 23-01-2025, 11.53 AM.xcarchive/Products/Applications/CERQEL.app/Frameworks/openssl_grpc.framework'>', codeSigningInfo='<_DVTCodeSigningInformation_Path: 0x60010c541ea0; isSigned='1', isAdHocSigned='0', signingCertificate='<DVTSigningCertificate: 0x600059e16580; name='Apple Development: Ahmed Maher (N5M5QPPB69)', hash='FC4EF9E1EDFAE25151A1E6A8911A084FC1B246BC', serialNumber='6AFACB33A60CA473FDD90B5286798487', certificateKinds='(
    "1.2.840.113635.100.6.1.12",
    "1.2.840.113635.100.6.1.2"
), issueDate='2025-01-16 09:51:48 +0000''>', entitlements='(null)', teamID='2536D9AR8F', identifier='org.cocoapods.openssl-grpc', executablePath='<DVTFilePath:0x60012cc84540:'/Users/ahmedmaher/Library/Developer/Xcode/Archives/2025-01-23/CERQEL_TST 23-01-2025, 11.53 AM.xcarchive/Products/Applications/CERQEL.app/Frameworks/openssl_grpc.framework/openssl_grpc'>', hardenedRuntime='0'>'>
2025-01-23 10:03:02 +0000  Processing step: IDEDistributionInfoPlistStep
2025-01-23 10:03:02 +0000  Skipping step: IDEDistributionInfoPlistStep because it said so
2025-01-23 10:03:02 +0000  Skipping step: IDEDistributionInfoPlistStep because it said so
2025-01-23 10:03:02 +0000  Skipping step: IDEDistributionInfoPlistStep because it said so
2025-01-23 10:03:02 +0000  Skipping step: IDEDistributionInfoPlistStep because it said so
2025-01-23 10:03:02 +0000  Skipping step: IDEDistributionInfoPlistStep because it said so
2025-01-23 10:03:02 +0000  Skipping step: IDEDistributionInfoPlistStep because it said so
2025-01-23 10:03:02 +0000  Skipping step: IDEDistributionInfoPlistStep because it said so
2025-01-23 10:03:02 +0000  Skipping step: IDEDistributionInfoPlistStep because it said so
2025-01-23 10:03:02 +0000  Skipping step: IDEDistributionInfoPlistStep because it said so
2025-01-23 10:03:02 +0000  Skipping step: IDEDistributionInfoPlistStep because it said so
2025-01-23 10:03:02 +0000  Skipping step: IDEDistributionInfoPlistStep because it said so
2025-01-23 10:03:02 +0000  Skipping step: IDEDistributionInfoPlistStep because it said so
2025-01-23 10:03:02 +0000  Skipping step: IDEDistributionInfoPlistStep because it said so
2025-01-23 10:03:02 +0000  Skipping step: IDEDistributionInfoPlistStep because it said so
2025-01-23 10:03:02 +0000  Skipping step: IDEDistributionInfoPlistStep because it said so
2025-01-23 10:03:02 +0000  Skipping step: IDEDistributionInfoPlistStep because it said so
2025-01-23 10:03:02 +0000  Skipping step: IDEDistributionInfoPlistStep because it said so
2025-01-23 10:03:02 +0000  Skipping step: IDEDistributionInfoPlistStep because it said so
2025-01-23 10:03:02 +0000  Skipping step: IDEDistributionInfoPlistStep because it said so
2025-01-23 10:03:02 +0000  Skipping step: IDEDistributionInfoPlistStep because it said so
2025-01-23 10:03:02 +0000  Skipping step: IDEDistributionInfoPlistStep because it said so
2025-01-23 10:03:02 +0000  Skipping step: IDEDistributionInfoPlistStep because it said so
2025-01-23 10:03:02 +0000  Skipping step: IDEDistributionInfoPlistStep because it said so
2025-01-23 10:03:02 +0000  Skipping step: IDEDistributionInfoPlistStep because it said so
2025-01-23 10:03:02 +0000  Skipping step: IDEDistributionInfoPlistStep because it said so
2025-01-23 10:03:02 +0000  Skipping step: IDEDistributionInfoPlistStep because it said so
2025-01-23 10:03:02 +0000  Skipping step: IDEDistributionInfoPlistStep because it said so
2025-01-23 10:03:02 +0000  Skipping step: IDEDistributionInfoPlistStep because it said so
2025-01-23 10:03:02 +0000  Skipping step: IDEDistributionInfoPlistStep because it said so
2025-01-23 10:03:02 +0000  Skipping step: IDEDistributionInfoPlistStep because it said so
2025-01-23 10:03:02 +0000  Skipping step: IDEDistributionInfoPlistStep because it said so
2025-01-23 10:03:02 +0000  Skipping step: IDEDistributionInfoPlistStep because it said so
2025-01-23 10:03:02 +0000  Skipping step: IDEDistributionInfoPlistStep because it said so
2025-01-23 10:03:02 +0000  Skipping step: IDEDistributionInfoPlistStep because it said so
2025-01-23 10:03:02 +0000  Skipping step: IDEDistributionInfoPlistStep because it said so
2025-01-23 10:03:02 +0000  Skipping step: IDEDistributionInfoPlistStep because it said so
2025-01-23 10:03:02 +0000  Skipping step: IDEDistributionInfoPlistStep because it said so
2025-01-23 10:03:02 +0000  Skipping step: IDEDistributionInfoPlistStep because it said so
2025-01-23 10:03:02 +0000  Skipping step: IDEDistributionInfoPlistStep because it said so
2025-01-23 10:03:02 +0000  Skipping step: IDEDistributionInfoPlistStep because it said so
2025-01-23 10:03:02 +0000  Skipping step: IDEDistributionInfoPlistStep because it said so
2025-01-23 10:03:02 +0000  Skipping step: IDEDistributionInfoPlistStep because it said so
2025-01-23 10:03:02 +0000  Skipping step: IDEDistributionInfoPlistStep because it said so
2025-01-23 10:03:02 +0000  Skipping step: IDEDistributionInfoPlistStep because it said so
2025-01-23 10:03:02 +0000  Skipping step: IDEDistributionInfoPlistStep because it said so
2025-01-23 10:03:02 +0000  Skipping step: IDEDistributionInfoPlistStep because it said so
2025-01-23 10:03:02 +0000  Skipping step: IDEDistributionInfoPlistStep because it said so
2025-01-23 10:03:02 +0000  Skipping step: IDEDistributionInfoPlistStep because it said so
2025-01-23 10:03:02 +0000  Skipping step: IDEDistributionInfoPlistStep because it said so
2025-01-23 10:03:02 +0000  Skipping step: IDEDistributionInfoPlistStep because it said so
2025-01-23 10:03:02 +0000  Skipping step: IDEDistributionInfoPlistStep because it said so
2025-01-23 10:03:02 +0000  Skipping step: IDEDistributionInfoPlistStep because it said so
2025-01-23 10:03:02 +0000  Skipping step: IDEDistributionInfoPlistStep because it said so
2025-01-23 10:03:02 +0000  Skipping step: IDEDistributionInfoPlistStep because it said so
2025-01-23 10:03:02 +0000  Skipping step: IDEDistributionInfoPlistStep because it said so
2025-01-23 10:03:02 +0000  Skipping step: IDEDistributionInfoPlistStep because it said so
2025-01-23 10:03:02 +0000  Skipping step: IDEDistributionInfoPlistStep because it said so
2025-01-23 10:03:02 +0000  Skipping step: IDEDistributionInfoPlistStep because it said so
2025-01-23 10:03:02 +0000  Skipping step: IDEDistributionInfoPlistStep because it said so
2025-01-23 10:03:02 +0000  Skipping step: IDEDistributionInfoPlistStep because it said so
2025-01-23 10:03:02 +0000  Skipping step: IDEDistributionInfoPlistStep because it said so
2025-01-23 10:03:02 +0000  Skipping step: IDEDistributionInfoPlistStep because it said so
2025-01-23 10:03:02 +0000  Skipping step: IDEDistributionInfoPlistStep because it said so
2025-01-23 10:03:02 +0000  Skipping step: IDEDistributionInfoPlistStep because it said so
2025-01-23 10:03:02 +0000  Skipping step: IDEDistributionInfoPlistStep because it said so
2025-01-23 10:03:02 +0000  Skipping step: IDEDistributionInfoPlistStep because it said so
2025-01-23 10:03:02 +0000  Skipping step: IDEDistributionInfoPlistStep because it said so
2025-01-23 10:03:02 +0000  Skipping step: IDEDistributionInfoPlistStep because it said so
2025-01-23 10:03:02 +0000  Skipping step: IDEDistributionInfoPlistStep because it said so
2025-01-23 10:03:02 +0000  Skipping step: IDEDistributionInfoPlistStep because it said so
2025-01-23 10:03:02 +0000  Skipping step: IDEDistributionInfoPlistStep because it said so
2025-01-23 10:03:02 +0000  Skipping step: IDEDistributionInfoPlistStep because it said so
2025-01-23 10:03:02 +0000  Skipping step: IDEDistributionInfoPlistStep because it said so
2025-01-23 10:03:02 +0000  Skipping step: IDEDistributionInfoPlistStep because it said so
2025-01-23 10:03:02 +0000  Skipping step: IDEDistributionInfoPlistStep because it said so
2025-01-23 10:03:02 +0000  Skipping step: IDEDistributionInfoPlistStep because it said so
2025-01-23 10:03:02 +0000  Skipping step: IDEDistributionInfoPlistStep because it said so
2025-01-23 10:03:02 +0000  Skipping step: IDEDistributionInfoPlistStep because it said so
2025-01-23 10:03:02 +0000  Skipping step: IDEDistributionInfoPlistStep because it said so
2025-01-23 10:03:02 +0000  Skipping step: IDEDistributionInfoPlistStep because it said so
2025-01-23 10:03:02 +0000  Processing step: IDEDistributionAppThinningPlistStep
2025-01-23 10:03:02 +0000  Skipping step: IDEDistributionAppThinningPlistStep because it said so
2025-01-23 10:03:02 +0000  Processing step: IDEDistributionCompileBitcodeStep
2025-01-23 10:03:02 +0000  Skipping step: IDEDistributionCompileBitcodeStep because it said so
2025-01-23 10:03:02 +0000  Processing step: IDEDistributionCodeSlimmingStep
2025-01-23 10:03:02 +0000  Processing step: IDEDistributionCopyBCSymbolMapsStep
2025-01-23 10:03:02 +0000  Skipping step: IDEDistributionCopyBCSymbolMapsStep because it said so
2025-01-23 10:03:02 +0000  Skipping step: IDEDistributionCopyBCSymbolMapsStep because it said so
2025-01-23 10:03:02 +0000  Skipping step: IDEDistributionCopyBCSymbolMapsStep because it said so
2025-01-23 10:03:02 +0000  Skipping step: IDEDistributionCopyBCSymbolMapsStep because it said so
2025-01-23 10:03:02 +0000  Skipping step: IDEDistributionCopyBCSymbolMapsStep because it said so
2025-01-23 10:03:02 +0000  Skipping step: IDEDistributionCopyBCSymbolMapsStep because it said so
2025-01-23 10:03:02 +0000  Skipping step: IDEDistributionCopyBCSymbolMapsStep because it said so
2025-01-23 10:03:02 +0000  Skipping step: IDEDistributionCopyBCSymbolMapsStep because it said so
2025-01-23 10:03:02 +0000  Skipping step: IDEDistributionCopyBCSymbolMapsStep because it said so
2025-01-23 10:03:02 +0000  Skipping step: IDEDistributionCopyBCSymbolMapsStep because it said so
2025-01-23 10:03:02 +0000  Skipping step: IDEDistributionCopyBCSymbolMapsStep because it said so
2025-01-23 10:03:02 +0000  Skipping step: IDEDistributionCopyBCSymbolMapsStep because it said so
2025-01-23 10:03:02 +0000  Skipping step: IDEDistributionCopyBCSymbolMapsStep because it said so
2025-01-23 10:03:02 +0000  Skipping step: IDEDistributionCopyBCSymbolMapsStep because it said so
2025-01-23 10:03:02 +0000  Skipping step: IDEDistributionCopyBCSymbolMapsStep because it said so
2025-01-23 10:03:02 +0000  Skipping step: IDEDistributionCopyBCSymbolMapsStep because it said so
2025-01-23 10:03:02 +0000  Skipping step: IDEDistributionCopyBCSymbolMapsStep because it said so
2025-01-23 10:03:02 +0000  Skipping step: IDEDistributionCopyBCSymbolMapsStep because it said so
2025-01-23 10:03:02 +0000  Skipping step: IDEDistributionCopyBCSymbolMapsStep because it said so
2025-01-23 10:03:02 +0000  Skipping step: IDEDistributionCopyBCSymbolMapsStep because it said so
2025-01-23 10:03:02 +0000  Skipping step: IDEDistributionCopyBCSymbolMapsStep because it said so
2025-01-23 10:03:02 +0000  Skipping step: IDEDistributionCopyBCSymbolMapsStep because it said so
2025-01-23 10:03:02 +0000  Skipping step: IDEDistributionCopyBCSymbolMapsStep because it said so
2025-01-23 10:03:02 +0000  Skipping step: IDEDistributionCopyBCSymbolMapsStep because it said so
2025-01-23 10:03:02 +0000  Skipping step: IDEDistributionCopyBCSymbolMapsStep because it said so
2025-01-23 10:03:02 +0000  Skipping step: IDEDistributionCopyBCSymbolMapsStep because it said so
2025-01-23 10:03:02 +0000  Skipping step: IDEDistributionCopyBCSymbolMapsStep because it said so
2025-01-23 10:03:02 +0000  Skipping step: IDEDistributionCopyBCSymbolMapsStep because it said so
2025-01-23 10:03:02 +0000  Skipping step: IDEDistributionCopyBCSymbolMapsStep because it said so
2025-01-23 10:03:02 +0000  Skipping step: IDEDistributionCopyBCSymbolMapsStep because it said so
2025-01-23 10:03:02 +0000  Skipping step: IDEDistributionCopyBCSymbolMapsStep because it said so
2025-01-23 10:03:02 +0000  Skipping step: IDEDistributionCopyBCSymbolMapsStep because it said so
2025-01-23 10:03:02 +0000  Skipping step: IDEDistributionCopyBCSymbolMapsStep because it said so
2025-01-23 10:03:02 +0000  Skipping step: IDEDistributionCopyBCSymbolMapsStep because it said so
2025-01-23 10:03:02 +0000  Skipping step: IDEDistributionCopyBCSymbolMapsStep because it said so
2025-01-23 10:03:02 +0000  Skipping step: IDEDistributionCopyBCSymbolMapsStep because it said so
2025-01-23 10:03:02 +0000  Skipping step: IDEDistributionCopyBCSymbolMapsStep because it said so
2025-01-23 10:03:02 +0000  Skipping step: IDEDistributionCopyBCSymbolMapsStep because it said so
2025-01-23 10:03:02 +0000  Skipping step: IDEDistributionCopyBCSymbolMapsStep because it said so
2025-01-23 10:03:02 +0000  Skipping step: IDEDistributionCopyBCSymbolMapsStep because it said so
2025-01-23 10:03:02 +0000  Skipping step: IDEDistributionCopyBCSymbolMapsStep because it said so
2025-01-23 10:03:02 +0000  Skipping step: IDEDistributionCopyBCSymbolMapsStep because it said so
2025-01-23 10:03:02 +0000  Skipping step: IDEDistributionCopyBCSymbolMapsStep because it said so
2025-01-23 10:03:02 +0000  Skipping step: IDEDistributionCopyBCSymbolMapsStep because it said so
2025-01-23 10:03:02 +0000  Skipping step: IDEDistributionCopyBCSymbolMapsStep because it said so
2025-01-23 10:03:02 +0000  Skipping step: IDEDistributionCopyBCSymbolMapsStep because it said so
2025-01-23 10:03:02 +0000  Skipping step: IDEDistributionCopyBCSymbolMapsStep because it said so
2025-01-23 10:03:02 +0000  Skipping step: IDEDistributionCopyBCSymbolMapsStep because it said so
2025-01-23 10:03:02 +0000  Skipping step: IDEDistributionCopyBCSymbolMapsStep because it said so
2025-01-23 10:03:02 +0000  Skipping step: IDEDistributionCopyBCSymbolMapsStep because it said so
2025-01-23 10:03:02 +0000  Skipping step: IDEDistributionCopyBCSymbolMapsStep because it said so
2025-01-23 10:03:02 +0000  Skipping step: IDEDistributionCopyBCSymbolMapsStep because it said so
2025-01-23 10:03:02 +0000  Skipping step: IDEDistributionCopyBCSymbolMapsStep because it said so
2025-01-23 10:03:02 +0000  Skipping step: IDEDistributionCopyBCSymbolMapsStep because it said so
2025-01-23 10:03:02 +0000  Skipping step: IDEDistributionCopyBCSymbolMapsStep because it said so
2025-01-23 10:03:02 +0000  Skipping step: IDEDistributionCopyBCSymbolMapsStep because it said so
2025-01-23 10:03:02 +0000  Skipping step: IDEDistributionCopyBCSymbolMapsStep because it said so
2025-01-23 10:03:02 +0000  Skipping step: IDEDistributionCopyBCSymbolMapsStep because it said so
2025-01-23 10:03:02 +0000  Skipping step: IDEDistributionCopyBCSymbolMapsStep because it said so
2025-01-23 10:03:02 +0000  Skipping step: IDEDistributionCopyBCSymbolMapsStep because it said so
2025-01-23 10:03:02 +0000  Skipping step: IDEDistributionCopyBCSymbolMapsStep because it said so
2025-01-23 10:03:02 +0000  Skipping step: IDEDistributionCopyBCSymbolMapsStep because it said so
2025-01-23 10:03:02 +0000  Skipping step: IDEDistributionCopyBCSymbolMapsStep because it said so
2025-01-23 10:03:02 +0000  Skipping step: IDEDistributionCopyBCSymbolMapsStep because it said so
2025-01-23 10:03:02 +0000  Skipping step: IDEDistributionCopyBCSymbolMapsStep because it said so
2025-01-23 10:03:02 +0000  Skipping step: IDEDistributionCopyBCSymbolMapsStep because it said so
2025-01-23 10:03:02 +0000  Skipping step: IDEDistributionCopyBCSymbolMapsStep because it said so
2025-01-23 10:03:02 +0000  Skipping step: IDEDistributionCopyBCSymbolMapsStep because it said so
2025-01-23 10:03:02 +0000  Skipping step: IDEDistributionCopyBCSymbolMapsStep because it said so
2025-01-23 10:03:02 +0000  Skipping step: IDEDistributionCopyBCSymbolMapsStep because it said so
2025-01-23 10:03:02 +0000  Skipping step: IDEDistributionCopyBCSymbolMapsStep because it said so
2025-01-23 10:03:02 +0000  Skipping step: IDEDistributionCopyBCSymbolMapsStep because it said so
2025-01-23 10:03:02 +0000  Skipping step: IDEDistributionCopyBCSymbolMapsStep because it said so
2025-01-23 10:03:02 +0000  Skipping step: IDEDistributionCopyBCSymbolMapsStep because it said so
2025-01-23 10:03:02 +0000  Skipping step: IDEDistributionCopyBCSymbolMapsStep because it said so
2025-01-23 10:03:02 +0000  Skipping step: IDEDistributionCopyBCSymbolMapsStep because it said so
2025-01-23 10:03:02 +0000  Skipping step: IDEDistributionCopyBCSymbolMapsStep because it said so
2025-01-23 10:03:02 +0000  Skipping step: IDEDistributionCopyBCSymbolMapsStep because it said so
2025-01-23 10:03:02 +0000  Skipping step: IDEDistributionCopyBCSymbolMapsStep because it said so
2025-01-23 10:03:02 +0000  Skipping step: IDEDistributionCopyBCSymbolMapsStep because it said so
2025-01-23 10:03:02 +0000  Processing step: IDEDistributionSymbolsStep
2025-01-23 10:03:02 +0000  Skipping step: IDEDistributionSymbolsStep because it said so
2025-01-23 10:03:02 +0000  Skipping step: IDEDistributionSymbolsStep because it said so
2025-01-23 10:03:02 +0000  Skipping step: IDEDistributionSymbolsStep because it said so
2025-01-23 10:03:02 +0000  Skipping step: IDEDistributionSymbolsStep because it said so
2025-01-23 10:03:02 +0000  Skipping step: IDEDistributionSymbolsStep because it said so
2025-01-23 10:03:02 +0000  Skipping step: IDEDistributionSymbolsStep because it said so
2025-01-23 10:03:02 +0000  Skipping step: IDEDistributionSymbolsStep because it said so
2025-01-23 10:03:02 +0000  Skipping step: IDEDistributionSymbolsStep because it said so
2025-01-23 10:03:02 +0000  Skipping step: IDEDistributionSymbolsStep because it said so
2025-01-23 10:03:02 +0000  Skipping step: IDEDistributionSymbolsStep because it said so
2025-01-23 10:03:02 +0000  Skipping step: IDEDistributionSymbolsStep because it said so
2025-01-23 10:03:02 +0000  Skipping step: IDEDistributionSymbolsStep because it said so
2025-01-23 10:03:02 +0000  Skipping step: IDEDistributionSymbolsStep because it said so
2025-01-23 10:03:02 +0000  Skipping step: IDEDistributionSymbolsStep because it said so
2025-01-23 10:03:02 +0000  Skipping step: IDEDistributionSymbolsStep because it said so
2025-01-23 10:03:02 +0000  Skipping step: IDEDistributionSymbolsStep because it said so
2025-01-23 10:03:02 +0000  Skipping step: IDEDistributionSymbolsStep because it said so
2025-01-23 10:03:02 +0000  Skipping step: IDEDistributionSymbolsStep because it said so
2025-01-23 10:03:02 +0000  Skipping step: IDEDistributionSymbolsStep because it said so
2025-01-23 10:03:02 +0000  Skipping step: IDEDistributionSymbolsStep because it said so
2025-01-23 10:03:02 +0000  Skipping step: IDEDistributionSymbolsStep because it said so
2025-01-23 10:03:02 +0000  Skipping step: IDEDistributionSymbolsStep because it said so
2025-01-23 10:03:02 +0000  Skipping step: IDEDistributionSymbolsStep because it said so
2025-01-23 10:03:02 +0000  Skipping step: IDEDistributionSymbolsStep because it said so
2025-01-23 10:03:02 +0000  Skipping step: IDEDistributionSymbolsStep because it said so
2025-01-23 10:03:02 +0000  Skipping step: IDEDistributionSymbolsStep because it said so
2025-01-23 10:03:02 +0000  Skipping step: IDEDistributionSymbolsStep because it said so
2025-01-23 10:03:02 +0000  Skipping step: IDEDistributionSymbolsStep because it said so
2025-01-23 10:03:02 +0000  Skipping step: IDEDistributionSymbolsStep because it said so
2025-01-23 10:03:02 +0000  Skipping step: IDEDistributionSymbolsStep because it said so
2025-01-23 10:03:02 +0000  Skipping step: IDEDistributionSymbolsStep because it said so
2025-01-23 10:03:02 +0000  Skipping step: IDEDistributionSymbolsStep because it said so
2025-01-23 10:03:02 +0000  Skipping step: IDEDistributionSymbolsStep because it said so
2025-01-23 10:03:02 +0000  Skipping step: IDEDistributionSymbolsStep because it said so
2025-01-23 10:03:02 +0000  Skipping step: IDEDistributionSymbolsStep because it said so
2025-01-23 10:03:02 +0000  Skipping step: IDEDistributionSymbolsStep because it said so
2025-01-23 10:03:02 +0000  Skipping step: IDEDistributionSymbolsStep because it said so
2025-01-23 10:03:02 +0000  Skipping step: IDEDistributionSymbolsStep because it said so
2025-01-23 10:03:02 +0000  Skipping step: IDEDistributionSymbolsStep because it said so
2025-01-23 10:03:02 +0000  Skipping step: IDEDistributionSymbolsStep because it said so
2025-01-23 10:03:02 +0000  Skipping step: IDEDistributionSymbolsStep because it said so
2025-01-23 10:03:02 +0000  Skipping step: IDEDistributionSymbolsStep because it said so
2025-01-23 10:03:02 +0000  Skipping step: IDEDistributionSymbolsStep because it said so
2025-01-23 10:03:02 +0000  Skipping step: IDEDistributionSymbolsStep because it said so
2025-01-23 10:03:02 +0000  Skipping step: IDEDistributionSymbolsStep because it said so
2025-01-23 10:03:02 +0000  Skipping step: IDEDistributionSymbolsStep because it said so
2025-01-23 10:03:02 +0000  Skipping step: IDEDistributionSymbolsStep because it said so
2025-01-23 10:03:02 +0000  Skipping step: IDEDistributionSymbolsStep because it said so
2025-01-23 10:03:02 +0000  Skipping step: IDEDistributionSymbolsStep because it said so
2025-01-23 10:03:02 +0000  Skipping step: IDEDistributionSymbolsStep because it said so
2025-01-23 10:03:02 +0000  Skipping step: IDEDistributionSymbolsStep because it said so
2025-01-23 10:03:02 +0000  Skipping step: IDEDistributionSymbolsStep because it said so
2025-01-23 10:03:02 +0000  Skipping step: IDEDistributionSymbolsStep because it said so
2025-01-23 10:03:02 +0000  Skipping step: IDEDistributionSymbolsStep because it said so
2025-01-23 10:03:02 +0000  Skipping step: IDEDistributionSymbolsStep because it said so
2025-01-23 10:03:02 +0000  Skipping step: IDEDistributionSymbolsStep because it said so
2025-01-23 10:03:02 +0000  Skipping step: IDEDistributionSymbolsStep because it said so
2025-01-23 10:03:02 +0000  Skipping step: IDEDistributionSymbolsStep because it said so
2025-01-23 10:03:02 +0000  Skipping step: IDEDistributionSymbolsStep because it said so
2025-01-23 10:03:02 +0000  Skipping step: IDEDistributionSymbolsStep because it said so
2025-01-23 10:03:02 +0000  Skipping step: IDEDistributionSymbolsStep because it said so
2025-01-23 10:03:02 +0000  Skipping step: IDEDistributionSymbolsStep because it said so
2025-01-23 10:03:02 +0000  Skipping step: IDEDistributionSymbolsStep because it said so
2025-01-23 10:03:02 +0000  Skipping step: IDEDistributionSymbolsStep because it said so
2025-01-23 10:03:02 +0000  Skipping step: IDEDistributionSymbolsStep because it said so
2025-01-23 10:03:02 +0000  Skipping step: IDEDistributionSymbolsStep because it said so
2025-01-23 10:03:02 +0000  Skipping step: IDEDistributionSymbolsStep because it said so
2025-01-23 10:03:02 +0000  Skipping step: IDEDistributionSymbolsStep because it said so
2025-01-23 10:03:02 +0000  Skipping step: IDEDistributionSymbolsStep because it said so
2025-01-23 10:03:02 +0000  Skipping step: IDEDistributionSymbolsStep because it said so
2025-01-23 10:03:02 +0000  Skipping step: IDEDistributionSymbolsStep because it said so
2025-01-23 10:03:02 +0000  Skipping step: IDEDistributionSymbolsStep because it said so
2025-01-23 10:03:02 +0000  Skipping step: IDEDistributionSymbolsStep because it said so
2025-01-23 10:03:02 +0000  Skipping step: IDEDistributionSymbolsStep because it said so
2025-01-23 10:03:02 +0000  Skipping step: IDEDistributionSymbolsStep because it said so
2025-01-23 10:03:02 +0000  Skipping step: IDEDistributionSymbolsStep because it said so
2025-01-23 10:03:02 +0000  Skipping step: IDEDistributionSymbolsStep because it said so
2025-01-23 10:03:02 +0000  Skipping step: IDEDistributionSymbolsStep because it said so
2025-01-23 10:03:02 +0000  Skipping step: IDEDistributionSymbolsStep because it said so
2025-01-23 10:03:02 +0000  Skipping step: IDEDistributionSymbolsStep because it said so
2025-01-23 10:03:02 +0000  Processing step: IDEDistributionAppThinningStep
2025-01-23 10:03:02 +0000  Skipping step: IDEDistributionAppThinningStep because it said so
2025-01-23 10:03:02 +0000  Processing step: IDEDistributionArchThinningStep
2025-01-23 10:03:02 +0000  Running /Applications/Xcode.app/Contents/Developer/Toolchains/XcodeDefault.xctoolchain/usr/bin/lipo '/var/folders/c1/scr8lqss6bz1rlk85myhm_jc0000gn/T/XcodeDistPipeline.~~~WsWTzJ/Root/Payload/CERQEL.app/Frameworks/AKMaskField.framework/AKMaskField' '-verify_arch' 'arm64e'
2025-01-23 10:03:02 +0000  /Applications/Xcode.app/Contents/Developer/Toolchains/XcodeDefault.xctoolchain/usr/bin/lipo exited with 1
2025-01-23 10:03:02 +0000  Skipping architecture thinning for item "AKMaskField" because arch "arm64e" wasn't found
2025-01-23 10:03:02 +0000  Running /Applications/Xcode.app/Contents/Developer/Toolchains/XcodeDefault.xctoolchain/usr/bin/lipo '/var/folders/c1/scr8lqss6bz1rlk85myhm_jc0000gn/T/XcodeDistPipeline.~~~WsWTzJ/Root/Payload/CERQEL.app/Frameworks/ActionSheetPicker_3_0.framework/ActionSheetPicker_3_0' '-verify_arch' 'arm64e'
2025-01-23 10:03:02 +0000  /Applications/Xcode.app/Contents/Developer/Toolchains/XcodeDefault.xctoolchain/usr/bin/lipo exited with 1
2025-01-23 10:03:02 +0000  Skipping architecture thinning for item "ActionSheetPicker_3_0" because arch "arm64e" wasn't found
2025-01-23 10:03:02 +0000  Running /Applications/Xcode.app/Contents/Developer/Toolchains/XcodeDefault.xctoolchain/usr/bin/lipo '/var/folders/c1/scr8lqss6bz1rlk85myhm_jc0000gn/T/XcodeDistPipeline.~~~WsWTzJ/Root/Payload/CERQEL.app/Frameworks/Alamofire.framework/Alamofire' '-verify_arch' 'arm64e'
2025-01-23 10:03:02 +0000  /Applications/Xcode.app/Contents/Developer/Toolchains/XcodeDefault.xctoolchain/usr/bin/lipo exited with 1
2025-01-23 10:03:02 +0000  Skipping architecture thinning for item "Alamofire" because arch "arm64e" wasn't found
2025-01-23 10:03:02 +0000  Running /Applications/Xcode.app/Contents/Developer/Toolchains/XcodeDefault.xctoolchain/usr/bin/lipo '/var/folders/c1/scr8lqss6bz1rlk85myhm_jc0000gn/T/XcodeDistPipeline.~~~WsWTzJ/Root/Payload/CERQEL.app/Frameworks/Algorithms.framework/Algorithms' '-verify_arch' 'arm64e'
2025-01-23 10:03:02 +0000  /Applications/Xcode.app/Contents/Developer/Toolchains/XcodeDefault.xctoolchain/usr/bin/lipo exited with 1
2025-01-23 10:03:02 +0000  Skipping architecture thinning for item "Algorithms" because arch "arm64e" wasn't found
2025-01-23 10:03:02 +0000  Running /Applications/Xcode.app/Contents/Developer/Toolchains/XcodeDefault.xctoolchain/usr/bin/lipo '/var/folders/c1/scr8lqss6bz1rlk85myhm_jc0000gn/T/XcodeDistPipeline.~~~WsWTzJ/Root/Payload/CERQEL.app/Frameworks/AlignedCollectionViewFlowLayout.framework/AlignedCollectionViewFlowLayout' '-verify_arch' 'arm64e'
2025-01-23 10:03:02 +0000  /Applications/Xcode.app/Contents/Developer/Toolchains/XcodeDefault.xctoolchain/usr/bin/lipo exited with 1
2025-01-23 10:03:02 +0000  Skipping architecture thinning for item "AlignedCollectionViewFlowLayout" because arch "arm64e" wasn't found
2025-01-23 10:03:02 +0000  Running /Applications/Xcode.app/Contents/Developer/Toolchains/XcodeDefault.xctoolchain/usr/bin/lipo '/var/folders/c1/scr8lqss6bz1rlk85myhm_jc0000gn/T/XcodeDistPipeline.~~~WsWTzJ/Root/Payload/CERQEL.app/Frameworks/AvailableHapticFeedback.framework/AvailableHapticFeedback' '-verify_arch' 'arm64e'
2025-01-23 10:03:02 +0000  /Applications/Xcode.app/Contents/Developer/Toolchains/XcodeDefault.xctoolchain/usr/bin/lipo exited with 1
2025-01-23 10:03:02 +0000  Skipping architecture thinning for item "AvailableHapticFeedback" because arch "arm64e" wasn't found
2025-01-23 10:03:02 +0000  Running /Applications/Xcode.app/Contents/Developer/Toolchains/XcodeDefault.xctoolchain/usr/bin/lipo '/var/folders/c1/scr8lqss6bz1rlk85myhm_jc0000gn/T/XcodeDistPipeline.~~~WsWTzJ/Root/Payload/CERQEL.app/Frameworks/CRRefresh.framework/CRRefresh' '-verify_arch' 'arm64e'
2025-01-23 10:03:02 +0000  /Applications/Xcode.app/Contents/Developer/Toolchains/XcodeDefault.xctoolchain/usr/bin/lipo exited with 1
2025-01-23 10:03:02 +0000  Skipping architecture thinning for item "CRRefresh" because arch "arm64e" wasn't found
2025-01-23 10:03:02 +0000  Running /Applications/Xcode.app/Contents/Developer/Toolchains/XcodeDefault.xctoolchain/usr/bin/lipo '/var/folders/c1/scr8lqss6bz1rlk85myhm_jc0000gn/T/XcodeDistPipeline.~~~WsWTzJ/Root/Payload/CERQEL.app/Frameworks/Charts.framework/Charts' '-verify_arch' 'arm64e'
2025-01-23 10:03:02 +0000  /Applications/Xcode.app/Contents/Developer/Toolchains/XcodeDefault.xctoolchain/usr/bin/lipo exited with 1
2025-01-23 10:03:02 +0000  Skipping architecture thinning for item "Charts" because arch "arm64e" wasn't found
2025-01-23 10:03:02 +0000  Running /Applications/Xcode.app/Contents/Developer/Toolchains/XcodeDefault.xctoolchain/usr/bin/lipo '/var/folders/c1/scr8lqss6bz1rlk85myhm_jc0000gn/T/XcodeDistPipeline.~~~WsWTzJ/Root/Payload/CERQEL.app/Frameworks/CocoaLumberjack.framework/CocoaLumberjack' '-verify_arch' 'arm64e'
2025-01-23 10:03:02 +0000  /Applications/Xcode.app/Contents/Developer/Toolchains/XcodeDefault.xctoolchain/usr/bin/lipo exited with 1
2025-01-23 10:03:02 +0000  Skipping architecture thinning for item "CocoaLumberjack" because arch "arm64e" wasn't found
2025-01-23 10:03:02 +0000  Running /Applications/Xcode.app/Contents/Developer/Toolchains/XcodeDefault.xctoolchain/usr/bin/lipo '/var/folders/c1/scr8lqss6bz1rlk85myhm_jc0000gn/T/XcodeDistPipeline.~~~WsWTzJ/Root/Payload/CERQEL.app/Frameworks/Cosmos.framework/Cosmos' '-verify_arch' 'arm64e'
2025-01-23 10:03:02 +0000  /Applications/Xcode.app/Contents/Developer/Toolchains/XcodeDefault.xctoolchain/usr/bin/lipo exited with 1
2025-01-23 10:03:02 +0000  Skipping architecture thinning for item "Cosmos" because arch "arm64e" wasn't found
2025-01-23 10:03:02 +0000  Running /Applications/Xcode.app/Contents/Developer/Toolchains/XcodeDefault.xctoolchain/usr/bin/lipo '/var/folders/c1/scr8lqss6bz1rlk85myhm_jc0000gn/T/XcodeDistPipeline.~~~WsWTzJ/Root/Payload/CERQEL.app/Frameworks/CryptoSwift.framework/CryptoSwift' '-verify_arch' 'arm64e'
2025-01-23 10:03:02 +0000  /Applications/Xcode.app/Contents/Developer/Toolchains/XcodeDefault.xctoolchain/usr/bin/lipo exited with 1
2025-01-23 10:03:02 +0000  Skipping architecture thinning for item "CryptoSwift" because arch "arm64e" wasn't found
2025-01-23 10:03:02 +0000  Running /Applications/Xcode.app/Contents/Developer/Toolchains/XcodeDefault.xctoolchain/usr/bin/lipo '/var/folders/c1/scr8lqss6bz1rlk85myhm_jc0000gn/T/XcodeDistPipeline.~~~WsWTzJ/Root/Payload/CERQEL.app/Frameworks/DRPLoadingSpinner.framework/DRPLoadingSpinner' '-verify_arch' 'arm64e'
2025-01-23 10:03:02 +0000  /Applications/Xcode.app/Contents/Developer/Toolchains/XcodeDefault.xctoolchain/usr/bin/lipo exited with 1
2025-01-23 10:03:02 +0000  Skipping architecture thinning for item "DRPLoadingSpinner" because arch "arm64e" wasn't found
2025-01-23 10:03:02 +0000  Running /Applications/Xcode.app/Contents/Developer/Toolchains/XcodeDefault.xctoolchain/usr/bin/lipo '/var/folders/c1/scr8lqss6bz1rlk85myhm_jc0000gn/T/XcodeDistPipeline.~~~WsWTzJ/Root/Payload/CERQEL.app/Frameworks/DropDown.framework/DropDown' '-verify_arch' 'arm64e'
2025-01-23 10:03:02 +0000  /Applications/Xcode.app/Contents/Developer/Toolchains/XcodeDefault.xctoolchain/usr/bin/lipo exited with 1
2025-01-23 10:03:02 +0000  Skipping architecture thinning for item "DropDown" because arch "arm64e" wasn't found
2025-01-23 10:03:02 +0000  Running /Applications/Xcode.app/Contents/Developer/Toolchains/XcodeDefault.xctoolchain/usr/bin/lipo '/var/folders/c1/scr8lqss6bz1rlk85myhm_jc0000gn/T/XcodeDistPipeline.~~~WsWTzJ/Root/Payload/CERQEL.app/Frameworks/DynamicBlurView.framework/DynamicBlurView' '-verify_arch' 'arm64e'
2025-01-23 10:03:02 +0000  /Applications/Xcode.app/Contents/Developer/Toolchains/XcodeDefault.xctoolchain/usr/bin/lipo exited with 1
2025-01-23 10:03:02 +0000  Skipping architecture thinning for item "DynamicBlurView" because arch "arm64e" wasn't found
2025-01-23 10:03:02 +0000  Running /Applications/Xcode.app/Contents/Developer/Toolchains/XcodeDefault.xctoolchain/usr/bin/lipo '/var/folders/c1/scr8lqss6bz1rlk85myhm_jc0000gn/T/XcodeDistPipeline.~~~WsWTzJ/Root/Payload/CERQEL.app/Frameworks/EFQRCode.framework/EFQRCode' '-verify_arch' 'arm64e'
2025-01-23 10:03:02 +0000  /Applications/Xcode.app/Contents/Developer/Toolchains/XcodeDefault.xctoolchain/usr/bin/lipo exited with 1
2025-01-23 10:03:02 +0000  Skipping architecture thinning for item "EFQRCode" because arch "arm64e" wasn't found
2025-01-23 10:03:02 +0000  Running /Applications/Xcode.app/Contents/Developer/Toolchains/XcodeDefault.xctoolchain/usr/bin/lipo '/var/folders/c1/scr8lqss6bz1rlk85myhm_jc0000gn/T/XcodeDistPipeline.~~~WsWTzJ/Root/Payload/CERQEL.app/Frameworks/EasyTipView.framework/EasyTipView' '-verify_arch' 'arm64e'
2025-01-23 10:03:02 +0000  /Applications/Xcode.app/Contents/Developer/Toolchains/XcodeDefault.xctoolchain/usr/bin/lipo exited with 1
2025-01-23 10:03:02 +0000  Skipping architecture thinning for item "EasyTipView" because arch "arm64e" wasn't found
2025-01-23 10:03:02 +0000  Running /Applications/Xcode.app/Contents/Developer/Toolchains/XcodeDefault.xctoolchain/usr/bin/lipo '/var/folders/c1/scr8lqss6bz1rlk85myhm_jc0000gn/T/XcodeDistPipeline.~~~WsWTzJ/Root/Payload/CERQEL.app/Frameworks/Expression.framework/Expression' '-verify_arch' 'arm64e'
2025-01-23 10:03:02 +0000  /Applications/Xcode.app/Contents/Developer/Toolchains/XcodeDefault.xctoolchain/usr/bin/lipo exited with 1
2025-01-23 10:03:02 +0000  Skipping architecture thinning for item "Expression" because arch "arm64e" wasn't found
2025-01-23 10:03:02 +0000  Running /Applications/Xcode.app/Contents/Developer/Toolchains/XcodeDefault.xctoolchain/usr/bin/lipo '/var/folders/c1/scr8lqss6bz1rlk85myhm_jc0000gn/T/XcodeDistPipeline.~~~WsWTzJ/Root/Payload/CERQEL.app/Frameworks/EzPopup.framework/EzPopup' '-verify_arch' 'arm64e'
2025-01-23 10:03:02 +0000  /Applications/Xcode.app/Contents/Developer/Toolchains/XcodeDefault.xctoolchain/usr/bin/lipo exited with 1
2025-01-23 10:03:02 +0000  Skipping architecture thinning for item "EzPopup" because arch "arm64e" wasn't found
2025-01-23 10:03:02 +0000  Running /Applications/Xcode.app/Contents/Developer/Toolchains/XcodeDefault.xctoolchain/usr/bin/lipo '/var/folders/c1/scr8lqss6bz1rlk85myhm_jc0000gn/T/XcodeDistPipeline.~~~WsWTzJ/Root/Payload/CERQEL.app/Frameworks/FBLPromises.framework/FBLPromises' '-verify_arch' 'arm64e'
2025-01-23 10:03:02 +0000  /Applications/Xcode.app/Contents/Developer/Toolchains/XcodeDefault.xctoolchain/usr/bin/lipo exited with 1
2025-01-23 10:03:02 +0000  Skipping architecture thinning for item "FBLPromises" because arch "arm64e" wasn't found
2025-01-23 10:03:02 +0000  Running /Applications/Xcode.app/Contents/Developer/Toolchains/XcodeDefault.xctoolchain/usr/bin/lipo '/var/folders/c1/scr8lqss6bz1rlk85myhm_jc0000gn/T/XcodeDistPipeline.~~~WsWTzJ/Root/Payload/CERQEL.app/Frameworks/FSCalendar.framework/FSCalendar' '-verify_arch' 'arm64e'
2025-01-23 10:03:02 +0000  /Applications/Xcode.app/Contents/Developer/Toolchains/XcodeDefault.xctoolchain/usr/bin/lipo exited with 1
2025-01-23 10:03:02 +0000  Skipping architecture thinning for item "FSCalendar" because arch "arm64e" wasn't found
2025-01-23 10:03:02 +0000  Running /Applications/Xcode.app/Contents/Developer/Toolchains/XcodeDefault.xctoolchain/usr/bin/lipo '/var/folders/c1/scr8lqss6bz1rlk85myhm_jc0000gn/T/XcodeDistPipeline.~~~WsWTzJ/Root/Payload/CERQEL.app/Frameworks/FSPagerView.framework/FSPagerView' '-verify_arch' 'arm64e'
2025-01-23 10:03:02 +0000  /Applications/Xcode.app/Contents/Developer/Toolchains/XcodeDefault.xctoolchain/usr/bin/lipo exited with 1
2025-01-23 10:03:02 +0000  Skipping architecture thinning for item "FSPagerView" because arch "arm64e" wasn't found
2025-01-23 10:03:02 +0000  Running /Applications/Xcode.app/Contents/Developer/Toolchains/XcodeDefault.xctoolchain/usr/bin/lipo '/var/folders/c1/scr8lqss6bz1rlk85myhm_jc0000gn/T/XcodeDistPipeline.~~~WsWTzJ/Root/Payload/CERQEL.app/Frameworks/FirebaseAppCheckInterop.framework/FirebaseAppCheckInterop' '-verify_arch' 'arm64e'
2025-01-23 10:03:02 +0000  /Applications/Xcode.app/Contents/Developer/Toolchains/XcodeDefault.xctoolchain/usr/bin/lipo exited with 1
2025-01-23 10:03:02 +0000  Skipping architecture thinning for item "FirebaseAppCheckInterop" because arch "arm64e" wasn't found
2025-01-23 10:03:02 +0000  Running /Applications/Xcode.app/Contents/Developer/Toolchains/XcodeDefault.xctoolchain/usr/bin/lipo '/var/folders/c1/scr8lqss6bz1rlk85myhm_jc0000gn/T/XcodeDistPipeline.~~~WsWTzJ/Root/Payload/CERQEL.app/Frameworks/FirebaseCore.framework/FirebaseCore' '-verify_arch' 'arm64e'
2025-01-23 10:03:02 +0000  /Applications/Xcode.app/Contents/Developer/Toolchains/XcodeDefault.xctoolchain/usr/bin/lipo exited with 1
2025-01-23 10:03:02 +0000  Skipping architecture thinning for item "FirebaseCore" because arch "arm64e" wasn't found
2025-01-23 10:03:02 +0000  Running /Applications/Xcode.app/Contents/Developer/Toolchains/XcodeDefault.xctoolchain/usr/bin/lipo '/var/folders/c1/scr8lqss6bz1rlk85myhm_jc0000gn/T/XcodeDistPipeline.~~~WsWTzJ/Root/Payload/CERQEL.app/Frameworks/FirebaseCoreExtension.framework/FirebaseCoreExtension' '-verify_arch' 'arm64e'
2025-01-23 10:03:02 +0000  /Applications/Xcode.app/Contents/Developer/Toolchains/XcodeDefault.xctoolchain/usr/bin/lipo exited with 1
2025-01-23 10:03:02 +0000  Skipping architecture thinning for item "FirebaseCoreExtension" because arch "arm64e" wasn't found
2025-01-23 10:03:02 +0000  Running /Applications/Xcode.app/Contents/Developer/Toolchains/XcodeDefault.xctoolchain/usr/bin/lipo '/var/folders/c1/scr8lqss6bz1rlk85myhm_jc0000gn/T/XcodeDistPipeline.~~~WsWTzJ/Root/Payload/CERQEL.app/Frameworks/FirebaseCoreInternal.framework/FirebaseCoreInternal' '-verify_arch' 'arm64e'
2025-01-23 10:03:02 +0000  /Applications/Xcode.app/Contents/Developer/Toolchains/XcodeDefault.xctoolchain/usr/bin/lipo exited with 1
2025-01-23 10:03:02 +0000  Skipping architecture thinning for item "FirebaseCoreInternal" because arch "arm64e" wasn't found
2025-01-23 10:03:02 +0000  Running /Applications/Xcode.app/Contents/Developer/Toolchains/XcodeDefault.xctoolchain/usr/bin/lipo '/var/folders/c1/scr8lqss6bz1rlk85myhm_jc0000gn/T/XcodeDistPipeline.~~~WsWTzJ/Root/Payload/CERQEL.app/Frameworks/FirebaseCrashlytics.framework/FirebaseCrashlytics' '-verify_arch' 'arm64e'
2025-01-23 10:03:02 +0000  /Applications/Xcode.app/Contents/Developer/Toolchains/XcodeDefault.xctoolchain/usr/bin/lipo exited with 1
2025-01-23 10:03:02 +0000  Skipping architecture thinning for item "FirebaseCrashlytics" because arch "arm64e" wasn't found
2025-01-23 10:03:02 +0000  Running /Applications/Xcode.app/Contents/Developer/Toolchains/XcodeDefault.xctoolchain/usr/bin/lipo '/var/folders/c1/scr8lqss6bz1rlk85myhm_jc0000gn/T/XcodeDistPipeline.~~~WsWTzJ/Root/Payload/CERQEL.app/Frameworks/FirebaseFirestore.framework/FirebaseFirestore' '-verify_arch' 'arm64e'
2025-01-23 10:03:02 +0000  /Applications/Xcode.app/Contents/Developer/Toolchains/XcodeDefault.xctoolchain/usr/bin/lipo exited with 1
2025-01-23 10:03:02 +0000  Skipping architecture thinning for item "FirebaseFirestore" because arch "arm64e" wasn't found
2025-01-23 10:03:02 +0000  Running /Applications/Xcode.app/Contents/Developer/Toolchains/XcodeDefault.xctoolchain/usr/bin/lipo '/var/folders/c1/scr8lqss6bz1rlk85myhm_jc0000gn/T/XcodeDistPipeline.~~~WsWTzJ/Root/Payload/CERQEL.app/Frameworks/FirebaseFirestoreInternal.framework/FirebaseFirestoreInternal' '-verify_arch' 'arm64e'
2025-01-23 10:03:02 +0000  /Applications/Xcode.app/Contents/Developer/Toolchains/XcodeDefault.xctoolchain/usr/bin/lipo exited with 1
2025-01-23 10:03:02 +0000  Skipping architecture thinning for item "FirebaseFirestoreInternal" because arch "arm64e" wasn't found
2025-01-23 10:03:02 +0000  Running /Applications/Xcode.app/Contents/Developer/Toolchains/XcodeDefault.xctoolchain/usr/bin/lipo '/var/folders/c1/scr8lqss6bz1rlk85myhm_jc0000gn/T/XcodeDistPipeline.~~~WsWTzJ/Root/Payload/CERQEL.app/Frameworks/FirebaseInstallations.framework/FirebaseInstallations' '-verify_arch' 'arm64e'
2025-01-23 10:03:02 +0000  /Applications/Xcode.app/Contents/Developer/Toolchains/XcodeDefault.xctoolchain/usr/bin/lipo exited with 1
2025-01-23 10:03:02 +0000  Skipping architecture thinning for item "FirebaseInstallations" because arch "arm64e" wasn't found
2025-01-23 10:03:02 +0000  Running /Applications/Xcode.app/Contents/Developer/Toolchains/XcodeDefault.xctoolchain/usr/bin/lipo '/var/folders/c1/scr8lqss6bz1rlk85myhm_jc0000gn/T/XcodeDistPipeline.~~~WsWTzJ/Root/Payload/CERQEL.app/Frameworks/FirebaseMessaging.framework/FirebaseMessaging' '-verify_arch' 'arm64e'
2025-01-23 10:03:02 +0000  /Applications/Xcode.app/Contents/Developer/Toolchains/XcodeDefault.xctoolchain/usr/bin/lipo exited with 1
2025-01-23 10:03:02 +0000  Skipping architecture thinning for item "FirebaseMessaging" because arch "arm64e" wasn't found
2025-01-23 10:03:02 +0000  Running /Applications/Xcode.app/Contents/Developer/Toolchains/XcodeDefault.xctoolchain/usr/bin/lipo '/var/folders/c1/scr8lqss6bz1rlk85myhm_jc0000gn/T/XcodeDistPipeline.~~~WsWTzJ/Root/Payload/CERQEL.app/Frameworks/FirebaseRemoteConfigInterop.framework/FirebaseRemoteConfigInterop' '-verify_arch' 'arm64e'
2025-01-23 10:03:02 +0000  /Applications/Xcode.app/Contents/Developer/Toolchains/XcodeDefault.xctoolchain/usr/bin/lipo exited with 1
2025-01-23 10:03:02 +0000  Skipping architecture thinning for item "FirebaseRemoteConfigInterop" because arch "arm64e" wasn't found
2025-01-23 10:03:02 +0000  Running /Applications/Xcode.app/Contents/Developer/Toolchains/XcodeDefault.xctoolchain/usr/bin/lipo '/var/folders/c1/scr8lqss6bz1rlk85myhm_jc0000gn/T/XcodeDistPipeline.~~~WsWTzJ/Root/Payload/CERQEL.app/Frameworks/FirebaseSessions.framework/FirebaseSessions' '-verify_arch' 'arm64e'
2025-01-23 10:03:02 +0000  /Applications/Xcode.app/Contents/Developer/Toolchains/XcodeDefault.xctoolchain/usr/bin/lipo exited with 1
2025-01-23 10:03:02 +0000  Skipping architecture thinning for item "FirebaseSessions" because arch "arm64e" wasn't found
2025-01-23 10:03:02 +0000  Running /Applications/Xcode.app/Contents/Developer/Toolchains/XcodeDefault.xctoolchain/usr/bin/lipo '/var/folders/c1/scr8lqss6bz1rlk85myhm_jc0000gn/T/XcodeDistPipeline.~~~WsWTzJ/Root/Payload/CERQEL.app/Frameworks/FirebaseSharedSwift.framework/FirebaseSharedSwift' '-verify_arch' 'arm64e'
2025-01-23 10:03:02 +0000  /Applications/Xcode.app/Contents/Developer/Toolchains/XcodeDefault.xctoolchain/usr/bin/lipo exited with 1
2025-01-23 10:03:02 +0000  Skipping architecture thinning for item "FirebaseSharedSwift" because arch "arm64e" wasn't found
2025-01-23 10:03:02 +0000  Running /Applications/Xcode.app/Contents/Developer/Toolchains/XcodeDefault.xctoolchain/usr/bin/lipo '/var/folders/c1/scr8lqss6bz1rlk85myhm_jc0000gn/T/XcodeDistPipeline.~~~WsWTzJ/Root/Payload/CERQEL.app/Frameworks/FittedSheets.framework/FittedSheets' '-verify_arch' 'arm64e'
2025-01-23 10:03:02 +0000  /Applications/Xcode.app/Contents/Developer/Toolchains/XcodeDefault.xctoolchain/usr/bin/lipo exited with 1
2025-01-23 10:03:02 +0000  Skipping architecture thinning for item "FittedSheets" because arch "arm64e" wasn't found
2025-01-23 10:03:02 +0000  Running /Applications/Xcode.app/Contents/Developer/Toolchains/XcodeDefault.xctoolchain/usr/bin/lipo '/var/folders/c1/scr8lqss6bz1rlk85myhm_jc0000gn/T/XcodeDistPipeline.~~~WsWTzJ/Root/Payload/CERQEL.app/Frameworks/GoogleDataTransport.framework/GoogleDataTransport' '-verify_arch' 'arm64e'
2025-01-23 10:03:02 +0000  /Applications/Xcode.app/Contents/Developer/Toolchains/XcodeDefault.xctoolchain/usr/bin/lipo exited with 1
2025-01-23 10:03:02 +0000  Skipping architecture thinning for item "GoogleDataTransport" because arch "arm64e" wasn't found
2025-01-23 10:03:02 +0000  Running /Applications/Xcode.app/Contents/Developer/Toolchains/XcodeDefault.xctoolchain/usr/bin/lipo '/var/folders/c1/scr8lqss6bz1rlk85myhm_jc0000gn/T/XcodeDistPipeline.~~~WsWTzJ/Root/Payload/CERQEL.app/Frameworks/GoogleUtilities.framework/GoogleUtilities' '-verify_arch' 'arm64e'
2025-01-23 10:03:02 +0000  /Applications/Xcode.app/Contents/Developer/Toolchains/XcodeDefault.xctoolchain/usr/bin/lipo exited with 1
2025-01-23 10:03:02 +0000  Skipping architecture thinning for item "GoogleUtilities" because arch "arm64e" wasn't found
2025-01-23 10:03:02 +0000  Running /Applications/Xcode.app/Contents/Developer/Toolchains/XcodeDefault.xctoolchain/usr/bin/lipo '/var/folders/c1/scr8lqss6bz1rlk85myhm_jc0000gn/T/XcodeDistPipeline.~~~WsWTzJ/Root/Payload/CERQEL.app/Frameworks/IQKeyboardManagerSwift.framework/IQKeyboardManagerSwift' '-verify_arch' 'arm64e'
2025-01-23 10:03:02 +0000  /Applications/Xcode.app/Contents/Developer/Toolchains/XcodeDefault.xctoolchain/usr/bin/lipo exited with 1
2025-01-23 10:03:02 +0000  Skipping architecture thinning for item "IQKeyboardManagerSwift" because arch "arm64e" wasn't found
2025-01-23 10:03:02 +0000  Running /Applications/Xcode.app/Contents/Developer/Toolchains/XcodeDefault.xctoolchain/usr/bin/lipo '/var/folders/c1/scr8lqss6bz1rlk85myhm_jc0000gn/T/XcodeDistPipeline.~~~WsWTzJ/Root/Payload/CERQEL.app/Frameworks/InitialsImageView.framework/InitialsImageView' '-verify_arch' 'arm64e'
2025-01-23 10:03:02 +0000  /Applications/Xcode.app/Contents/Developer/Toolchains/XcodeDefault.xctoolchain/usr/bin/lipo exited with 1
2025-01-23 10:03:02 +0000  Skipping architecture thinning for item "InitialsImageView" because arch "arm64e" wasn't found
2025-01-23 10:03:02 +0000  Running /Applications/Xcode.app/Contents/Developer/Toolchains/XcodeDefault.xctoolchain/usr/bin/lipo '/var/folders/c1/scr8lqss6bz1rlk85myhm_jc0000gn/T/XcodeDistPipeline.~~~WsWTzJ/Root/Payload/CERQEL.app/Frameworks/JGProgressHUD.framework/JGProgressHUD' '-verify_arch' 'arm64e'
2025-01-23 10:03:02 +0000  /Applications/Xcode.app/Contents/Developer/Toolchains/XcodeDefault.xctoolchain/usr/bin/lipo exited with 1
2025-01-23 10:03:02 +0000  Skipping architecture thinning for item "JGProgressHUD" because arch "arm64e" wasn't found
2025-01-23 10:03:02 +0000  Running /Applications/Xcode.app/Contents/Developer/Toolchains/XcodeDefault.xctoolchain/usr/bin/lipo '/var/folders/c1/scr8lqss6bz1rlk85myhm_jc0000gn/T/XcodeDistPipeline.~~~WsWTzJ/Root/Payload/CERQEL.app/Frameworks/KeychainAccess.framework/KeychainAccess' '-verify_arch' 'arm64e'
2025-01-23 10:03:02 +0000  /Applications/Xcode.app/Contents/Developer/Toolchains/XcodeDefault.xctoolchain/usr/bin/lipo exited with 1
2025-01-23 10:03:02 +0000  Skipping architecture thinning for item "KeychainAccess" because arch "arm64e" wasn't found
2025-01-23 10:03:02 +0000  Running /Applications/Xcode.app/Contents/Developer/Toolchains/XcodeDefault.xctoolchain/usr/bin/lipo '/var/folders/c1/scr8lqss6bz1rlk85myhm_jc0000gn/T/XcodeDistPipeline.~~~WsWTzJ/Root/Payload/CERQEL.app/Frameworks/KeychainSwift.framework/KeychainSwift' '-verify_arch' 'arm64e'
2025-01-23 10:03:02 +0000  /Applications/Xcode.app/Contents/Developer/Toolchains/XcodeDefault.xctoolchain/usr/bin/lipo exited with 1
2025-01-23 10:03:02 +0000  Skipping architecture thinning for item "KeychainSwift" because arch "arm64e" wasn't found
2025-01-23 10:03:02 +0000  Running /Applications/Xcode.app/Contents/Developer/Toolchains/XcodeDefault.xctoolchain/usr/bin/lipo '/var/folders/c1/scr8lqss6bz1rlk85myhm_jc0000gn/T/XcodeDistPipeline.~~~WsWTzJ/Root/Payload/CERQEL.app/Frameworks/Kingfisher.framework/Kingfisher' '-verify_arch' 'arm64e'
2025-01-23 10:03:02 +0000  /Applications/Xcode.app/Contents/Developer/Toolchains/XcodeDefault.xctoolchain/usr/bin/lipo exited with 1
2025-01-23 10:03:02 +0000  Skipping architecture thinning for item "Kingfisher" because arch "arm64e" wasn't found
2025-01-23 10:03:02 +0000  Running /Applications/Xcode.app/Contents/Developer/Toolchains/XcodeDefault.xctoolchain/usr/bin/lipo '/var/folders/c1/scr8lqss6bz1rlk85myhm_jc0000gn/T/XcodeDistPipeline.~~~WsWTzJ/Root/Payload/CERQEL.app/Frameworks/Lottie.framework/Lottie' '-verify_arch' 'arm64e'
2025-01-23 10:03:02 +0000  /Applications/Xcode.app/Contents/Developer/Toolchains/XcodeDefault.xctoolchain/usr/bin/lipo exited with 1
2025-01-23 10:03:02 +0000  Skipping architecture thinning for item "Lottie" because arch "arm64e" wasn't found
2025-01-23 10:03:02 +0000  Running /Applications/Xcode.app/Contents/Developer/Toolchains/XcodeDefault.xctoolchain/usr/bin/lipo '/var/folders/c1/scr8lqss6bz1rlk85myhm_jc0000gn/T/XcodeDistPipeline.~~~WsWTzJ/Root/Payload/CERQEL.app/Frameworks/MOLH.framework/MOLH' '-verify_arch' 'arm64e'
2025-01-23 10:03:02 +0000  /Applications/Xcode.app/Contents/Developer/Toolchains/XcodeDefault.xctoolchain/usr/bin/lipo exited with 1
2025-01-23 10:03:02 +0000  Skipping architecture thinning for item "MOLH" because arch "arm64e" wasn't found
2025-01-23 10:03:02 +0000  Running /Applications/Xcode.app/Contents/Developer/Toolchains/XcodeDefault.xctoolchain/usr/bin/lipo '/var/folders/c1/scr8lqss6bz1rlk85myhm_jc0000gn/T/XcodeDistPipeline.~~~WsWTzJ/Root/Payload/CERQEL.app/Frameworks/Mantis.framework/Mantis' '-verify_arch' 'arm64e'
2025-01-23 10:03:02 +0000  /Applications/Xcode.app/Contents/Developer/Toolchains/XcodeDefault.xctoolchain/usr/bin/lipo exited with 1
2025-01-23 10:03:02 +0000  Skipping architecture thinning for item "Mantis" because arch "arm64e" wasn't found
2025-01-23 10:03:02 +0000  Running /Applications/Xcode.app/Contents/Developer/Toolchains/XcodeDefault.xctoolchain/usr/bin/lipo '/var/folders/c1/scr8lqss6bz1rlk85myhm_jc0000gn/T/XcodeDistPipeline.~~~WsWTzJ/Root/Payload/CERQEL.app/Frameworks/MultiSlider.framework/MultiSlider' '-verify_arch' 'arm64e'
2025-01-23 10:03:02 +0000  /Applications/Xcode.app/Contents/Developer/Toolchains/XcodeDefault.xctoolchain/usr/bin/lipo exited with 1
2025-01-23 10:03:02 +0000  Skipping architecture thinning for item "MultiSlider" because arch "arm64e" wasn't found
2025-01-23 10:03:02 +0000  Running /Applications/Xcode.app/Contents/Developer/Toolchains/XcodeDefault.xctoolchain/usr/bin/lipo '/var/folders/c1/scr8lqss6bz1rlk85myhm_jc0000gn/T/XcodeDistPipeline.~~~WsWTzJ/Root/Payload/CERQEL.app/Frameworks/NicoProgress.framework/NicoProgress' '-verify_arch' 'arm64e'
2025-01-23 10:03:02 +0000  /Applications/Xcode.app/Contents/Developer/Toolchains/XcodeDefault.xctoolchain/usr/bin/lipo exited with 1
2025-01-23 10:03:02 +0000  Skipping architecture thinning for item "NicoProgress" because arch "arm64e" wasn't found
2025-01-23 10:03:02 +0000  Running /Applications/Xcode.app/Contents/Developer/Toolchains/XcodeDefault.xctoolchain/usr/bin/lipo '/var/folders/c1/scr8lqss6bz1rlk85myhm_jc0000gn/T/XcodeDistPipeline.~~~WsWTzJ/Root/Payload/CERQEL.app/Frameworks/ObjectMapper.framework/ObjectMapper' '-verify_arch' 'arm64e'
2025-01-23 10:03:02 +0000  /Applications/Xcode.app/Contents/Developer/Toolchains/XcodeDefault.xctoolchain/usr/bin/lipo exited with 1
2025-01-23 10:03:02 +0000  Skipping architecture thinning for item "ObjectMapper" because arch "arm64e" wasn't found
2025-01-23 10:03:02 +0000  Running /Applications/Xcode.app/Contents/Developer/Toolchains/XcodeDefault.xctoolchain/usr/bin/lipo '/var/folders/c1/scr8lqss6bz1rlk85myhm_jc0000gn/T/XcodeDistPipeline.~~~WsWTzJ/Root/Payload/CERQEL.app/Frameworks/PanModal.framework/PanModal' '-verify_arch' 'arm64e'
2025-01-23 10:03:02 +0000  /Applications/Xcode.app/Contents/Developer/Toolchains/XcodeDefault.xctoolchain/usr/bin/lipo exited with 1
2025-01-23 10:03:02 +0000  Skipping architecture thinning for item "PanModal" because arch "arm64e" wasn't found
2025-01-23 10:03:02 +0000  Running /Applications/Xcode.app/Contents/Developer/Toolchains/XcodeDefault.xctoolchain/usr/bin/lipo '/var/folders/c1/scr8lqss6bz1rlk85myhm_jc0000gn/T/XcodeDistPipeline.~~~WsWTzJ/Root/Payload/CERQEL.app/Frameworks/PhoneNumberKit.framework/PhoneNumberKit' '-verify_arch' 'arm64e'
2025-01-23 10:03:02 +0000  /Applications/Xcode.app/Contents/Developer/Toolchains/XcodeDefault.xctoolchain/usr/bin/lipo exited with 1
2025-01-23 10:03:02 +0000  Skipping architecture thinning for item "PhoneNumberKit" because arch "arm64e" wasn't found
2025-01-23 10:03:02 +0000  Running /Applications/Xcode.app/Contents/Developer/Toolchains/XcodeDefault.xctoolchain/usr/bin/lipo '/var/folders/c1/scr8lqss6bz1rlk85myhm_jc0000gn/T/XcodeDistPipeline.~~~WsWTzJ/Root/Payload/CERQEL.app/Frameworks/PopupDialog.framework/PopupDialog' '-verify_arch' 'arm64e'
2025-01-23 10:03:02 +0000  /Applications/Xcode.app/Contents/Developer/Toolchains/XcodeDefault.xctoolchain/usr/bin/lipo exited with 1
2025-01-23 10:03:02 +0000  Skipping architecture thinning for item "PopupDialog" because arch "arm64e" wasn't found
2025-01-23 10:03:02 +0000  Running /Applications/Xcode.app/Contents/Developer/Toolchains/XcodeDefault.xctoolchain/usr/bin/lipo '/var/folders/c1/scr8lqss6bz1rlk85myhm_jc0000gn/T/XcodeDistPipeline.~~~WsWTzJ/Root/Payload/CERQEL.app/Frameworks/Promises.framework/Promises' '-verify_arch' 'arm64e'
2025-01-23 10:03:02 +0000  /Applications/Xcode.app/Contents/Developer/Toolchains/XcodeDefault.xctoolchain/usr/bin/lipo exited with 1
2025-01-23 10:03:02 +0000  Skipping architecture thinning for item "Promises" because arch "arm64e" wasn't found
2025-01-23 10:03:02 +0000  Running /Applications/Xcode.app/Contents/Developer/Toolchains/XcodeDefault.xctoolchain/usr/bin/lipo '/var/folders/c1/scr8lqss6bz1rlk85myhm_jc0000gn/T/XcodeDistPipeline.~~~WsWTzJ/Root/Payload/CERQEL.app/Frameworks/PryntTrimmerView.framework/PryntTrimmerView' '-verify_arch' 'arm64e'
2025-01-23 10:03:02 +0000  /Applications/Xcode.app/Contents/Developer/Toolchains/XcodeDefault.xctoolchain/usr/bin/lipo exited with 1
2025-01-23 10:03:02 +0000  Skipping architecture thinning for item "PryntTrimmerView" because arch "arm64e" wasn't found
2025-01-23 10:03:02 +0000  Running /Applications/Xcode.app/Contents/Developer/Toolchains/XcodeDefault.xctoolchain/usr/bin/lipo '/var/folders/c1/scr8lqss6bz1rlk85myhm_jc0000gn/T/XcodeDistPipeline.~~~WsWTzJ/Root/Payload/CERQEL.app/Frameworks/Reachability.framework/Reachability' '-verify_arch' 'arm64e'
2025-01-23 10:03:02 +0000  /Applications/Xcode.app/Contents/Developer/Toolchains/XcodeDefault.xctoolchain/usr/bin/lipo exited with 1
2025-01-23 10:03:02 +0000  Skipping architecture thinning for item "Reachability" because arch "arm64e" wasn't found
2025-01-23 10:03:02 +0000  Running /Applications/Xcode.app/Contents/Developer/Toolchains/XcodeDefault.xctoolchain/usr/bin/lipo '/var/folders/c1/scr8lqss6bz1rlk85myhm_jc0000gn/T/XcodeDistPipeline.~~~WsWTzJ/Root/Payload/CERQEL.app/Frameworks/RichEditorView.framework/RichEditorView' '-verify_arch' 'arm64e'
2025-01-23 10:03:02 +0000  /Applications/Xcode.app/Contents/Developer/Toolchains/XcodeDefault.xctoolchain/usr/bin/lipo exited with 1
2025-01-23 10:03:02 +0000  Skipping architecture thinning for item "RichEditorView" because arch "arm64e" wasn't found
2025-01-23 10:03:02 +0000  Running /Applications/Xcode.app/Contents/Developer/Toolchains/XcodeDefault.xctoolchain/usr/bin/lipo '/var/folders/c1/scr8lqss6bz1rlk85myhm_jc0000gn/T/XcodeDistPipeline.~~~WsWTzJ/Root/Payload/CERQEL.app/Frameworks/RxAlamofire.framework/RxAlamofire' '-verify_arch' 'arm64e'
2025-01-23 10:03:02 +0000  /Applications/Xcode.app/Contents/Developer/Toolchains/XcodeDefault.xctoolchain/usr/bin/lipo exited with 1
2025-01-23 10:03:02 +0000  Skipping architecture thinning for item "RxAlamofire" because arch "arm64e" wasn't found
2025-01-23 10:03:02 +0000  Running /Applications/Xcode.app/Contents/Developer/Toolchains/XcodeDefault.xctoolchain/usr/bin/lipo '/var/folders/c1/scr8lqss6bz1rlk85myhm_jc0000gn/T/XcodeDistPipeline.~~~WsWTzJ/Root/Payload/CERQEL.app/Frameworks/RxCocoa.framework/RxCocoa' '-verify_arch' 'arm64e'
2025-01-23 10:03:02 +0000  /Applications/Xcode.app/Contents/Developer/Toolchains/XcodeDefault.xctoolchain/usr/bin/lipo exited with 1
2025-01-23 10:03:02 +0000  Skipping architecture thinning for item "RxCocoa" because arch "arm64e" wasn't found
2025-01-23 10:03:02 +0000  Running /Applications/Xcode.app/Contents/Developer/Toolchains/XcodeDefault.xctoolchain/usr/bin/lipo '/var/folders/c1/scr8lqss6bz1rlk85myhm_jc0000gn/T/XcodeDistPipeline.~~~WsWTzJ/Root/Payload/CERQEL.app/Frameworks/RxRelay.framework/RxRelay' '-verify_arch' 'arm64e'
2025-01-23 10:03:02 +0000  /Applications/Xcode.app/Contents/Developer/Toolchains/XcodeDefault.xctoolchain/usr/bin/lipo exited with 1
2025-01-23 10:03:02 +0000  Skipping architecture thinning for item "RxRelay" because arch "arm64e" wasn't found
2025-01-23 10:03:02 +0000  Running /Applications/Xcode.app/Contents/Developer/Toolchains/XcodeDefault.xctoolchain/usr/bin/lipo '/var/folders/c1/scr8lqss6bz1rlk85myhm_jc0000gn/T/XcodeDistPipeline.~~~WsWTzJ/Root/Payload/CERQEL.app/Frameworks/RxSwift.framework/RxSwift' '-verify_arch' 'arm64e'
2025-01-23 10:03:02 +0000  /Applications/Xcode.app/Contents/Developer/Toolchains/XcodeDefault.xctoolchain/usr/bin/lipo exited with 1
2025-01-23 10:03:02 +0000  Skipping architecture thinning for item "RxSwift" because arch "arm64e" wasn't found
2025-01-23 10:03:02 +0000  Running /Applications/Xcode.app/Contents/Developer/Toolchains/XcodeDefault.xctoolchain/usr/bin/lipo '/var/folders/c1/scr8lqss6bz1rlk85myhm_jc0000gn/T/XcodeDistPipeline.~~~WsWTzJ/Root/Payload/CERQEL.app/Frameworks/SVGKit.framework/SVGKit' '-verify_arch' 'arm64e'
2025-01-23 10:03:02 +0000  /Applications/Xcode.app/Contents/Developer/Toolchains/XcodeDefault.xctoolchain/usr/bin/lipo exited with 1
2025-01-23 10:03:02 +0000  Skipping architecture thinning for item "SVGKit" because arch "arm64e" wasn't found
2025-01-23 10:03:02 +0000  Running /Applications/Xcode.app/Contents/Developer/Toolchains/XcodeDefault.xctoolchain/usr/bin/lipo '/var/folders/c1/scr8lqss6bz1rlk85myhm_jc0000gn/T/XcodeDistPipeline.~~~WsWTzJ/Root/Payload/CERQEL.app/Frameworks/SideMenuSwift.framework/SideMenuSwift' '-verify_arch' 'arm64e'
2025-01-23 10:03:02 +0000  /Applications/Xcode.app/Contents/Developer/Toolchains/XcodeDefault.xctoolchain/usr/bin/lipo exited with 1
2025-01-23 10:03:02 +0000  Skipping architecture thinning for item "SideMenuSwift" because arch "arm64e" wasn't found
2025-01-23 10:03:02 +0000  Running /Applications/Xcode.app/Contents/Developer/Toolchains/XcodeDefault.xctoolchain/usr/bin/lipo '/var/folders/c1/scr8lqss6bz1rlk85myhm_jc0000gn/T/XcodeDistPipeline.~~~WsWTzJ/Root/Payload/CERQEL.app/Frameworks/SkeletonView.framework/SkeletonView' '-verify_arch' 'arm64e'
2025-01-23 10:03:02 +0000  /Applications/Xcode.app/Contents/Developer/Toolchains/XcodeDefault.xctoolchain/usr/bin/lipo exited with 1
2025-01-23 10:03:02 +0000  Skipping architecture thinning for item "SkeletonView" because arch "arm64e" wasn't found
2025-01-23 10:03:02 +0000  Running /Applications/Xcode.app/Contents/Developer/Toolchains/XcodeDefault.xctoolchain/usr/bin/lipo '/var/folders/c1/scr8lqss6bz1rlk85myhm_jc0000gn/T/XcodeDistPipeline.~~~WsWTzJ/Root/Payload/CERQEL.app/Frameworks/Stevia.framework/Stevia' '-verify_arch' 'arm64e'
2025-01-23 10:03:02 +0000  /Applications/Xcode.app/Contents/Developer/Toolchains/XcodeDefault.xctoolchain/usr/bin/lipo exited with 1
2025-01-23 10:03:02 +0000  Skipping architecture thinning for item "Stevia" because arch "arm64e" wasn't found
2025-01-23 10:03:02 +0000  Running /Applications/Xcode.app/Contents/Developer/Toolchains/XcodeDefault.xctoolchain/usr/bin/lipo '/var/folders/c1/scr8lqss6bz1rlk85myhm_jc0000gn/T/XcodeDistPipeline.~~~WsWTzJ/Root/Payload/CERQEL.app/Frameworks/SweeterSwift.framework/SweeterSwift' '-verify_arch' 'arm64e'
2025-01-23 10:03:02 +0000  /Applications/Xcode.app/Contents/Developer/Toolchains/XcodeDefault.xctoolchain/usr/bin/lipo exited with 1
2025-01-23 10:03:02 +0000  Skipping architecture thinning for item "SweeterSwift" because arch "arm64e" wasn't found
2025-01-23 10:03:02 +0000  Running /Applications/Xcode.app/Contents/Developer/Toolchains/XcodeDefault.xctoolchain/usr/bin/lipo '/var/folders/c1/scr8lqss6bz1rlk85myhm_jc0000gn/T/XcodeDistPipeline.~~~WsWTzJ/Root/Payload/CERQEL.app/Frameworks/SwiftMessages.framework/SwiftMessages' '-verify_arch' 'arm64e'
2025-01-23 10:03:02 +0000  /Applications/Xcode.app/Contents/Developer/Toolchains/XcodeDefault.xctoolchain/usr/bin/lipo exited with 1
2025-01-23 10:03:02 +0000  Skipping architecture thinning for item "SwiftMessages" because arch "arm64e" wasn't found
2025-01-23 10:03:02 +0000  Running /Applications/Xcode.app/Contents/Developer/Toolchains/XcodeDefault.xctoolchain/usr/bin/lipo '/var/folders/c1/scr8lqss6bz1rlk85myhm_jc0000gn/T/XcodeDistPipeline.~~~WsWTzJ/Root/Payload/CERQEL.app/Frameworks/SwiftyJSON.framework/SwiftyJSON' '-verify_arch' 'arm64e'
2025-01-23 10:03:02 +0000  /Applications/Xcode.app/Contents/Developer/Toolchains/XcodeDefault.xctoolchain/usr/bin/lipo exited with 1
2025-01-23 10:03:02 +0000  Skipping architecture thinning for item "SwiftyJSON" because arch "arm64e" wasn't found
2025-01-23 10:03:02 +0000  Running /Applications/Xcode.app/Contents/Developer/Toolchains/XcodeDefault.xctoolchain/usr/bin/lipo '/var/folders/c1/scr8lqss6bz1rlk85myhm_jc0000gn/T/XcodeDistPipeline.~~~WsWTzJ/Root/Payload/CERQEL.app/Frameworks/TOCropViewController.framework/TOCropViewController' '-verify_arch' 'arm64e'
2025-01-23 10:03:02 +0000  /Applications/Xcode.app/Contents/Developer/Toolchains/XcodeDefault.xctoolchain/usr/bin/lipo exited with 1
2025-01-23 10:03:02 +0000  Skipping architecture thinning for item "TOCropViewController" because arch "arm64e" wasn't found
2025-01-23 10:03:02 +0000  Running /Applications/Xcode.app/Contents/Developer/Toolchains/XcodeDefault.xctoolchain/usr/bin/lipo '/var/folders/c1/scr8lqss6bz1rlk85myhm_jc0000gn/T/XcodeDistPipeline.~~~WsWTzJ/Root/Payload/CERQEL.app/Frameworks/TagListView.framework/TagListView' '-verify_arch' 'arm64e'
2025-01-23 10:03:02 +0000  /Applications/Xcode.app/Contents/Developer/Toolchains/XcodeDefault.xctoolchain/usr/bin/lipo exited with 1
2025-01-23 10:03:02 +0000  Skipping architecture thinning for item "TagListView" because arch "arm64e" wasn't found
2025-01-23 10:03:02 +0000  Running /Applications/Xcode.app/Contents/Developer/Toolchains/XcodeDefault.xctoolchain/usr/bin/lipo '/var/folders/c1/scr8lqss6bz1rlk85myhm_jc0000gn/T/XcodeDistPipeline.~~~WsWTzJ/Root/Payload/CERQEL.app/Frameworks/Toast_Swift.framework/Toast_Swift' '-verify_arch' 'arm64e'
2025-01-23 10:03:02 +0000  /Applications/Xcode.app/Contents/Developer/Toolchains/XcodeDefault.xctoolchain/usr/bin/lipo exited with 1
2025-01-23 10:03:02 +0000  Skipping architecture thinning for item "Toast_Swift" because arch "arm64e" wasn't found
2025-01-23 10:03:02 +0000  Running /Applications/Xcode.app/Contents/Developer/Toolchains/XcodeDefault.xctoolchain/usr/bin/lipo '/var/folders/c1/scr8lqss6bz1rlk85myhm_jc0000gn/T/XcodeDistPipeline.~~~WsWTzJ/Root/Payload/CERQEL.app/Frameworks/TransitionButton.framework/TransitionButton' '-verify_arch' 'arm64e'
2025-01-23 10:03:02 +0000  /Applications/Xcode.app/Contents/Developer/Toolchains/XcodeDefault.xctoolchain/usr/bin/lipo exited with 1
2025-01-23 10:03:02 +0000  Skipping architecture thinning for item "TransitionButton" because arch "arm64e" wasn't found
2025-01-23 10:03:02 +0000  Running /Applications/Xcode.app/Contents/Developer/Toolchains/XcodeDefault.xctoolchain/usr/bin/lipo '/var/folders/c1/scr8lqss6bz1rlk85myhm_jc0000gn/T/XcodeDistPipeline.~~~WsWTzJ/Root/Payload/CERQEL.app/Frameworks/XLPagerTabStrip.framework/XLPagerTabStrip' '-verify_arch' 'arm64e'
2025-01-23 10:03:02 +0000  /Applications/Xcode.app/Contents/Developer/Toolchains/XcodeDefault.xctoolchain/usr/bin/lipo exited with 1
2025-01-23 10:03:02 +0000  Skipping architecture thinning for item "XLPagerTabStrip" because arch "arm64e" wasn't found
2025-01-23 10:03:02 +0000  Running /Applications/Xcode.app/Contents/Developer/Toolchains/XcodeDefault.xctoolchain/usr/bin/lipo '/var/folders/c1/scr8lqss6bz1rlk85myhm_jc0000gn/T/XcodeDistPipeline.~~~WsWTzJ/Root/Payload/CERQEL.app/Frameworks/YPImagePicker.framework/YPImagePicker' '-verify_arch' 'arm64e'
2025-01-23 10:03:02 +0000  /Applications/Xcode.app/Contents/Developer/Toolchains/XcodeDefault.xctoolchain/usr/bin/lipo exited with 1
2025-01-23 10:03:02 +0000  Skipping architecture thinning for item "YPImagePicker" because arch "arm64e" wasn't found
2025-01-23 10:03:02 +0000  Running /Applications/Xcode.app/Contents/Developer/Toolchains/XcodeDefault.xctoolchain/usr/bin/lipo '/var/folders/c1/scr8lqss6bz1rlk85myhm_jc0000gn/T/XcodeDistPipeline.~~~WsWTzJ/Root/Payload/CERQEL.app/Frameworks/absl.framework/absl' '-verify_arch' 'arm64e'
2025-01-23 10:03:02 +0000  /Applications/Xcode.app/Contents/Developer/Toolchains/XcodeDefault.xctoolchain/usr/bin/lipo exited with 1
2025-01-23 10:03:02 +0000  Skipping architecture thinning for item "absl" because arch "arm64e" wasn't found
2025-01-23 10:03:02 +0000  Running /Applications/Xcode.app/Contents/Developer/Toolchains/XcodeDefault.xctoolchain/usr/bin/lipo '/var/folders/c1/scr8lqss6bz1rlk85myhm_jc0000gn/T/XcodeDistPipeline.~~~WsWTzJ/Root/Payload/CERQEL.app/Frameworks/grpc.framework/grpc' '-verify_arch' 'arm64e'
2025-01-23 10:03:02 +0000  /Applications/Xcode.app/Contents/Developer/Toolchains/XcodeDefault.xctoolchain/usr/bin/lipo exited with 1
2025-01-23 10:03:02 +0000  Skipping architecture thinning for item "grpc" because arch "arm64e" wasn't found
2025-01-23 10:03:02 +0000  Running /Applications/Xcode.app/Contents/Developer/Toolchains/XcodeDefault.xctoolchain/usr/bin/lipo '/var/folders/c1/scr8lqss6bz1rlk85myhm_jc0000gn/T/XcodeDistPipeline.~~~WsWTzJ/Root/Payload/CERQEL.app/Frameworks/grpcpp.framework/grpcpp' '-verify_arch' 'arm64e'
2025-01-23 10:03:02 +0000  /Applications/Xcode.app/Contents/Developer/Toolchains/XcodeDefault.xctoolchain/usr/bin/lipo exited with 1
2025-01-23 10:03:02 +0000  Skipping architecture thinning for item "grpcpp" because arch "arm64e" wasn't found
2025-01-23 10:03:02 +0000  Running /Applications/Xcode.app/Contents/Developer/Toolchains/XcodeDefault.xctoolchain/usr/bin/lipo '/var/folders/c1/scr8lqss6bz1rlk85myhm_jc0000gn/T/XcodeDistPipeline.~~~WsWTzJ/Root/Payload/CERQEL.app/Frameworks/leveldb.framework/leveldb' '-verify_arch' 'arm64e'
2025-01-23 10:03:02 +0000  /Applications/Xcode.app/Contents/Developer/Toolchains/XcodeDefault.xctoolchain/usr/bin/lipo exited with 1
2025-01-23 10:03:02 +0000  Skipping architecture thinning for item "leveldb" because arch "arm64e" wasn't found
2025-01-23 10:03:02 +0000  Running /Applications/Xcode.app/Contents/Developer/Toolchains/XcodeDefault.xctoolchain/usr/bin/lipo '/var/folders/c1/scr8lqss6bz1rlk85myhm_jc0000gn/T/XcodeDistPipeline.~~~WsWTzJ/Root/Payload/CERQEL.app/Frameworks/nanopb.framework/nanopb' '-verify_arch' 'arm64e'
2025-01-23 10:03:02 +0000  /Applications/Xcode.app/Contents/Developer/Toolchains/XcodeDefault.xctoolchain/usr/bin/lipo exited with 1
2025-01-23 10:03:02 +0000  Skipping architecture thinning for item "nanopb" because arch "arm64e" wasn't found
2025-01-23 10:03:02 +0000  Running /Applications/Xcode.app/Contents/Developer/Toolchains/XcodeDefault.xctoolchain/usr/bin/lipo '/var/folders/c1/scr8lqss6bz1rlk85myhm_jc0000gn/T/XcodeDistPipeline.~~~WsWTzJ/Root/Payload/CERQEL.app/Frameworks/netfox.framework/netfox' '-verify_arch' 'arm64e'
2025-01-23 10:03:02 +0000  /Applications/Xcode.app/Contents/Developer/Toolchains/XcodeDefault.xctoolchain/usr/bin/lipo exited with 1
2025-01-23 10:03:02 +0000  Skipping architecture thinning for item "netfox" because arch "arm64e" wasn't found
2025-01-23 10:03:02 +0000  Running /Applications/Xcode.app/Contents/Developer/Toolchains/XcodeDefault.xctoolchain/usr/bin/lipo '/var/folders/c1/scr8lqss6bz1rlk85myhm_jc0000gn/T/XcodeDistPipeline.~~~WsWTzJ/Root/Payload/CERQEL.app/Frameworks/openssl_grpc.framework/openssl_grpc' '-verify_arch' 'arm64e'
2025-01-23 10:03:02 +0000  /Applications/Xcode.app/Contents/Developer/Toolchains/XcodeDefault.xctoolchain/usr/bin/lipo exited with 1
2025-01-23 10:03:02 +0000  Skipping architecture thinning for item "openssl_grpc" because arch "arm64e" wasn't found
2025-01-23 10:03:02 +0000  Running /Applications/Xcode.app/Contents/Developer/Toolchains/XcodeDefault.xctoolchain/usr/bin/lipo '/var/folders/c1/scr8lqss6bz1rlk85myhm_jc0000gn/T/XcodeDistPipeline.~~~WsWTzJ/Root/Payload/CERQEL.app/CERQEL' '-verify_arch' 'arm64e'
2025-01-23 10:03:02 +0000  /Applications/Xcode.app/Contents/Developer/Toolchains/XcodeDefault.xctoolchain/usr/bin/lipo exited with 1
2025-01-23 10:03:02 +0000  Skipping architecture thinning for item "CERQEL" because arch "arm64e" wasn't found
2025-01-23 10:03:02 +0000  Processing step: IDEDistributionODRStep
2025-01-23 10:03:02 +0000  Processing step: IDEDistributionStripXattrsStep
2025-01-23 10:03:02 +0000  Skipping stripping extended attributes because the codesign step will strip them.
2025-01-23 10:03:02 +0000  Skipping stripping extended attributes because the codesign step will strip them.
2025-01-23 10:03:02 +0000  Skipping stripping extended attributes because the codesign step will strip them.
2025-01-23 10:03:02 +0000  Skipping stripping extended attributes because the codesign step will strip them.
2025-01-23 10:03:02 +0000  Skipping stripping extended attributes because the codesign step will strip them.
2025-01-23 10:03:02 +0000  Skipping stripping extended attributes because the codesign step will strip them.
2025-01-23 10:03:02 +0000  Skipping stripping extended attributes because the codesign step will strip them.
2025-01-23 10:03:02 +0000  Skipping stripping extended attributes because the codesign step will strip them.
2025-01-23 10:03:02 +0000  Skipping stripping extended attributes because the codesign step will strip them.
2025-01-23 10:03:02 +0000  Skipping stripping extended attributes because the codesign step will strip them.
2025-01-23 10:03:02 +0000  Skipping stripping extended attributes because the codesign step will strip them.
2025-01-23 10:03:02 +0000  Skipping stripping extended attributes because the codesign step will strip them.
2025-01-23 10:03:02 +0000  Skipping stripping extended attributes because the codesign step will strip them.
2025-01-23 10:03:02 +0000  Skipping stripping extended attributes because the codesign step will strip them.
2025-01-23 10:03:02 +0000  Skipping stripping extended attributes because the codesign step will strip them.
2025-01-23 10:03:02 +0000  Skipping stripping extended attributes because the codesign step will strip them.
2025-01-23 10:03:02 +0000  Skipping stripping extended attributes because the codesign step will strip them.
2025-01-23 10:03:02 +0000  Skipping stripping extended attributes because the codesign step will strip them.
2025-01-23 10:03:02 +0000  Skipping stripping extended attributes because the codesign step will strip them.
2025-01-23 10:03:02 +0000  Skipping stripping extended attributes because the codesign step will strip them.
2025-01-23 10:03:02 +0000  Skipping stripping extended attributes because the codesign step will strip them.
2025-01-23 10:03:02 +0000  Skipping stripping extended attributes because the codesign step will strip them.
2025-01-23 10:03:02 +0000  Skipping stripping extended attributes because the codesign step will strip them.
2025-01-23 10:03:02 +0000  Skipping stripping extended attributes because the codesign step will strip them.
2025-01-23 10:03:02 +0000  Skipping stripping extended attributes because the codesign step will strip them.
2025-01-23 10:03:02 +0000  Skipping stripping extended attributes because the codesign step will strip them.
2025-01-23 10:03:02 +0000  Skipping stripping extended attributes because the codesign step will strip them.
2025-01-23 10:03:02 +0000  Skipping stripping extended attributes because the codesign step will strip them.
2025-01-23 10:03:02 +0000  Skipping stripping extended attributes because the codesign step will strip them.
2025-01-23 10:03:02 +0000  Skipping stripping extended attributes because the codesign step will strip them.
2025-01-23 10:03:02 +0000  Skipping stripping extended attributes because the codesign step will strip them.
2025-01-23 10:03:02 +0000  Skipping stripping extended attributes because the codesign step will strip them.
2025-01-23 10:03:02 +0000  Skipping stripping extended attributes because the codesign step will strip them.
2025-01-23 10:03:02 +0000  Skipping stripping extended attributes because the codesign step will strip them.
2025-01-23 10:03:02 +0000  Skipping stripping extended attributes because the codesign step will strip them.
2025-01-23 10:03:02 +0000  Skipping stripping extended attributes because the codesign step will strip them.
2025-01-23 10:03:02 +0000  Skipping stripping extended attributes because the codesign step will strip them.
2025-01-23 10:03:02 +0000  Skipping stripping extended attributes because the codesign step will strip them.
2025-01-23 10:03:02 +0000  Skipping stripping extended attributes because the codesign step will strip them.
2025-01-23 10:03:02 +0000  Skipping stripping extended attributes because the codesign step will strip them.
2025-01-23 10:03:02 +0000  Skipping stripping extended attributes because the codesign step will strip them.
2025-01-23 10:03:02 +0000  Skipping stripping extended attributes because the codesign step will strip them.
2025-01-23 10:03:02 +0000  Skipping stripping extended attributes because the codesign step will strip them.
2025-01-23 10:03:02 +0000  Skipping stripping extended attributes because the codesign step will strip them.
2025-01-23 10:03:02 +0000  Skipping stripping extended attributes because the codesign step will strip them.
2025-01-23 10:03:02 +0000  Skipping stripping extended attributes because the codesign step will strip them.
2025-01-23 10:03:02 +0000  Skipping stripping extended attributes because the codesign step will strip them.
2025-01-23 10:03:02 +0000  Skipping stripping extended attributes because the codesign step will strip them.
2025-01-23 10:03:02 +0000  Skipping stripping extended attributes because the codesign step will strip them.
2025-01-23 10:03:02 +0000  Skipping stripping extended attributes because the codesign step will strip them.
2025-01-23 10:03:02 +0000  Skipping stripping extended attributes because the codesign step will strip them.
2025-01-23 10:03:02 +0000  Skipping stripping extended attributes because the codesign step will strip them.
2025-01-23 10:03:02 +0000  Skipping stripping extended attributes because the codesign step will strip them.
2025-01-23 10:03:02 +0000  Skipping stripping extended attributes because the codesign step will strip them.
2025-01-23 10:03:02 +0000  Skipping stripping extended attributes because the codesign step will strip them.
2025-01-23 10:03:02 +0000  Skipping stripping extended attributes because the codesign step will strip them.
2025-01-23 10:03:02 +0000  Skipping stripping extended attributes because the codesign step will strip them.
2025-01-23 10:03:02 +0000  Skipping stripping extended attributes because the codesign step will strip them.
2025-01-23 10:03:02 +0000  Skipping stripping extended attributes because the codesign step will strip them.
2025-01-23 10:03:02 +0000  Skipping stripping extended attributes because the codesign step will strip them.
2025-01-23 10:03:02 +0000  Skipping stripping extended attributes because the codesign step will strip them.
2025-01-23 10:03:02 +0000  Skipping stripping extended attributes because the codesign step will strip them.
2025-01-23 10:03:02 +0000  Skipping stripping extended attributes because the codesign step will strip them.
2025-01-23 10:03:02 +0000  Skipping stripping extended attributes because the codesign step will strip them.
2025-01-23 10:03:02 +0000  Skipping stripping extended attributes because the codesign step will strip them.
2025-01-23 10:03:02 +0000  Skipping stripping extended attributes because the codesign step will strip them.
2025-01-23 10:03:02 +0000  Skipping stripping extended attributes because the codesign step will strip them.
2025-01-23 10:03:02 +0000  Skipping stripping extended attributes because the codesign step will strip them.
2025-01-23 10:03:02 +0000  Skipping stripping extended attributes because the codesign step will strip them.
2025-01-23 10:03:02 +0000  Skipping stripping extended attributes because the codesign step will strip them.
2025-01-23 10:03:02 +0000  Skipping stripping extended attributes because the codesign step will strip them.
2025-01-23 10:03:02 +0000  Skipping stripping extended attributes because the codesign step will strip them.
2025-01-23 10:03:02 +0000  Skipping stripping extended attributes because the codesign step will strip them.
2025-01-23 10:03:02 +0000  Skipping stripping extended attributes because the codesign step will strip them.
2025-01-23 10:03:02 +0000  Skipping stripping extended attributes because the codesign step will strip them.
2025-01-23 10:03:02 +0000  Skipping stripping extended attributes because the codesign step will strip them.
2025-01-23 10:03:02 +0000  Skipping stripping extended attributes because the codesign step will strip them.
2025-01-23 10:03:02 +0000  Skipping stripping extended attributes because the codesign step will strip them.
2025-01-23 10:03:02 +0000  Skipping stripping extended attributes because the codesign step will strip them.
2025-01-23 10:03:02 +0000  Skipping stripping extended attributes because the codesign step will strip them.
2025-01-23 10:03:02 +0000  Processing step: IDEDistributionCodesignStep
2025-01-23 10:03:02 +0000  Entitlements for <IDEDistributionItem: 0x6001fc0dfd80; bundleID='org.cocoapods.AKMaskField', path='<DVTFilePath:0x600080fb5110:'/Users/ahmedmaher/Library/Developer/Xcode/Archives/2025-01-23/CERQEL_TST 23-01-2025, 11.53 AM.xcarchive/Products/Applications/CERQEL.app/Frameworks/AKMaskField.framework'>', codeSigningInfo='<_DVTCodeSigningInformation_Path: 0x60010c727e30; isSigned='1', isAdHocSigned='0', signingCertificate='<DVTSigningCertificate: 0x600059e16400; name='Apple Development: Ahmed Maher (N5M5QPPB69)', hash='FC4EF9E1EDFAE25151A1E6A8911A084FC1B246BC', serialNumber='6AFACB33A60CA473FDD90B5286798487', certificateKinds='(
    "1.2.840.113635.100.6.1.12",
    "1.2.840.113635.100.6.1.2"
), issueDate='2025-01-16 09:51:48 +0000''>', entitlements='(null)', teamID='2536D9AR8F', identifier='org.cocoapods.AKMaskField', executablePath='<DVTFilePath:0x60012ccc48c0:'/Users/ahmedmaher/Library/Developer/Xcode/Archives/2025-01-23/CERQEL_TST 23-01-2025, 11.53 AM.xcarchive/Products/Applications/CERQEL.app/Frameworks/AKMaskField.framework/AKMaskField'>', hardenedRuntime='0'>'>: {
}
2025-01-23 10:03:02 +0000  Associated App Clip Identifiers Filter: Skipping because "com.apple.developer.associated-appclip-app-identifiers" is not present
2025-01-23 10:03:02 +0000  Entitlements for <IDEDistributionItem: 0x6001fc0dfd80; bundleID='org.cocoapods.AKMaskField', path='<DVTFilePath:0x600080fb5110:'/Users/ahmedmaher/Library/Developer/Xcode/Archives/2025-01-23/CERQEL_TST 23-01-2025, 11.53 AM.xcarchive/Products/Applications/CERQEL.app/Frameworks/AKMaskField.framework'>', codeSigningInfo='<_DVTCodeSigningInformation_Path: 0x60010c727e30; isSigned='1', isAdHocSigned='0', signingCertificate='<DVTSigningCertificate: 0x6000391c8900; name='Apple Development: Ahmed Maher (N5M5QPPB69)', hash='FC4EF9E1EDFAE25151A1E6A8911A084FC1B246BC', serialNumber='6AFACB33A60CA473FDD90B5286798487', certificateKinds='(
    "1.2.840.113635.100.6.1.12",
    "1.2.840.113635.100.6.1.2"
), issueDate='2025-01-16 09:51:48 +0000''>', entitlements='(null)', teamID='2536D9AR8F', identifier='org.cocoapods.AKMaskField', executablePath='<DVTFilePath:0x60012ccc48c0:'/Users/ahmedmaher/Library/Developer/Xcode/Archives/2025-01-23/CERQEL_TST 23-01-2025, 11.53 AM.xcarchive/Products/Applications/CERQEL.app/Frameworks/AKMaskField.framework/AKMaskField'>', hardenedRuntime='0'>'> are: {
}
2025-01-23 10:03:02 +0000  Writing entitlements for <IDEDistributionItem: 0x6001fc0dfd80; bundleID='org.cocoapods.AKMaskField', path='<DVTFilePath:0x600080fb5110:'/Users/ahmedmaher/Library/Developer/Xcode/Archives/2025-01-23/CERQEL_TST 23-01-2025, 11.53 AM.xcarchive/Products/Applications/CERQEL.app/Frameworks/AKMaskField.framework'>', codeSigningInfo='<_DVTCodeSigningInformation_Path: 0x60010c727e30; isSigned='1', isAdHocSigned='0', signingCertificate='<DVTSigningCertificate: 0x6000391c8a80; name='Apple Development: Ahmed Maher (N5M5QPPB69)', hash='FC4EF9E1EDFAE25151A1E6A8911A084FC1B246BC', serialNumber='6AFACB33A60CA473FDD90B5286798487', certificateKinds='(
    "1.2.840.113635.100.6.1.12",
    "1.2.840.113635.100.6.1.2"
), issueDate='2025-01-16 09:51:48 +0000''>', entitlements='(null)', teamID='2536D9AR8F', identifier='org.cocoapods.AKMaskField', executablePath='<DVTFilePath:0x60012ccc48c0:'/Users/ahmedmaher/Library/Developer/Xcode/Archives/2025-01-23/CERQEL_TST 23-01-2025, 11.53 AM.xcarchive/Products/Applications/CERQEL.app/Frameworks/AKMaskField.framework/AKMaskField'>', hardenedRuntime='0'>'> to: /var/folders/c1/scr8lqss6bz1rlk85myhm_jc0000gn/T/XcodeDistPipeline.~~~WsWTzJ/entitlements~~~Ah9frt
2025-01-23 10:03:02 +0000  Running /usr/bin/codesign '-vvv' '--force' '--sign' 'B74E043AB25CE9CDA63E6A99C27C04D4656978A2' '--entitlements' '/var/folders/c1/scr8lqss6bz1rlk85myhm_jc0000gn/T/XcodeDistPipeline.~~~WsWTzJ/entitlements~~~Ah9frt' '--generate-entitlement-der' '--strip-disallowed-xattrs' '--preserve-metadata=identifier,flags,runtime' '/var/folders/c1/scr8lqss6bz1rlk85myhm_jc0000gn/T/XcodeDistPipeline.~~~WsWTzJ/Root/Payload/CERQEL.app/Frameworks/AKMaskField.framework'
2025-01-23 10:03:02 +0000  /var/folders/c1/scr8lqss6bz1rlk85myhm_jc0000gn/T/XcodeDistPipeline.~~~WsWTzJ/Root/Payload/CERQEL.app/Frameworks/AKMaskField.framework: replacing existing signature
2025-01-23 10:03:02 +0000  /var/folders/c1/scr8lqss6bz1rlk85myhm_jc0000gn/T/XcodeDistPipeline.~~~WsWTzJ/Root/Payload/CERQEL.app/Frameworks/AKMaskField.framework: signed bundle with Mach-O thin (arm64) [org.cocoapods.AKMaskField]
2025-01-23 10:03:02 +0000  /usr/bin/codesign exited with 0
2025-01-23 10:03:02 +0000  Entitlements for <IDEDistributionItem: 0x6001fc0a14a0; bundleID='org.cocoapods.ActionSheetPicker-3-0', path='<DVTFilePath:0x60014084d980:'/Users/ahmedmaher/Library/Developer/Xcode/Archives/2025-01-23/CERQEL_TST 23-01-2025, 11.53 AM.xcarchive/Products/Applications/CERQEL.app/Frameworks/ActionSheetPicker_3_0.framework'>', codeSigningInfo='<_DVTCodeSigningInformation_Path: 0x60010c78de50; isSigned='1', isAdHocSigned='0', signingCertificate='<DVTSigningCertificate: 0x6000991b83c0; name='Apple Development: Ahmed Maher (N5M5QPPB69)', hash='FC4EF9E1EDFAE25151A1E6A8911A084FC1B246BC', serialNumber='6AFACB33A60CA473FDD90B5286798487', certificateKinds='(
    "1.2.840.113635.100.6.1.12",
    "1.2.840.113635.100.6.1.2"
), issueDate='2025-01-16 09:51:48 +0000''>', entitlements='(null)', teamID='2536D9AR8F', identifier='org.cocoapods.ActionSheetPicker-3-0', executablePath='<DVTFilePath:0x600100faf720:'/Users/ahmedmaher/Library/Developer/Xcode/Archives/2025-01-23/CERQEL_TST 23-01-2025, 11.53 AM.xcarchive/Products/Applications/CERQEL.app/Frameworks/ActionSheetPicker_3_0.framework/ActionSheetPicker_3_0'>', hardenedRuntime='0'>'>: {
}
2025-01-23 10:03:02 +0000  Associated App Clip Identifiers Filter: Skipping because "com.apple.developer.associated-appclip-app-identifiers" is not present
2025-01-23 10:03:02 +0000  Entitlements for <IDEDistributionItem: 0x6001fc0a14a0; bundleID='org.cocoapods.ActionSheetPicker-3-0', path='<DVTFilePath:0x60014084d980:'/Users/ahmedmaher/Library/Developer/Xcode/Archives/2025-01-23/CERQEL_TST 23-01-2025, 11.53 AM.xcarchive/Products/Applications/CERQEL.app/Frameworks/ActionSheetPicker_3_0.framework'>', codeSigningInfo='<_DVTCodeSigningInformation_Path: 0x60010c78de50; isSigned='1', isAdHocSigned='0', signingCertificate='<DVTSigningCertificate: 0x6000991b92c0; name='Apple Development: Ahmed Maher (N5M5QPPB69)', hash='FC4EF9E1EDFAE25151A1E6A8911A084FC1B246BC', serialNumber='6AFACB33A60CA473FDD90B5286798487', certificateKinds='(
    "1.2.840.113635.100.6.1.12",
    "1.2.840.113635.100.6.1.2"
), issueDate='2025-01-16 09:51:48 +0000''>', entitlements='(null)', teamID='2536D9AR8F', identifier='org.cocoapods.ActionSheetPicker-3-0', executablePath='<DVTFilePath:0x600100faf720:'/Users/ahmedmaher/Library/Developer/Xcode/Archives/2025-01-23/CERQEL_TST 23-01-2025, 11.53 AM.xcarchive/Products/Applications/CERQEL.app/Frameworks/ActionSheetPicker_3_0.framework/ActionSheetPicker_3_0'>', hardenedRuntime='0'>'> are: {
}
2025-01-23 10:03:02 +0000  Writing entitlements for <IDEDistributionItem: 0x6001fc0a14a0; bundleID='org.cocoapods.ActionSheetPicker-3-0', path='<DVTFilePath:0x60014084d980:'/Users/ahmedmaher/Library/Developer/Xcode/Archives/2025-01-23/CERQEL_TST 23-01-2025, 11.53 AM.xcarchive/Products/Applications/CERQEL.app/Frameworks/ActionSheetPicker_3_0.framework'>', codeSigningInfo='<_DVTCodeSigningInformation_Path: 0x60010c78de50; isSigned='1', isAdHocSigned='0', signingCertificate='<DVTSigningCertificate: 0x6000991b8600; name='Apple Development: Ahmed Maher (N5M5QPPB69)', hash='FC4EF9E1EDFAE25151A1E6A8911A084FC1B246BC', serialNumber='6AFACB33A60CA473FDD90B5286798487', certificateKinds='(
    "1.2.840.113635.100.6.1.12",
    "1.2.840.113635.100.6.1.2"
), issueDate='2025-01-16 09:51:48 +0000''>', entitlements='(null)', teamID='2536D9AR8F', identifier='org.cocoapods.ActionSheetPicker-3-0', executablePath='<DVTFilePath:0x600100faf720:'/Users/ahmedmaher/Library/Developer/Xcode/Archives/2025-01-23/CERQEL_TST 23-01-2025, 11.53 AM.xcarchive/Products/Applications/CERQEL.app/Frameworks/ActionSheetPicker_3_0.framework/ActionSheetPicker_3_0'>', hardenedRuntime='0'>'> to: /var/folders/c1/scr8lqss6bz1rlk85myhm_jc0000gn/T/XcodeDistPipeline.~~~WsWTzJ/entitlements~~~Ci7l7e
2025-01-23 10:03:02 +0000  Running /usr/bin/codesign '-vvv' '--force' '--sign' 'B74E043AB25CE9CDA63E6A99C27C04D4656978A2' '--entitlements' '/var/folders/c1/scr8lqss6bz1rlk85myhm_jc0000gn/T/XcodeDistPipeline.~~~WsWTzJ/entitlements~~~Ci7l7e' '--generate-entitlement-der' '--strip-disallowed-xattrs' '--preserve-metadata=identifier,flags,runtime' '/var/folders/c1/scr8lqss6bz1rlk85myhm_jc0000gn/T/XcodeDistPipeline.~~~WsWTzJ/Root/Payload/CERQEL.app/Frameworks/ActionSheetPicker_3_0.framework'
2025-01-23 10:03:03 +0000  /var/folders/c1/scr8lqss6bz1rlk85myhm_jc0000gn/T/XcodeDistPipeline.~~~WsWTzJ/Root/Payload/CERQEL.app/Frameworks/ActionSheetPicker_3_0.framework: replacing existing signature
2025-01-23 10:03:03 +0000  /var/folders/c1/scr8lqss6bz1rlk85myhm_jc0000gn/T/XcodeDistPipeline.~~~WsWTzJ/Root/Payload/CERQEL.app/Frameworks/ActionSheetPicker_3_0.framework: signed bundle with Mach-O thin (arm64) [org.cocoapods.ActionSheetPicker-3-0]
2025-01-23 10:03:03 +0000  /usr/bin/codesign exited with 0
2025-01-23 10:03:03 +0000  Entitlements for <IDEDistributionItem: 0x6001fc0a1980; bundleID='org.cocoapods.Alamofire', path='<DVTFilePath:0x6000b8c4adf0:'/Users/ahmedmaher/Library/Developer/Xcode/Archives/2025-01-23/CERQEL_TST 23-01-2025, 11.53 AM.xcarchive/Products/Applications/CERQEL.app/Frameworks/Alamofire.framework'>', codeSigningInfo='<_DVTCodeSigningInformation_Path: 0x6000f845cd20; isSigned='1', isAdHocSigned='0', signingCertificate='<DVTSigningCertificate: 0x6000991b83c0; name='Apple Development: Ahmed Maher (N5M5QPPB69)', hash='FC4EF9E1EDFAE25151A1E6A8911A084FC1B246BC', serialNumber='6AFACB33A60CA473FDD90B5286798487', certificateKinds='(
    "1.2.840.113635.100.6.1.12",
    "1.2.840.113635.100.6.1.2"
), issueDate='2025-01-16 09:51:48 +0000''>', entitlements='(null)', teamID='2536D9AR8F', identifier='org.cocoapods.Alamofire', executablePath='<DVTFilePath:0x60012cccaca0:'/Users/ahmedmaher/Library/Developer/Xcode/Archives/2025-01-23/CERQEL_TST 23-01-2025, 11.53 AM.xcarchive/Products/Applications/CERQEL.app/Frameworks/Alamofire.framework/Alamofire'>', hardenedRuntime='0'>'>: {
}
2025-01-23 10:03:03 +0000  Associated App Clip Identifiers Filter: Skipping because "com.apple.developer.associated-appclip-app-identifiers" is not present
2025-01-23 10:03:03 +0000  Entitlements for <IDEDistributionItem: 0x6001fc0a1980; bundleID='org.cocoapods.Alamofire', path='<DVTFilePath:0x6000b8c4adf0:'/Users/ahmedmaher/Library/Developer/Xcode/Archives/2025-01-23/CERQEL_TST 23-01-2025, 11.53 AM.xcarchive/Products/Applications/CERQEL.app/Frameworks/Alamofire.framework'>', codeSigningInfo='<_DVTCodeSigningInformation_Path: 0x6000f845cd20; isSigned='1', isAdHocSigned='0', signingCertificate='<DVTSigningCertificate: 0x600059e16400; name='Apple Development: Ahmed Maher (N5M5QPPB69)', hash='FC4EF9E1EDFAE25151A1E6A8911A084FC1B246BC', serialNumber='6AFACB33A60CA473FDD90B5286798487', certificateKinds='(
    "1.2.840.113635.100.6.1.12",
    "1.2.840.113635.100.6.1.2"
), issueDate='2025-01-16 09:51:48 +0000''>', entitlements='(null)', teamID='2536D9AR8F', identifier='org.cocoapods.Alamofire', executablePath='<DVTFilePath:0x60012cccaca0:'/Users/ahmedmaher/Library/Developer/Xcode/Archives/2025-01-23/CERQEL_TST 23-01-2025, 11.53 AM.xcarchive/Products/Applications/CERQEL.app/Frameworks/Alamofire.framework/Alamofire'>', hardenedRuntime='0'>'> are: {
}
2025-01-23 10:03:03 +0000  Writing entitlements for <IDEDistributionItem: 0x6001fc0a1980; bundleID='org.cocoapods.Alamofire', path='<DVTFilePath:0x6000b8c4adf0:'/Users/ahmedmaher/Library/Developer/Xcode/Archives/2025-01-23/CERQEL_TST 23-01-2025, 11.53 AM.xcarchive/Products/Applications/CERQEL.app/Frameworks/Alamofire.framework'>', codeSigningInfo='<_DVTCodeSigningInformation_Path: 0x6000f845cd20; isSigned='1', isAdHocSigned='0', signingCertificate='<DVTSigningCertificate: 0x6000991b92c0; name='Apple Development: Ahmed Maher (N5M5QPPB69)', hash='FC4EF9E1EDFAE25151A1E6A8911A084FC1B246BC', serialNumber='6AFACB33A60CA473FDD90B5286798487', certificateKinds='(
    "1.2.840.113635.100.6.1.12",
    "1.2.840.113635.100.6.1.2"
), issueDate='2025-01-16 09:51:48 +0000''>', entitlements='(null)', teamID='2536D9AR8F', identifier='org.cocoapods.Alamofire', executablePath='<DVTFilePath:0x60012cccaca0:'/Users/ahmedmaher/Library/Developer/Xcode/Archives/2025-01-23/CERQEL_TST 23-01-2025, 11.53 AM.xcarchive/Products/Applications/CERQEL.app/Frameworks/Alamofire.framework/Alamofire'>', hardenedRuntime='0'>'> to: /var/folders/c1/scr8lqss6bz1rlk85myhm_jc0000gn/T/XcodeDistPipeline.~~~WsWTzJ/entitlements~~~H30XmO
2025-01-23 10:03:03 +0000  Running /usr/bin/codesign '-vvv' '--force' '--sign' 'B74E043AB25CE9CDA63E6A99C27C04D4656978A2' '--entitlements' '/var/folders/c1/scr8lqss6bz1rlk85myhm_jc0000gn/T/XcodeDistPipeline.~~~WsWTzJ/entitlements~~~H30XmO' '--generate-entitlement-der' '--strip-disallowed-xattrs' '--preserve-metadata=identifier,flags,runtime' '/var/folders/c1/scr8lqss6bz1rlk85myhm_jc0000gn/T/XcodeDistPipeline.~~~WsWTzJ/Root/Payload/CERQEL.app/Frameworks/Alamofire.framework'
2025-01-23 10:03:03 +0000  /var/folders/c1/scr8lqss6bz1rlk85myhm_jc0000gn/T/XcodeDistPipeline.~~~WsWTzJ/Root/Payload/CERQEL.app/Frameworks/Alamofire.framework: replacing existing signature
2025-01-23 10:03:03 +0000  /var/folders/c1/scr8lqss6bz1rlk85myhm_jc0000gn/T/XcodeDistPipeline.~~~WsWTzJ/Root/Payload/CERQEL.app/Frameworks/Alamofire.framework: signed bundle with Mach-O thin (arm64) [org.cocoapods.Alamofire]
2025-01-23 10:03:03 +0000  /usr/bin/codesign exited with 0
2025-01-23 10:03:03 +0000  Entitlements for <IDEDistributionItem: 0x6000f8e15320; bundleID='org.cocoapods.Algorithms', path='<DVTFilePath:0x600100fa0f50:'/Users/ahmedmaher/Library/Developer/Xcode/Archives/2025-01-23/CERQEL_TST 23-01-2025, 11.53 AM.xcarchive/Products/Applications/CERQEL.app/Frameworks/Algorithms.framework'>', codeSigningInfo='<_DVTCodeSigningInformation_Path: 0x6000f845ec60; isSigned='1', isAdHocSigned='0', signingCertificate='<DVTSigningCertificate: 0x600059e16400; name='Apple Development: Ahmed Maher (N5M5QPPB69)', hash='FC4EF9E1EDFAE25151A1E6A8911A084FC1B246BC', serialNumber='6AFACB33A60CA473FDD90B5286798487', certificateKinds='(
    "1.2.840.113635.100.6.1.12",
    "1.2.840.113635.100.6.1.2"
), issueDate='2025-01-16 09:51:48 +0000''>', entitlements='(null)', teamID='2536D9AR8F', identifier='org.cocoapods.Algorithms', executablePath='<DVTFilePath:0x600100c03e20:'/Users/ahmedmaher/Library/Developer/Xcode/Archives/2025-01-23/CERQEL_TST 23-01-2025, 11.53 AM.xcarchive/Products/Applications/CERQEL.app/Frameworks/Algorithms.framework/Algorithms'>', hardenedRuntime='0'>'>: {
}
2025-01-23 10:03:03 +0000  Associated App Clip Identifiers Filter: Skipping because "com.apple.developer.associated-appclip-app-identifiers" is not present
2025-01-23 10:03:03 +0000  Entitlements for <IDEDistributionItem: 0x6000f8e15320; bundleID='org.cocoapods.Algorithms', path='<DVTFilePath:0x600100fa0f50:'/Users/ahmedmaher/Library/Developer/Xcode/Archives/2025-01-23/CERQEL_TST 23-01-2025, 11.53 AM.xcarchive/Products/Applications/CERQEL.app/Frameworks/Algorithms.framework'>', codeSigningInfo='<_DVTCodeSigningInformation_Path: 0x6000f845ec60; isSigned='1', isAdHocSigned='0', signingCertificate='<DVTSigningCertificate: 0x600059e15a40; name='Apple Development: Ahmed Maher (N5M5QPPB69)', hash='FC4EF9E1EDFAE25151A1E6A8911A084FC1B246BC', serialNumber='6AFACB33A60CA473FDD90B5286798487', certificateKinds='(
    "1.2.840.113635.100.6.1.12",
    "1.2.840.113635.100.6.1.2"
), issueDate='2025-01-16 09:51:48 +0000''>', entitlements='(null)', teamID='2536D9AR8F', identifier='org.cocoapods.Algorithms', executablePath='<DVTFilePath:0x600100c03e20:'/Users/ahmedmaher/Library/Developer/Xcode/Archives/2025-01-23/CERQEL_TST 23-01-2025, 11.53 AM.xcarchive/Products/Applications/CERQEL.app/Frameworks/Algorithms.framework/Algorithms'>', hardenedRuntime='0'>'> are: {
}
2025-01-23 10:03:03 +0000  Writing entitlements for <IDEDistributionItem: 0x6000f8e15320; bundleID='org.cocoapods.Algorithms', path='<DVTFilePath:0x600100fa0f50:'/Users/ahmedmaher/Library/Developer/Xcode/Archives/2025-01-23/CERQEL_TST 23-01-2025, 11.53 AM.xcarchive/Products/Applications/CERQEL.app/Frameworks/Algorithms.framework'>', codeSigningInfo='<_DVTCodeSigningInformation_Path: 0x6000f845ec60; isSigned='1', isAdHocSigned='0', signingCertificate='<DVTSigningCertificate: 0x600059e14840; name='Apple Development: Ahmed Maher (N5M5QPPB69)', hash='FC4EF9E1EDFAE25151A1E6A8911A084FC1B246BC', serialNumber='6AFACB33A60CA473FDD90B5286798487', certificateKinds='(
    "1.2.840.113635.100.6.1.12",
    "1.2.840.113635.100.6.1.2"
), issueDate='2025-01-16 09:51:48 +0000''>', entitlements='(null)', teamID='2536D9AR8F', identifier='org.cocoapods.Algorithms', executablePath='<DVTFilePath:0x600100c03e20:'/Users/ahmedmaher/Library/Developer/Xcode/Archives/2025-01-23/CERQEL_TST 23-01-2025, 11.53 AM.xcarchive/Products/Applications/CERQEL.app/Frameworks/Algorithms.framework/Algorithms'>', hardenedRuntime='0'>'> to: /var/folders/c1/scr8lqss6bz1rlk85myhm_jc0000gn/T/XcodeDistPipeline.~~~WsWTzJ/entitlements~~~h1gsSS
2025-01-23 10:03:03 +0000  Running /usr/bin/codesign '-vvv' '--force' '--sign' 'B74E043AB25CE9CDA63E6A99C27C04D4656978A2' '--entitlements' '/var/folders/c1/scr8lqss6bz1rlk85myhm_jc0000gn/T/XcodeDistPipeline.~~~WsWTzJ/entitlements~~~h1gsSS' '--generate-entitlement-der' '--strip-disallowed-xattrs' '--preserve-metadata=identifier,flags,runtime' '/var/folders/c1/scr8lqss6bz1rlk85myhm_jc0000gn/T/XcodeDistPipeline.~~~WsWTzJ/Root/Payload/CERQEL.app/Frameworks/Algorithms.framework'
2025-01-23 10:03:03 +0000  /var/folders/c1/scr8lqss6bz1rlk85myhm_jc0000gn/T/XcodeDistPipeline.~~~WsWTzJ/Root/Payload/CERQEL.app/Frameworks/Algorithms.framework: replacing existing signature
2025-01-23 10:03:03 +0000  /var/folders/c1/scr8lqss6bz1rlk85myhm_jc0000gn/T/XcodeDistPipeline.~~~WsWTzJ/Root/Payload/CERQEL.app/Frameworks/Algorithms.framework: signed bundle with Mach-O thin (arm64) [org.cocoapods.Algorithms]
2025-01-23 10:03:03 +0000  /usr/bin/codesign exited with 0
2025-01-23 10:03:03 +0000  Entitlements for <IDEDistributionItem: 0x6001fc0a1620; bundleID='org.cocoapods.AlignedCollectionViewFlowLayout', path='<DVTFilePath:0x60002164c7e0:'/Users/ahmedmaher/Library/Developer/Xcode/Archives/2025-01-23/CERQEL_TST 23-01-2025, 11.53 AM.xcarchive/Products/Applications/CERQEL.app/Frameworks/AlignedCollectionViewFlowLayout.framework'>', codeSigningInfo='<_DVTCodeSigningInformation_Path: 0x6000f845d950; isSigned='1', isAdHocSigned='0', signingCertificate='<DVTSigningCertificate: 0x6000991b83c0; name='Apple Development: Ahmed Maher (N5M5QPPB69)', hash='FC4EF9E1EDFAE25151A1E6A8911A084FC1B246BC', serialNumber='6AFACB33A60CA473FDD90B5286798487', certificateKinds='(
    "1.2.840.113635.100.6.1.12",
    "1.2.840.113635.100.6.1.2"
), issueDate='2025-01-16 09:51:48 +0000''>', entitlements='(null)', teamID='2536D9AR8F', identifier='org.cocoapods.AlignedCollectionViewFlowLayout', executablePath='<DVTFilePath:0x60007ca3b980:'/Users/ahmedmaher/Library/Developer/Xcode/Archives/2025-01-23/CERQEL_TST 23-01-2025, 11.53 AM.xcarchive/Products/Applications/CERQEL.app/Frameworks/AlignedCollectionViewFlowLayout.framework/AlignedCollectionViewFlowLayout'>', hardenedRuntime='0'>'>: {
}
2025-01-23 10:03:03 +0000  Associated App Clip Identifiers Filter: Skipping because "com.apple.developer.associated-appclip-app-identifiers" is not present
2025-01-23 10:03:03 +0000  Entitlements for <IDEDistributionItem: 0x6001fc0a1620; bundleID='org.cocoapods.AlignedCollectionViewFlowLayout', path='<DVTFilePath:0x60002164c7e0:'/Users/ahmedmaher/Library/Developer/Xcode/Archives/2025-01-23/CERQEL_TST 23-01-2025, 11.53 AM.xcarchive/Products/Applications/CERQEL.app/Frameworks/AlignedCollectionViewFlowLayout.framework'>', codeSigningInfo='<_DVTCodeSigningInformation_Path: 0x6000f845d950; isSigned='1', isAdHocSigned='0', signingCertificate='<DVTSigningCertificate: 0x600059e16400; name='Apple Development: Ahmed Maher (N5M5QPPB69)', hash='FC4EF9E1EDFAE25151A1E6A8911A084FC1B246BC', serialNumber='6AFACB33A60CA473FDD90B5286798487', certificateKinds='(
    "1.2.840.113635.100.6.1.12",
    "1.2.840.113635.100.6.1.2"
), issueDate='2025-01-16 09:51:48 +0000''>', entitlements='(null)', teamID='2536D9AR8F', identifier='org.cocoapods.AlignedCollectionViewFlowLayout', executablePath='<DVTFilePath:0x60007ca3b980:'/Users/ahmedmaher/Library/Developer/Xcode/Archives/2025-01-23/CERQEL_TST 23-01-2025, 11.53 AM.xcarchive/Products/Applications/CERQEL.app/Frameworks/AlignedCollectionViewFlowLayout.framework/AlignedCollectionViewFlowLayout'>', hardenedRuntime='0'>'> are: {
}
2025-01-23 10:03:03 +0000  Writing entitlements for <IDEDistributionItem: 0x6001fc0a1620; bundleID='org.cocoapods.AlignedCollectionViewFlowLayout', path='<DVTFilePath:0x60002164c7e0:'/Users/ahmedmaher/Library/Developer/Xcode/Archives/2025-01-23/CERQEL_TST 23-01-2025, 11.53 AM.xcarchive/Products/Applications/CERQEL.app/Frameworks/AlignedCollectionViewFlowLayout.framework'>', codeSigningInfo='<_DVTCodeSigningInformation_Path: 0x6000f845d950; isSigned='1', isAdHocSigned='0', signingCertificate='<DVTSigningCertificate: 0x6000391c9f80; name='Apple Development: Ahmed Maher (N5M5QPPB69)', hash='FC4EF9E1EDFAE25151A1E6A8911A084FC1B246BC', serialNumber='6AFACB33A60CA473FDD90B5286798487', certificateKinds='(
    "1.2.840.113635.100.6.1.12",
    "1.2.840.113635.100.6.1.2"
), issueDate='2025-01-16 09:51:48 +0000''>', entitlements='(null)', teamID='2536D9AR8F', identifier='org.cocoapods.AlignedCollectionViewFlowLayout', executablePath='<DVTFilePath:0x60007ca3b980:'/Users/ahmedmaher/Library/Developer/Xcode/Archives/2025-01-23/CERQEL_TST 23-01-2025, 11.53 AM.xcarchive/Products/Applications/CERQEL.app/Frameworks/AlignedCollectionViewFlowLayout.framework/AlignedCollectionViewFlowLayout'>', hardenedRuntime='0'>'> to: /var/folders/c1/scr8lqss6bz1rlk85myhm_jc0000gn/T/XcodeDistPipeline.~~~WsWTzJ/entitlements~~~mVH5Hf
2025-01-23 10:03:03 +0000  Running /usr/bin/codesign '-vvv' '--force' '--sign' 'B74E043AB25CE9CDA63E6A99C27C04D4656978A2' '--entitlements' '/var/folders/c1/scr8lqss6bz1rlk85myhm_jc0000gn/T/XcodeDistPipeline.~~~WsWTzJ/entitlements~~~mVH5Hf' '--generate-entitlement-der' '--strip-disallowed-xattrs' '--preserve-metadata=identifier,flags,runtime' '/var/folders/c1/scr8lqss6bz1rlk85myhm_jc0000gn/T/XcodeDistPipeline.~~~WsWTzJ/Root/Payload/CERQEL.app/Frameworks/AlignedCollectionViewFlowLayout.framework'
2025-01-23 10:03:03 +0000  /var/folders/c1/scr8lqss6bz1rlk85myhm_jc0000gn/T/XcodeDistPipeline.~~~WsWTzJ/Root/Payload/CERQEL.app/Frameworks/AlignedCollectionViewFlowLayout.framework: replacing existing signature
2025-01-23 10:03:03 +0000  /var/folders/c1/scr8lqss6bz1rlk85myhm_jc0000gn/T/XcodeDistPipeline.~~~WsWTzJ/Root/Payload/CERQEL.app/Frameworks/AlignedCollectionViewFlowLayout.framework: signed bundle with Mach-O thin (arm64) [org.cocoapods.AlignedCollectionViewFlowLayout]
2025-01-23 10:03:03 +0000  /usr/bin/codesign exited with 0
2025-01-23 10:03:03 +0000  Entitlements for <IDEDistributionItem: 0x6000f8e0cde0; bundleID='org.cocoapods.AvailableHapticFeedback', path='<DVTFilePath:0x60003c893f00:'/Users/ahmedmaher/Library/Developer/Xcode/Archives/2025-01-23/CERQEL_TST 23-01-2025, 11.53 AM.xcarchive/Products/Applications/CERQEL.app/Frameworks/AvailableHapticFeedback.framework'>', codeSigningInfo='<_DVTCodeSigningInformation_Path: 0x6000d8309720; isSigned='1', isAdHocSigned='0', signingCertificate='<DVTSigningCertificate: 0x6000991b83c0; name='Apple Development: Ahmed Maher (N5M5QPPB69)', hash='FC4EF9E1EDFAE25151A1E6A8911A084FC1B246BC', serialNumber='6AFACB33A60CA473FDD90B5286798487', certificateKinds='(
    "1.2.840.113635.100.6.1.12",
    "1.2.840.113635.100.6.1.2"
), issueDate='2025-01-16 09:51:48 +0000''>', entitlements='(null)', teamID='2536D9AR8F', identifier='org.cocoapods.AvailableHapticFeedback', executablePath='<DVTFilePath:0x600248c825a0:'/Users/ahmedmaher/Library/Developer/Xcode/Archives/2025-01-23/CERQEL_TST 23-01-2025, 11.53 AM.xcarchive/Products/Applications/CERQEL.app/Frameworks/AvailableHapticFeedback.framework/AvailableHapticFeedback'>', hardenedRuntime='0'>'>: {
}
2025-01-23 10:03:03 +0000  Associated App Clip Identifiers Filter: Skipping because "com.apple.developer.associated-appclip-app-identifiers" is not present
2025-01-23 10:03:03 +0000  Entitlements for <IDEDistributionItem: 0x6000f8e0cde0; bundleID='org.cocoapods.AvailableHapticFeedback', path='<DVTFilePath:0x60003c893f00:'/Users/ahmedmaher/Library/Developer/Xcode/Archives/2025-01-23/CERQEL_TST 23-01-2025, 11.53 AM.xcarchive/Products/Applications/CERQEL.app/Frameworks/AvailableHapticFeedback.framework'>', codeSigningInfo='<_DVTCodeSigningInformation_Path: 0x6000d8309720; isSigned='1', isAdHocSigned='0', signingCertificate='<DVTSigningCertificate: 0x600059e16400; name='Apple Development: Ahmed Maher (N5M5QPPB69)', hash='FC4EF9E1EDFAE25151A1E6A8911A084FC1B246BC', serialNumber='6AFACB33A60CA473FDD90B5286798487', certificateKinds='(
    "1.2.840.113635.100.6.1.12",
    "1.2.840.113635.100.6.1.2"
), issueDate='2025-01-16 09:51:48 +0000''>', entitlements='(null)', teamID='2536D9AR8F', identifier='org.cocoapods.AvailableHapticFeedback', executablePath='<DVTFilePath:0x600248c825a0:'/Users/ahmedmaher/Library/Developer/Xcode/Archives/2025-01-23/CERQEL_TST 23-01-2025, 11.53 AM.xcarchive/Products/Applications/CERQEL.app/Frameworks/AvailableHapticFeedback.framework/AvailableHapticFeedback'>', hardenedRuntime='0'>'> are: {
}
2025-01-23 10:03:03 +0000  Writing entitlements for <IDEDistributionItem: 0x6000f8e0cde0; bundleID='org.cocoapods.AvailableHapticFeedback', path='<DVTFilePath:0x60003c893f00:'/Users/ahmedmaher/Library/Developer/Xcode/Archives/2025-01-23/CERQEL_TST 23-01-2025, 11.53 AM.xcarchive/Products/Applications/CERQEL.app/Frameworks/AvailableHapticFeedback.framework'>', codeSigningInfo='<_DVTCodeSigningInformation_Path: 0x6000d8309720; isSigned='1', isAdHocSigned='0', signingCertificate='<DVTSigningCertificate: 0x6000991b92c0; name='Apple Development: Ahmed Maher (N5M5QPPB69)', hash='FC4EF9E1EDFAE25151A1E6A8911A084FC1B246BC', serialNumber='6AFACB33A60CA473FDD90B5286798487', certificateKinds='(
    "1.2.840.113635.100.6.1.12",
    "1.2.840.113635.100.6.1.2"
), issueDate='2025-01-16 09:51:48 +0000''>', entitlements='(null)', teamID='2536D9AR8F', identifier='org.cocoapods.AvailableHapticFeedback', executablePath='<DVTFilePath:0x600248c825a0:'/Users/ahmedmaher/Library/Developer/Xcode/Archives/2025-01-23/CERQEL_TST 23-01-2025, 11.53 AM.xcarchive/Products/Applications/CERQEL.app/Frameworks/AvailableHapticFeedback.framework/AvailableHapticFeedback'>', hardenedRuntime='0'>'> to: /var/folders/c1/scr8lqss6bz1rlk85myhm_jc0000gn/T/XcodeDistPipeline.~~~WsWTzJ/entitlements~~~2ShzF2
2025-01-23 10:03:03 +0000  Running /usr/bin/codesign '-vvv' '--force' '--sign' 'B74E043AB25CE9CDA63E6A99C27C04D4656978A2' '--entitlements' '/var/folders/c1/scr8lqss6bz1rlk85myhm_jc0000gn/T/XcodeDistPipeline.~~~WsWTzJ/entitlements~~~2ShzF2' '--generate-entitlement-der' '--strip-disallowed-xattrs' '--preserve-metadata=identifier,flags,runtime' '/var/folders/c1/scr8lqss6bz1rlk85myhm_jc0000gn/T/XcodeDistPipeline.~~~WsWTzJ/Root/Payload/CERQEL.app/Frameworks/AvailableHapticFeedback.framework'
2025-01-23 10:03:03 +0000  /var/folders/c1/scr8lqss6bz1rlk85myhm_jc0000gn/T/XcodeDistPipeline.~~~WsWTzJ/Root/Payload/CERQEL.app/Frameworks/AvailableHapticFeedback.framework: replacing existing signature
2025-01-23 10:03:03 +0000  /var/folders/c1/scr8lqss6bz1rlk85myhm_jc0000gn/T/XcodeDistPipeline.~~~WsWTzJ/Root/Payload/CERQEL.app/Frameworks/AvailableHapticFeedback.framework: signed bundle with Mach-O thin (arm64) [org.cocoapods.AvailableHapticFeedback]
2025-01-23 10:03:03 +0000  /usr/bin/codesign exited with 0
2025-01-23 10:03:03 +0000  Entitlements for <IDEDistributionItem: 0x6001fc0a1ce0; bundleID='org.cocoapods.CRRefresh', path='<DVTFilePath:0x600080fadab0:'/Users/ahmedmaher/Library/Developer/Xcode/Archives/2025-01-23/CERQEL_TST 23-01-2025, 11.53 AM.xcarchive/Products/Applications/CERQEL.app/Frameworks/CRRefresh.framework'>', codeSigningInfo='<_DVTCodeSigningInformation_Path: 0x60010c7bdef0; isSigned='1', isAdHocSigned='0', signingCertificate='<DVTSigningCertificate: 0x6000991b83c0; name='Apple Development: Ahmed Maher (N5M5QPPB69)', hash='FC4EF9E1EDFAE25151A1E6A8911A084FC1B246BC', serialNumber='6AFACB33A60CA473FDD90B5286798487', certificateKinds='(
    "1.2.840.113635.100.6.1.12",
    "1.2.840.113635.100.6.1.2"
), issueDate='2025-01-16 09:51:48 +0000''>', entitlements='(null)', teamID='2536D9AR8F', identifier='org.cocoapods.CRRefresh', executablePath='<DVTFilePath:0x600248cbc5b0:'/Users/ahmedmaher/Library/Developer/Xcode/Archives/2025-01-23/CERQEL_TST 23-01-2025, 11.53 AM.xcarchive/Products/Applications/CERQEL.app/Frameworks/CRRefresh.framework/CRRefresh'>', hardenedRuntime='0'>'>: {
}
2025-01-23 10:03:03 +0000  Associated App Clip Identifiers Filter: Skipping because "com.apple.developer.associated-appclip-app-identifiers" is not present
2025-01-23 10:03:03 +0000  Entitlements for <IDEDistributionItem: 0x6001fc0a1ce0; bundleID='org.cocoapods.CRRefresh', path='<DVTFilePath:0x600080fadab0:'/Users/ahmedmaher/Library/Developer/Xcode/Archives/2025-01-23/CERQEL_TST 23-01-2025, 11.53 AM.xcarchive/Products/Applications/CERQEL.app/Frameworks/CRRefresh.framework'>', codeSigningInfo='<_DVTCodeSigningInformation_Path: 0x60010c7bdef0; isSigned='1', isAdHocSigned='0', signingCertificate='<DVTSigningCertificate: 0x600059e15a40; name='Apple Development: Ahmed Maher (N5M5QPPB69)', hash='FC4EF9E1EDFAE25151A1E6A8911A084FC1B246BC', serialNumber='6AFACB33A60CA473FDD90B5286798487', certificateKinds='(
    "1.2.840.113635.100.6.1.12",
    "1.2.840.113635.100.6.1.2"
), issueDate='2025-01-16 09:51:48 +0000''>', entitlements='(null)', teamID='2536D9AR8F', identifier='org.cocoapods.CRRefresh', executablePath='<DVTFilePath:0x600248cbc5b0:'/Users/ahmedmaher/Library/Developer/Xcode/Archives/2025-01-23/CERQEL_TST 23-01-2025, 11.53 AM.xcarchive/Products/Applications/CERQEL.app/Frameworks/CRRefresh.framework/CRRefresh'>', hardenedRuntime='0'>'> are: {
}
2025-01-23 10:03:03 +0000  Writing entitlements for <IDEDistributionItem: 0x6001fc0a1ce0; bundleID='org.cocoapods.CRRefresh', path='<DVTFilePath:0x600080fadab0:'/Users/ahmedmaher/Library/Developer/Xcode/Archives/2025-01-23/CERQEL_TST 23-01-2025, 11.53 AM.xcarchive/Products/Applications/CERQEL.app/Frameworks/CRRefresh.framework'>', codeSigningInfo='<_DVTCodeSigningInformation_Path: 0x60010c7bdef0; isSigned='1', isAdHocSigned='0', signingCertificate='<DVTSigningCertificate: 0x6000991b92c0; name='Apple Development: Ahmed Maher (N5M5QPPB69)', hash='FC4EF9E1EDFAE25151A1E6A8911A084FC1B246BC', serialNumber='6AFACB33A60CA473FDD90B5286798487', certificateKinds='(
    "1.2.840.113635.100.6.1.12",
    "1.2.840.113635.100.6.1.2"
), issueDate='2025-01-16 09:51:48 +0000''>', entitlements='(null)', teamID='2536D9AR8F', identifier='org.cocoapods.CRRefresh', executablePath='<DVTFilePath:0x600248cbc5b0:'/Users/ahmedmaher/Library/Developer/Xcode/Archives/2025-01-23/CERQEL_TST 23-01-2025, 11.53 AM.xcarchive/Products/Applications/CERQEL.app/Frameworks/CRRefresh.framework/CRRefresh'>', hardenedRuntime='0'>'> to: /var/folders/c1/scr8lqss6bz1rlk85myhm_jc0000gn/T/XcodeDistPipeline.~~~WsWTzJ/entitlements~~~ByNI0f
2025-01-23 10:03:03 +0000  Running /usr/bin/codesign '-vvv' '--force' '--sign' 'B74E043AB25CE9CDA63E6A99C27C04D4656978A2' '--entitlements' '/var/folders/c1/scr8lqss6bz1rlk85myhm_jc0000gn/T/XcodeDistPipeline.~~~WsWTzJ/entitlements~~~ByNI0f' '--generate-entitlement-der' '--strip-disallowed-xattrs' '--preserve-metadata=identifier,flags,runtime' '/var/folders/c1/scr8lqss6bz1rlk85myhm_jc0000gn/T/XcodeDistPipeline.~~~WsWTzJ/Root/Payload/CERQEL.app/Frameworks/CRRefresh.framework'
2025-01-23 10:03:03 +0000  /var/folders/c1/scr8lqss6bz1rlk85myhm_jc0000gn/T/XcodeDistPipeline.~~~WsWTzJ/Root/Payload/CERQEL.app/Frameworks/CRRefresh.framework: replacing existing signature
2025-01-23 10:03:03 +0000  /var/folders/c1/scr8lqss6bz1rlk85myhm_jc0000gn/T/XcodeDistPipeline.~~~WsWTzJ/Root/Payload/CERQEL.app/Frameworks/CRRefresh.framework: signed bundle with Mach-O thin (arm64) [org.cocoapods.CRRefresh]
2025-01-23 10:03:03 +0000  /usr/bin/codesign exited with 0
2025-01-23 10:03:03 +0000  Entitlements for <IDEDistributionItem: 0x6001fc0abde0; bundleID='org.cocoapods.Charts', path='<DVTFilePath:0x6000b8c4a680:'/Users/ahmedmaher/Library/Developer/Xcode/Archives/2025-01-23/CERQEL_TST 23-01-2025, 11.53 AM.xcarchive/Products/Applications/CERQEL.app/Frameworks/Charts.framework'>', codeSigningInfo='<_DVTCodeSigningInformation_Path: 0x60010c726c60; isSigned='1', isAdHocSigned='0', signingCertificate='<DVTSigningCertificate: 0x6000391c9f80; name='Apple Development: Ahmed Maher (N5M5QPPB69)', hash='FC4EF9E1EDFAE25151A1E6A8911A084FC1B246BC', serialNumber='6AFACB33A60CA473FDD90B5286798487', certificateKinds='(
    "1.2.840.113635.100.6.1.12",
    "1.2.840.113635.100.6.1.2"
), issueDate='2025-01-16 09:51:48 +0000''>', entitlements='(null)', teamID='2536D9AR8F', identifier='org.cocoapods.Charts', executablePath='<DVTFilePath:0x6001fc098ae0:'/Users/ahmedmaher/Library/Developer/Xcode/Archives/2025-01-23/CERQEL_TST 23-01-2025, 11.53 AM.xcarchive/Products/Applications/CERQEL.app/Frameworks/Charts.framework/Charts'>', hardenedRuntime='0'>'>: {
}
2025-01-23 10:03:03 +0000  Associated App Clip Identifiers Filter: Skipping because "com.apple.developer.associated-appclip-app-identifiers" is not present
2025-01-23 10:03:03 +0000  Entitlements for <IDEDistributionItem: 0x6001fc0abde0; bundleID='org.cocoapods.Charts', path='<DVTFilePath:0x6000b8c4a680:'/Users/ahmedmaher/Library/Developer/Xcode/Archives/2025-01-23/CERQEL_TST 23-01-2025, 11.53 AM.xcarchive/Products/Applications/CERQEL.app/Frameworks/Charts.framework'>', codeSigningInfo='<_DVTCodeSigningInformation_Path: 0x60010c726c60; isSigned='1', isAdHocSigned='0', signingCertificate='<DVTSigningCertificate: 0x6000391c8900; name='Apple Development: Ahmed Maher (N5M5QPPB69)', hash='FC4EF9E1EDFAE25151A1E6A8911A084FC1B246BC', serialNumber='6AFACB33A60CA473FDD90B5286798487', certificateKinds='(
    "1.2.840.113635.100.6.1.12",
    "1.2.840.113635.100.6.1.2"
), issueDate='2025-01-16 09:51:48 +0000''>', entitlements='(null)', teamID='2536D9AR8F', identifier='org.cocoapods.Charts', executablePath='<DVTFilePath:0x6001fc098ae0:'/Users/ahmedmaher/Library/Developer/Xcode/Archives/2025-01-23/CERQEL_TST 23-01-2025, 11.53 AM.xcarchive/Products/Applications/CERQEL.app/Frameworks/Charts.framework/Charts'>', hardenedRuntime='0'>'> are: {
}
2025-01-23 10:03:03 +0000  Writing entitlements for <IDEDistributionItem: 0x6001fc0abde0; bundleID='org.cocoapods.Charts', path='<DVTFilePath:0x6000b8c4a680:'/Users/ahmedmaher/Library/Developer/Xcode/Archives/2025-01-23/CERQEL_TST 23-01-2025, 11.53 AM.xcarchive/Products/Applications/CERQEL.app/Frameworks/Charts.framework'>', codeSigningInfo='<_DVTCodeSigningInformation_Path: 0x60010c726c60; isSigned='1', isAdHocSigned='0', signingCertificate='<DVTSigningCertificate: 0x6000391c8a80; name='Apple Development: Ahmed Maher (N5M5QPPB69)', hash='FC4EF9E1EDFAE25151A1E6A8911A084FC1B246BC', serialNumber='6AFACB33A60CA473FDD90B5286798487', certificateKinds='(
    "1.2.840.113635.100.6.1.12",
    "1.2.840.113635.100.6.1.2"
), issueDate='2025-01-16 09:51:48 +0000''>', entitlements='(null)', teamID='2536D9AR8F', identifier='org.cocoapods.Charts', executablePath='<DVTFilePath:0x6001fc098ae0:'/Users/ahmedmaher/Library/Developer/Xcode/Archives/2025-01-23/CERQEL_TST 23-01-2025, 11.53 AM.xcarchive/Products/Applications/CERQEL.app/Frameworks/Charts.framework/Charts'>', hardenedRuntime='0'>'> to: /var/folders/c1/scr8lqss6bz1rlk85myhm_jc0000gn/T/XcodeDistPipeline.~~~WsWTzJ/entitlements~~~S59Y3N
2025-01-23 10:03:03 +0000  Running /usr/bin/codesign '-vvv' '--force' '--sign' 'B74E043AB25CE9CDA63E6A99C27C04D4656978A2' '--entitlements' '/var/folders/c1/scr8lqss6bz1rlk85myhm_jc0000gn/T/XcodeDistPipeline.~~~WsWTzJ/entitlements~~~S59Y3N' '--generate-entitlement-der' '--strip-disallowed-xattrs' '--preserve-metadata=identifier,flags,runtime' '/var/folders/c1/scr8lqss6bz1rlk85myhm_jc0000gn/T/XcodeDistPipeline.~~~WsWTzJ/Root/Payload/CERQEL.app/Frameworks/Charts.framework'
2025-01-23 10:03:03 +0000  /var/folders/c1/scr8lqss6bz1rlk85myhm_jc0000gn/T/XcodeDistPipeline.~~~WsWTzJ/Root/Payload/CERQEL.app/Frameworks/Charts.framework: replacing existing signature
2025-01-23 10:03:03 +0000  /var/folders/c1/scr8lqss6bz1rlk85myhm_jc0000gn/T/XcodeDistPipeline.~~~WsWTzJ/Root/Payload/CERQEL.app/Frameworks/Charts.framework: signed bundle with Mach-O thin (arm64) [org.cocoapods.Charts]
2025-01-23 10:03:03 +0000  /usr/bin/codesign exited with 0
2025-01-23 10:03:03 +0000  Entitlements for <IDEDistributionItem: 0x6001fc0b93e0; bundleID='org.cocoapods.CocoaLumberjack', path='<DVTFilePath:0x60014084d200:'/Users/ahmedmaher/Library/Developer/Xcode/Archives/2025-01-23/CERQEL_TST 23-01-2025, 11.53 AM.xcarchive/Products/Applications/CERQEL.app/Frameworks/CocoaLumberjack.framework'>', codeSigningInfo='<_DVTCodeSigningInformation_Path: 0x60010c71a710; isSigned='1', isAdHocSigned='0', signingCertificate='<DVTSigningCertificate: 0x600059e15a40; name='Apple Development: Ahmed Maher (N5M5QPPB69)', hash='FC4EF9E1EDFAE25151A1E6A8911A084FC1B246BC', serialNumber='6AFACB33A60CA473FDD90B5286798487', certificateKinds='(
    "1.2.840.113635.100.6.1.12",
    "1.2.840.113635.100.6.1.2"
), issueDate='2025-01-16 09:51:48 +0000''>', entitlements='(null)', teamID='2536D9AR8F', identifier='org.cocoapods.CocoaLumberjack', executablePath='<DVTFilePath:0x60012cd94930:'/Users/ahmedmaher/Library/Developer/Xcode/Archives/2025-01-23/CERQEL_TST 23-01-2025, 11.53 AM.xcarchive/Products/Applications/CERQEL.app/Frameworks/CocoaLumberjack.framework/CocoaLumberjack'>', hardenedRuntime='0'>'>: {
}
2025-01-23 10:03:03 +0000  Associated App Clip Identifiers Filter: Skipping because "com.apple.developer.associated-appclip-app-identifiers" is not present
2025-01-23 10:03:03 +0000  Entitlements for <IDEDistributionItem: 0x6001fc0b93e0; bundleID='org.cocoapods.CocoaLumberjack', path='<DVTFilePath:0x60014084d200:'/Users/ahmedmaher/Library/Developer/Xcode/Archives/2025-01-23/CERQEL_TST 23-01-2025, 11.53 AM.xcarchive/Products/Applications/CERQEL.app/Frameworks/CocoaLumberjack.framework'>', codeSigningInfo='<_DVTCodeSigningInformation_Path: 0x60010c71a710; isSigned='1', isAdHocSigned='0', signingCertificate='<DVTSigningCertificate: 0x600059e14840; name='Apple Development: Ahmed Maher (N5M5QPPB69)', hash='FC4EF9E1EDFAE25151A1E6A8911A084FC1B246BC', serialNumber='6AFACB33A60CA473FDD90B5286798487', certificateKinds='(
    "1.2.840.113635.100.6.1.12",
    "1.2.840.113635.100.6.1.2"
), issueDate='2025-01-16 09:51:48 +0000''>', entitlements='(null)', teamID='2536D9AR8F', identifier='org.cocoapods.CocoaLumberjack', executablePath='<DVTFilePath:0x60012cd94930:'/Users/ahmedmaher/Library/Developer/Xcode/Archives/2025-01-23/CERQEL_TST 23-01-2025, 11.53 AM.xcarchive/Products/Applications/CERQEL.app/Frameworks/CocoaLumberjack.framework/CocoaLumberjack'>', hardenedRuntime='0'>'> are: {
}
2025-01-23 10:03:03 +0000  Writing entitlements for <IDEDistributionItem: 0x6001fc0b93e0; bundleID='org.cocoapods.CocoaLumberjack', path='<DVTFilePath:0x60014084d200:'/Users/ahmedmaher/Library/Developer/Xcode/Archives/2025-01-23/CERQEL_TST 23-01-2025, 11.53 AM.xcarchive/Products/Applications/CERQEL.app/Frameworks/CocoaLumberjack.framework'>', codeSigningInfo='<_DVTCodeSigningInformation_Path: 0x60010c71a710; isSigned='1', isAdHocSigned='0', signingCertificate='<DVTSigningCertificate: 0x600059e16f40; name='Apple Development: Ahmed Maher (N5M5QPPB69)', hash='FC4EF9E1EDFAE25151A1E6A8911A084FC1B246BC', serialNumber='6AFACB33A60CA473FDD90B5286798487', certificateKinds='(
    "1.2.840.113635.100.6.1.12",
    "1.2.840.113635.100.6.1.2"
), issueDate='2025-01-16 09:51:48 +0000''>', entitlements='(null)', teamID='2536D9AR8F', identifier='org.cocoapods.CocoaLumberjack', executablePath='<DVTFilePath:0x60012cd94930:'/Users/ahmedmaher/Library/Developer/Xcode/Archives/2025-01-23/CERQEL_TST 23-01-2025, 11.53 AM.xcarchive/Products/Applications/CERQEL.app/Frameworks/CocoaLumberjack.framework/CocoaLumberjack'>', hardenedRuntime='0'>'> to: /var/folders/c1/scr8lqss6bz1rlk85myhm_jc0000gn/T/XcodeDistPipeline.~~~WsWTzJ/entitlements~~~CQ7To8
2025-01-23 10:03:03 +0000  Running /usr/bin/codesign '-vvv' '--force' '--sign' 'B74E043AB25CE9CDA63E6A99C27C04D4656978A2' '--entitlements' '/var/folders/c1/scr8lqss6bz1rlk85myhm_jc0000gn/T/XcodeDistPipeline.~~~WsWTzJ/entitlements~~~CQ7To8' '--generate-entitlement-der' '--strip-disallowed-xattrs' '--preserve-metadata=identifier,flags,runtime' '/var/folders/c1/scr8lqss6bz1rlk85myhm_jc0000gn/T/XcodeDistPipeline.~~~WsWTzJ/Root/Payload/CERQEL.app/Frameworks/CocoaLumberjack.framework'
2025-01-23 10:03:03 +0000  /var/folders/c1/scr8lqss6bz1rlk85myhm_jc0000gn/T/XcodeDistPipeline.~~~WsWTzJ/Root/Payload/CERQEL.app/Frameworks/CocoaLumberjack.framework: replacing existing signature
2025-01-23 10:03:03 +0000  /var/folders/c1/scr8lqss6bz1rlk85myhm_jc0000gn/T/XcodeDistPipeline.~~~WsWTzJ/Root/Payload/CERQEL.app/Frameworks/CocoaLumberjack.framework: signed bundle with Mach-O thin (arm64) [org.cocoapods.CocoaLumberjack]
2025-01-23 10:03:03 +0000  /usr/bin/codesign exited with 0
2025-01-23 10:03:03 +0000  Entitlements for <IDEDistributionItem: 0x6000f8e0c000; bundleID='org.cocoapods.Cosmos', path='<DVTFilePath:0x600080facb60:'/Users/ahmedmaher/Library/Developer/Xcode/Archives/2025-01-23/CERQEL_TST 23-01-2025, 11.53 AM.xcarchive/Products/Applications/CERQEL.app/Frameworks/Cosmos.framework'>', codeSigningInfo='<_DVTCodeSigningInformation_Path: 0x6000f845e030; isSigned='1', isAdHocSigned='0', signingCertificate='<DVTSigningCertificate: 0x600059e15a40; name='Apple Development: Ahmed Maher (N5M5QPPB69)', hash='FC4EF9E1EDFAE25151A1E6A8911A084FC1B246BC', serialNumber='6AFACB33A60CA473FDD90B5286798487', certificateKinds='(
    "1.2.840.113635.100.6.1.12",
    "1.2.840.113635.100.6.1.2"
), issueDate='2025-01-16 09:51:48 +0000''>', entitlements='(null)', teamID='2536D9AR8F', identifier='org.cocoapods.Cosmos', executablePath='<DVTFilePath:0x6001fc089800:'/Users/ahmedmaher/Library/Developer/Xcode/Archives/2025-01-23/CERQEL_TST 23-01-2025, 11.53 AM.xcarchive/Products/Applications/CERQEL.app/Frameworks/Cosmos.framework/Cosmos'>', hardenedRuntime='0'>'>: {
}
2025-01-23 10:03:03 +0000  Associated App Clip Identifiers Filter: Skipping because "com.apple.developer.associated-appclip-app-identifiers" is not present
2025-01-23 10:03:03 +0000  Entitlements for <IDEDistributionItem: 0x6000f8e0c000; bundleID='org.cocoapods.Cosmos', path='<DVTFilePath:0x600080facb60:'/Users/ahmedmaher/Library/Developer/Xcode/Archives/2025-01-23/CERQEL_TST 23-01-2025, 11.53 AM.xcarchive/Products/Applications/CERQEL.app/Frameworks/Cosmos.framework'>', codeSigningInfo='<_DVTCodeSigningInformation_Path: 0x6000f845e030; isSigned='1', isAdHocSigned='0', signingCertificate='<DVTSigningCertificate: 0x600059e14840; name='Apple Development: Ahmed Maher (N5M5QPPB69)', hash='FC4EF9E1EDFAE25151A1E6A8911A084FC1B246BC', serialNumber='6AFACB33A60CA473FDD90B5286798487', certificateKinds='(
    "1.2.840.113635.100.6.1.12",
    "1.2.840.113635.100.6.1.2"
), issueDate='2025-01-16 09:51:48 +0000''>', entitlements='(null)', teamID='2536D9AR8F', identifier='org.cocoapods.Cosmos', executablePath='<DVTFilePath:0x6001fc089800:'/Users/ahmedmaher/Library/Developer/Xcode/Archives/2025-01-23/CERQEL_TST 23-01-2025, 11.53 AM.xcarchive/Products/Applications/CERQEL.app/Frameworks/Cosmos.framework/Cosmos'>', hardenedRuntime='0'>'> are: {
}
2025-01-23 10:03:03 +0000  Writing entitlements for <IDEDistributionItem: 0x6000f8e0c000; bundleID='org.cocoapods.Cosmos', path='<DVTFilePath:0x600080facb60:'/Users/ahmedmaher/Library/Developer/Xcode/Archives/2025-01-23/CERQEL_TST 23-01-2025, 11.53 AM.xcarchive/Products/Applications/CERQEL.app/Frameworks/Cosmos.framework'>', codeSigningInfo='<_DVTCodeSigningInformation_Path: 0x6000f845e030; isSigned='1', isAdHocSigned='0', signingCertificate='<DVTSigningCertificate: 0x600059e16f40; name='Apple Development: Ahmed Maher (N5M5QPPB69)', hash='FC4EF9E1EDFAE25151A1E6A8911A084FC1B246BC', serialNumber='6AFACB33A60CA473FDD90B5286798487', certificateKinds='(
    "1.2.840.113635.100.6.1.12",
    "1.2.840.113635.100.6.1.2"
), issueDate='2025-01-16 09:51:48 +0000''>', entitlements='(null)', teamID='2536D9AR8F', identifier='org.cocoapods.Cosmos', executablePath='<DVTFilePath:0x6001fc089800:'/Users/ahmedmaher/Library/Developer/Xcode/Archives/2025-01-23/CERQEL_TST 23-01-2025, 11.53 AM.xcarchive/Products/Applications/CERQEL.app/Frameworks/Cosmos.framework/Cosmos'>', hardenedRuntime='0'>'> to: /var/folders/c1/scr8lqss6bz1rlk85myhm_jc0000gn/T/XcodeDistPipeline.~~~WsWTzJ/entitlements~~~XGy0ej
2025-01-23 10:03:03 +0000  Running /usr/bin/codesign '-vvv' '--force' '--sign' 'B74E043AB25CE9CDA63E6A99C27C04D4656978A2' '--entitlements' '/var/folders/c1/scr8lqss6bz1rlk85myhm_jc0000gn/T/XcodeDistPipeline.~~~WsWTzJ/entitlements~~~XGy0ej' '--generate-entitlement-der' '--strip-disallowed-xattrs' '--preserve-metadata=identifier,flags,runtime' '/var/folders/c1/scr8lqss6bz1rlk85myhm_jc0000gn/T/XcodeDistPipeline.~~~WsWTzJ/Root/Payload/CERQEL.app/Frameworks/Cosmos.framework'
2025-01-23 10:03:03 +0000  /var/folders/c1/scr8lqss6bz1rlk85myhm_jc0000gn/T/XcodeDistPipeline.~~~WsWTzJ/Root/Payload/CERQEL.app/Frameworks/Cosmos.framework: replacing existing signature
2025-01-23 10:03:03 +0000  /var/folders/c1/scr8lqss6bz1rlk85myhm_jc0000gn/T/XcodeDistPipeline.~~~WsWTzJ/Root/Payload/CERQEL.app/Frameworks/Cosmos.framework: signed bundle with Mach-O thin (arm64) [org.cocoapods.Cosmos]
2025-01-23 10:03:03 +0000  /usr/bin/codesign exited with 0
2025-01-23 10:03:03 +0000  Entitlements for <IDEDistributionItem: 0x6001fc0dbae0; bundleID='org.cocoapods.CryptoSwift', path='<DVTFilePath:0x600100fa3870:'/Users/ahmedmaher/Library/Developer/Xcode/Archives/2025-01-23/CERQEL_TST 23-01-2025, 11.53 AM.xcarchive/Products/Applications/CERQEL.app/Frameworks/CryptoSwift.framework'>', codeSigningInfo='<_DVTCodeSigningInformation_Path: 0x60010c406260; isSigned='1', isAdHocSigned='0', signingCertificate='<DVTSigningCertificate: 0x6000991b8780; name='Apple Development: Ahmed Maher (N5M5QPPB69)', hash='FC4EF9E1EDFAE25151A1E6A8911A084FC1B246BC', serialNumber='6AFACB33A60CA473FDD90B5286798487', certificateKinds='(
    "1.2.840.113635.100.6.1.12",
    "1.2.840.113635.100.6.1.2"
), issueDate='2025-01-16 09:51:48 +0000''>', entitlements='(null)', teamID='2536D9AR8F', identifier='org.cocoapods.CryptoSwift', executablePath='<DVTFilePath:0x600248c807e0:'/Users/ahmedmaher/Library/Developer/Xcode/Archives/2025-01-23/CERQEL_TST 23-01-2025, 11.53 AM.xcarchive/Products/Applications/CERQEL.app/Frameworks/CryptoSwift.framework/CryptoSwift'>', hardenedRuntime='0'>'>: {
}
2025-01-23 10:03:03 +0000  Associated App Clip Identifiers Filter: Skipping because "com.apple.developer.associated-appclip-app-identifiers" is not present
2025-01-23 10:03:03 +0000  Entitlements for <IDEDistributionItem: 0x6001fc0dbae0; bundleID='org.cocoapods.CryptoSwift', path='<DVTFilePath:0x600100fa3870:'/Users/ahmedmaher/Library/Developer/Xcode/Archives/2025-01-23/CERQEL_TST 23-01-2025, 11.53 AM.xcarchive/Products/Applications/CERQEL.app/Frameworks/CryptoSwift.framework'>', codeSigningInfo='<_DVTCodeSigningInformation_Path: 0x60010c406260; isSigned='1', isAdHocSigned='0', signingCertificate='<DVTSigningCertificate: 0x600059e15a40; name='Apple Development: Ahmed Maher (N5M5QPPB69)', hash='FC4EF9E1EDFAE25151A1E6A8911A084FC1B246BC', serialNumber='6AFACB33A60CA473FDD90B5286798487', certificateKinds='(
    "1.2.840.113635.100.6.1.12",
    "1.2.840.113635.100.6.1.2"
), issueDate='2025-01-16 09:51:48 +0000''>', entitlements='(null)', teamID='2536D9AR8F', identifier='org.cocoapods.CryptoSwift', executablePath='<DVTFilePath:0x600248c807e0:'/Users/ahmedmaher/Library/Developer/Xcode/Archives/2025-01-23/CERQEL_TST 23-01-2025, 11.53 AM.xcarchive/Products/Applications/CERQEL.app/Frameworks/CryptoSwift.framework/CryptoSwift'>', hardenedRuntime='0'>'> are: {
}
2025-01-23 10:03:03 +0000  Writing entitlements for <IDEDistributionItem: 0x6001fc0dbae0; bundleID='org.cocoapods.CryptoSwift', path='<DVTFilePath:0x600100fa3870:'/Users/ahmedmaher/Library/Developer/Xcode/Archives/2025-01-23/CERQEL_TST 23-01-2025, 11.53 AM.xcarchive/Products/Applications/CERQEL.app/Frameworks/CryptoSwift.framework'>', codeSigningInfo='<_DVTCodeSigningInformation_Path: 0x60010c406260; isSigned='1', isAdHocSigned='0', signingCertificate='<DVTSigningCertificate: 0x600059e14840; name='Apple Development: Ahmed Maher (N5M5QPPB69)', hash='FC4EF9E1EDFAE25151A1E6A8911A084FC1B246BC', serialNumber='6AFACB33A60CA473FDD90B5286798487', certificateKinds='(
    "1.2.840.113635.100.6.1.12",
    "1.2.840.113635.100.6.1.2"
), issueDate='2025-01-16 09:51:48 +0000''>', entitlements='(null)', teamID='2536D9AR8F', identifier='org.cocoapods.CryptoSwift', executablePath='<DVTFilePath:0x600248c807e0:'/Users/ahmedmaher/Library/Developer/Xcode/Archives/2025-01-23/CERQEL_TST 23-01-2025, 11.53 AM.xcarchive/Products/Applications/CERQEL.app/Frameworks/CryptoSwift.framework/CryptoSwift'>', hardenedRuntime='0'>'> to: /var/folders/c1/scr8lqss6bz1rlk85myhm_jc0000gn/T/XcodeDistPipeline.~~~WsWTzJ/entitlements~~~RFzuw9
2025-01-23 10:03:03 +0000  Running /usr/bin/codesign '-vvv' '--force' '--sign' 'B74E043AB25CE9CDA63E6A99C27C04D4656978A2' '--entitlements' '/var/folders/c1/scr8lqss6bz1rlk85myhm_jc0000gn/T/XcodeDistPipeline.~~~WsWTzJ/entitlements~~~RFzuw9' '--generate-entitlement-der' '--strip-disallowed-xattrs' '--preserve-metadata=identifier,flags,runtime' '/var/folders/c1/scr8lqss6bz1rlk85myhm_jc0000gn/T/XcodeDistPipeline.~~~WsWTzJ/Root/Payload/CERQEL.app/Frameworks/CryptoSwift.framework'
2025-01-23 10:03:03 +0000  /var/folders/c1/scr8lqss6bz1rlk85myhm_jc0000gn/T/XcodeDistPipeline.~~~WsWTzJ/Root/Payload/CERQEL.app/Frameworks/CryptoSwift.framework: replacing existing signature
2025-01-23 10:03:03 +0000  /var/folders/c1/scr8lqss6bz1rlk85myhm_jc0000gn/T/XcodeDistPipeline.~~~WsWTzJ/Root/Payload/CERQEL.app/Frameworks/CryptoSwift.framework: signed bundle with Mach-O thin (arm64) [org.cocoapods.CryptoSwift]
2025-01-23 10:03:03 +0000  /usr/bin/codesign exited with 0
2025-01-23 10:03:03 +0000  Entitlements for <IDEDistributionItem: 0x6001fc0dcd20; bundleID='org.cocoapods.DRPLoadingSpinner', path='<DVTFilePath:0x60014084c880:'/Users/ahmedmaher/Library/Developer/Xcode/Archives/2025-01-23/CERQEL_TST 23-01-2025, 11.53 AM.xcarchive/Products/Applications/CERQEL.app/Frameworks/DRPLoadingSpinner.framework'>', codeSigningInfo='<_DVTCodeSigningInformation_Path: 0x60010c72e260; isSigned='1', isAdHocSigned='0', signingCertificate='<DVTSigningCertificate: 0x6000991b8780; name='Apple Development: Ahmed Maher (N5M5QPPB69)', hash='FC4EF9E1EDFAE25151A1E6A8911A084FC1B246BC', serialNumber='6AFACB33A60CA473FDD90B5286798487', certificateKinds='(
    "1.2.840.113635.100.6.1.12",
    "1.2.840.113635.100.6.1.2"
), issueDate='2025-01-16 09:51:48 +0000''>', entitlements='(null)', teamID='2536D9AR8F', identifier='org.cocoapods.DRPLoadingSpinner', executablePath='<DVTFilePath:0x60012cccb090:'/Users/ahmedmaher/Library/Developer/Xcode/Archives/2025-01-23/CERQEL_TST 23-01-2025, 11.53 AM.xcarchive/Products/Applications/CERQEL.app/Frameworks/DRPLoadingSpinner.framework/DRPLoadingSpinner'>', hardenedRuntime='0'>'>: {
}
2025-01-23 10:03:03 +0000  Associated App Clip Identifiers Filter: Skipping because "com.apple.developer.associated-appclip-app-identifiers" is not present
2025-01-23 10:03:03 +0000  Entitlements for <IDEDistributionItem: 0x6001fc0dcd20; bundleID='org.cocoapods.DRPLoadingSpinner', path='<DVTFilePath:0x60014084c880:'/Users/ahmedmaher/Library/Developer/Xcode/Archives/2025-01-23/CERQEL_TST 23-01-2025, 11.53 AM.xcarchive/Products/Applications/CERQEL.app/Frameworks/DRPLoadingSpinner.framework'>', codeSigningInfo='<_DVTCodeSigningInformation_Path: 0x60010c72e260; isSigned='1', isAdHocSigned='0', signingCertificate='<DVTSigningCertificate: 0x6000391c9f80; name='Apple Development: Ahmed Maher (N5M5QPPB69)', hash='FC4EF9E1EDFAE25151A1E6A8911A084FC1B246BC', serialNumber='6AFACB33A60CA473FDD90B5286798487', certificateKinds='(
    "1.2.840.113635.100.6.1.12",
    "1.2.840.113635.100.6.1.2"
), issueDate='2025-01-16 09:51:48 +0000''>', entitlements='(null)', teamID='2536D9AR8F', identifier='org.cocoapods.DRPLoadingSpinner', executablePath='<DVTFilePath:0x60012cccb090:'/Users/ahmedmaher/Library/Developer/Xcode/Archives/2025-01-23/CERQEL_TST 23-01-2025, 11.53 AM.xcarchive/Products/Applications/CERQEL.app/Frameworks/DRPLoadingSpinner.framework/DRPLoadingSpinner'>', hardenedRuntime='0'>'> are: {
}
2025-01-23 10:03:03 +0000  Writing entitlements for <IDEDistributionItem: 0x6001fc0dcd20; bundleID='org.cocoapods.DRPLoadingSpinner', path='<DVTFilePath:0x60014084c880:'/Users/ahmedmaher/Library/Developer/Xcode/Archives/2025-01-23/CERQEL_TST 23-01-2025, 11.53 AM.xcarchive/Products/Applications/CERQEL.app/Frameworks/DRPLoadingSpinner.framework'>', codeSigningInfo='<_DVTCodeSigningInformation_Path: 0x60010c72e260; isSigned='1', isAdHocSigned='0', signingCertificate='<DVTSigningCertificate: 0x6000391c8900; name='Apple Development: Ahmed Maher (N5M5QPPB69)', hash='FC4EF9E1EDFAE25151A1E6A8911A084FC1B246BC', serialNumber='6AFACB33A60CA473FDD90B5286798487', certificateKinds='(
    "1.2.840.113635.100.6.1.12",
    "1.2.840.113635.100.6.1.2"
), issueDate='2025-01-16 09:51:48 +0000''>', entitlements='(null)', teamID='2536D9AR8F', identifier='org.cocoapods.DRPLoadingSpinner', executablePath='<DVTFilePath:0x60012cccb090:'/Users/ahmedmaher/Library/Developer/Xcode/Archives/2025-01-23/CERQEL_TST 23-01-2025, 11.53 AM.xcarchive/Products/Applications/CERQEL.app/Frameworks/DRPLoadingSpinner.framework/DRPLoadingSpinner'>', hardenedRuntime='0'>'> to: /var/folders/c1/scr8lqss6bz1rlk85myhm_jc0000gn/T/XcodeDistPipeline.~~~WsWTzJ/entitlements~~~VtSfqE
2025-01-23 10:03:03 +0000  Running /usr/bin/codesign '-vvv' '--force' '--sign' 'B74E043AB25CE9CDA63E6A99C27C04D4656978A2' '--entitlements' '/var/folders/c1/scr8lqss6bz1rlk85myhm_jc0000gn/T/XcodeDistPipeline.~~~WsWTzJ/entitlements~~~VtSfqE' '--generate-entitlement-der' '--strip-disallowed-xattrs' '--preserve-metadata=identifier,flags,runtime' '/var/folders/c1/scr8lqss6bz1rlk85myhm_jc0000gn/T/XcodeDistPipeline.~~~WsWTzJ/Root/Payload/CERQEL.app/Frameworks/DRPLoadingSpinner.framework'
2025-01-23 10:03:03 +0000  /var/folders/c1/scr8lqss6bz1rlk85myhm_jc0000gn/T/XcodeDistPipeline.~~~WsWTzJ/Root/Payload/CERQEL.app/Frameworks/DRPLoadingSpinner.framework: replacing existing signature
2025-01-23 10:03:03 +0000  /var/folders/c1/scr8lqss6bz1rlk85myhm_jc0000gn/T/XcodeDistPipeline.~~~WsWTzJ/Root/Payload/CERQEL.app/Frameworks/DRPLoadingSpinner.framework: signed bundle with Mach-O thin (arm64) [org.cocoapods.DRPLoadingSpinner]
2025-01-23 10:03:03 +0000  /usr/bin/codesign exited with 0
2025-01-23 10:03:03 +0000  Entitlements for <IDEDistributionItem: 0x6001fc0dc5a0; bundleID='org.cocoapods.DropDown', path='<DVTFilePath:0x600100fa0540:'/Users/ahmedmaher/Library/Developer/Xcode/Archives/2025-01-23/CERQEL_TST 23-01-2025, 11.53 AM.xcarchive/Products/Applications/CERQEL.app/Frameworks/DropDown.framework'>', codeSigningInfo='<_DVTCodeSigningInformation_Path: 0x6000d82e7200; isSigned='1', isAdHocSigned='0', signingCertificate='<DVTSigningCertificate: 0x600059e15a40; name='Apple Development: Ahmed Maher (N5M5QPPB69)', hash='FC4EF9E1EDFAE25151A1E6A8911A084FC1B246BC', serialNumber='6AFACB33A60CA473FDD90B5286798487', certificateKinds='(
    "1.2.840.113635.100.6.1.12",
    "1.2.840.113635.100.6.1.2"
), issueDate='2025-01-16 09:51:48 +0000''>', entitlements='(null)', teamID='2536D9AR8F', identifier='org.cocoapods.DropDown', executablePath='<DVTFilePath:0x60012ccc11f0:'/Users/ahmedmaher/Library/Developer/Xcode/Archives/2025-01-23/CERQEL_TST 23-01-2025, 11.53 AM.xcarchive/Products/Applications/CERQEL.app/Frameworks/DropDown.framework/DropDown'>', hardenedRuntime='0'>'>: {
}
2025-01-23 10:03:03 +0000  Associated App Clip Identifiers Filter: Skipping because "com.apple.developer.associated-appclip-app-identifiers" is not present
2025-01-23 10:03:03 +0000  Entitlements for <IDEDistributionItem: 0x6001fc0dc5a0; bundleID='org.cocoapods.DropDown', path='<DVTFilePath:0x600100fa0540:'/Users/ahmedmaher/Library/Developer/Xcode/Archives/2025-01-23/CERQEL_TST 23-01-2025, 11.53 AM.xcarchive/Products/Applications/CERQEL.app/Frameworks/DropDown.framework'>', codeSigningInfo='<_DVTCodeSigningInformation_Path: 0x6000d82e7200; isSigned='1', isAdHocSigned='0', signingCertificate='<DVTSigningCertificate: 0x600059e14840; name='Apple Development: Ahmed Maher (N5M5QPPB69)', hash='FC4EF9E1EDFAE25151A1E6A8911A084FC1B246BC', serialNumber='6AFACB33A60CA473FDD90B5286798487', certificateKinds='(
    "1.2.840.113635.100.6.1.12",
    "1.2.840.113635.100.6.1.2"
), issueDate='2025-01-16 09:51:48 +0000''>', entitlements='(null)', teamID='2536D9AR8F', identifier='org.cocoapods.DropDown', executablePath='<DVTFilePath:0x60012ccc11f0:'/Users/ahmedmaher/Library/Developer/Xcode/Archives/2025-01-23/CERQEL_TST 23-01-2025, 11.53 AM.xcarchive/Products/Applications/CERQEL.app/Frameworks/DropDown.framework/DropDown'>', hardenedRuntime='0'>'> are: {
}
2025-01-23 10:03:03 +0000  Writing entitlements for <IDEDistributionItem: 0x6001fc0dc5a0; bundleID='org.cocoapods.DropDown', path='<DVTFilePath:0x600100fa0540:'/Users/ahmedmaher/Library/Developer/Xcode/Archives/2025-01-23/CERQEL_TST 23-01-2025, 11.53 AM.xcarchive/Products/Applications/CERQEL.app/Frameworks/DropDown.framework'>', codeSigningInfo='<_DVTCodeSigningInformation_Path: 0x6000d82e7200; isSigned='1', isAdHocSigned='0', signingCertificate='<DVTSigningCertificate: 0x6000991b8780; name='Apple Development: Ahmed Maher (N5M5QPPB69)', hash='FC4EF9E1EDFAE25151A1E6A8911A084FC1B246BC', serialNumber='6AFACB33A60CA473FDD90B5286798487', certificateKinds='(
    "1.2.840.113635.100.6.1.12",
    "1.2.840.113635.100.6.1.2"
), issueDate='2025-01-16 09:51:48 +0000''>', entitlements='(null)', teamID='2536D9AR8F', identifier='org.cocoapods.DropDown', executablePath='<DVTFilePath:0x60012ccc11f0:'/Users/ahmedmaher/Library/Developer/Xcode/Archives/2025-01-23/CERQEL_TST 23-01-2025, 11.53 AM.xcarchive/Products/Applications/CERQEL.app/Frameworks/DropDown.framework/DropDown'>', hardenedRuntime='0'>'> to: /var/folders/c1/scr8lqss6bz1rlk85myhm_jc0000gn/T/XcodeDistPipeline.~~~WsWTzJ/entitlements~~~lqTfhP
2025-01-23 10:03:03 +0000  Running /usr/bin/codesign '-vvv' '--force' '--sign' 'B74E043AB25CE9CDA63E6A99C27C04D4656978A2' '--entitlements' '/var/folders/c1/scr8lqss6bz1rlk85myhm_jc0000gn/T/XcodeDistPipeline.~~~WsWTzJ/entitlements~~~lqTfhP' '--generate-entitlement-der' '--strip-disallowed-xattrs' '--preserve-metadata=identifier,flags,runtime' '/var/folders/c1/scr8lqss6bz1rlk85myhm_jc0000gn/T/XcodeDistPipeline.~~~WsWTzJ/Root/Payload/CERQEL.app/Frameworks/DropDown.framework'
2025-01-23 10:03:03 +0000  /var/folders/c1/scr8lqss6bz1rlk85myhm_jc0000gn/T/XcodeDistPipeline.~~~WsWTzJ/Root/Payload/CERQEL.app/Frameworks/DropDown.framework: replacing existing signature
2025-01-23 10:03:03 +0000  /var/folders/c1/scr8lqss6bz1rlk85myhm_jc0000gn/T/XcodeDistPipeline.~~~WsWTzJ/Root/Payload/CERQEL.app/Frameworks/DropDown.framework: signed bundle with Mach-O thin (arm64) [org.cocoapods.DropDown]
2025-01-23 10:03:03 +0000  /usr/bin/codesign exited with 0
2025-01-23 10:03:03 +0000  Entitlements for <IDEDistributionItem: 0x6000f8e0ccc0; bundleID='org.cocoapods.DynamicBlurView', path='<DVTFilePath:0x60007c90ac80:'/Users/ahmedmaher/Library/Developer/Xcode/Archives/2025-01-23/CERQEL_TST 23-01-2025, 11.53 AM.xcarchive/Products/Applications/CERQEL.app/Frameworks/DynamicBlurView.framework'>', codeSigningInfo='<_DVTCodeSigningInformation_Path: 0x6000d8309590; isSigned='1', isAdHocSigned='0', signingCertificate='<DVTSigningCertificate: 0x600059e15a40; name='Apple Development: Ahmed Maher (N5M5QPPB69)', hash='FC4EF9E1EDFAE25151A1E6A8911A084FC1B246BC', serialNumber='6AFACB33A60CA473FDD90B5286798487', certificateKinds='(
    "1.2.840.113635.100.6.1.12",
    "1.2.840.113635.100.6.1.2"
), issueDate='2025-01-16 09:51:48 +0000''>', entitlements='(null)', teamID='2536D9AR8F', identifier='org.cocoapods.DynamicBlurView', executablePath='<DVTFilePath:0x600248c801c0:'/Users/ahmedmaher/Library/Developer/Xcode/Archives/2025-01-23/CERQEL_TST 23-01-2025, 11.53 AM.xcarchive/Products/Applications/CERQEL.app/Frameworks/DynamicBlurView.framework/DynamicBlurView'>', hardenedRuntime='0'>'>: {
}
2025-01-23 10:03:03 +0000  Associated App Clip Identifiers Filter: Skipping because "com.apple.developer.associated-appclip-app-identifiers" is not present
2025-01-23 10:03:03 +0000  Entitlements for <IDEDistributionItem: 0x6000f8e0ccc0; bundleID='org.cocoapods.DynamicBlurView', path='<DVTFilePath:0x60007c90ac80:'/Users/ahmedmaher/Library/Developer/Xcode/Archives/2025-01-23/CERQEL_TST 23-01-2025, 11.53 AM.xcarchive/Products/Applications/CERQEL.app/Frameworks/DynamicBlurView.framework'>', codeSigningInfo='<_DVTCodeSigningInformation_Path: 0x6000d8309590; isSigned='1', isAdHocSigned='0', signingCertificate='<DVTSigningCertificate: 0x600059e14840; name='Apple Development: Ahmed Maher (N5M5QPPB69)', hash='FC4EF9E1EDFAE25151A1E6A8911A084FC1B246BC', serialNumber='6AFACB33A60CA473FDD90B5286798487', certificateKinds='(
    "1.2.840.113635.100.6.1.12",
    "1.2.840.113635.100.6.1.2"
), issueDate='2025-01-16 09:51:48 +0000''>', entitlements='(null)', teamID='2536D9AR8F', identifier='org.cocoapods.DynamicBlurView', executablePath='<DVTFilePath:0x600248c801c0:'/Users/ahmedmaher/Library/Developer/Xcode/Archives/2025-01-23/CERQEL_TST 23-01-2025, 11.53 AM.xcarchive/Products/Applications/CERQEL.app/Frameworks/DynamicBlurView.framework/DynamicBlurView'>', hardenedRuntime='0'>'> are: {
}
2025-01-23 10:03:03 +0000  Writing entitlements for <IDEDistributionItem: 0x6000f8e0ccc0; bundleID='org.cocoapods.DynamicBlurView', path='<DVTFilePath:0x60007c90ac80:'/Users/ahmedmaher/Library/Developer/Xcode/Archives/2025-01-23/CERQEL_TST 23-01-2025, 11.53 AM.xcarchive/Products/Applications/CERQEL.app/Frameworks/DynamicBlurView.framework'>', codeSigningInfo='<_DVTCodeSigningInformation_Path: 0x6000d8309590; isSigned='1', isAdHocSigned='0', signingCertificate='<DVTSigningCertificate: 0x600059e16f40; name='Apple Development: Ahmed Maher (N5M5QPPB69)', hash='FC4EF9E1EDFAE25151A1E6A8911A084FC1B246BC', serialNumber='6AFACB33A60CA473FDD90B5286798487', certificateKinds='(
    "1.2.840.113635.100.6.1.12",
    "1.2.840.113635.100.6.1.2"
), issueDate='2025-01-16 09:51:48 +0000''>', entitlements='(null)', teamID='2536D9AR8F', identifier='org.cocoapods.DynamicBlurView', executablePath='<DVTFilePath:0x600248c801c0:'/Users/ahmedmaher/Library/Developer/Xcode/Archives/2025-01-23/CERQEL_TST 23-01-2025, 11.53 AM.xcarchive/Products/Applications/CERQEL.app/Frameworks/DynamicBlurView.framework/DynamicBlurView'>', hardenedRuntime='0'>'> to: /var/folders/c1/scr8lqss6bz1rlk85myhm_jc0000gn/T/XcodeDistPipeline.~~~WsWTzJ/entitlements~~~zDgRmt
2025-01-23 10:03:03 +0000  Running /usr/bin/codesign '-vvv' '--force' '--sign' 'B74E043AB25CE9CDA63E6A99C27C04D4656978A2' '--entitlements' '/var/folders/c1/scr8lqss6bz1rlk85myhm_jc0000gn/T/XcodeDistPipeline.~~~WsWTzJ/entitlements~~~zDgRmt' '--generate-entitlement-der' '--strip-disallowed-xattrs' '--preserve-metadata=identifier,flags,runtime' '/var/folders/c1/scr8lqss6bz1rlk85myhm_jc0000gn/T/XcodeDistPipeline.~~~WsWTzJ/Root/Payload/CERQEL.app/Frameworks/DynamicBlurView.framework'
2025-01-23 10:03:03 +0000  /var/folders/c1/scr8lqss6bz1rlk85myhm_jc0000gn/T/XcodeDistPipeline.~~~WsWTzJ/Root/Payload/CERQEL.app/Frameworks/DynamicBlurView.framework: replacing existing signature
2025-01-23 10:03:04 +0000  /var/folders/c1/scr8lqss6bz1rlk85myhm_jc0000gn/T/XcodeDistPipeline.~~~WsWTzJ/Root/Payload/CERQEL.app/Frameworks/DynamicBlurView.framework: signed bundle with Mach-O thin (arm64) [org.cocoapods.DynamicBlurView]
2025-01-23 10:03:04 +0000  /usr/bin/codesign exited with 0
2025-01-23 10:03:04 +0000  Entitlements for <IDEDistributionItem: 0x6001fc0c3660; bundleID='org.cocoapods.EFQRCode', path='<DVTFilePath:0x600080f934f0:'/Users/ahmedmaher/Library/Developer/Xcode/Archives/2025-01-23/CERQEL_TST 23-01-2025, 11.53 AM.xcarchive/Products/Applications/CERQEL.app/Frameworks/EFQRCode.framework'>', codeSigningInfo='<_DVTCodeSigningInformation_Path: 0x60010c706a80; isSigned='1', isAdHocSigned='0', signingCertificate='<DVTSigningCertificate: 0x6000991b9200; name='Apple Development: Ahmed Maher (N5M5QPPB69)', hash='FC4EF9E1EDFAE25151A1E6A8911A084FC1B246BC', serialNumber='6AFACB33A60CA473FDD90B5286798487', certificateKinds='(
    "1.2.840.113635.100.6.1.12",
    "1.2.840.113635.100.6.1.2"
), issueDate='2025-01-16 09:51:48 +0000''>', entitlements='(null)', teamID='2536D9AR8F', identifier='org.cocoapods.EFQRCode', executablePath='<DVTFilePath:0x60012cc7dea0:'/Users/ahmedmaher/Library/Developer/Xcode/Archives/2025-01-23/CERQEL_TST 23-01-2025, 11.53 AM.xcarchive/Products/Applications/CERQEL.app/Frameworks/EFQRCode.framework/EFQRCode'>', hardenedRuntime='0'>'>: {
}
2025-01-23 10:03:04 +0000  Associated App Clip Identifiers Filter: Skipping because "com.apple.developer.associated-appclip-app-identifiers" is not present
2025-01-23 10:03:04 +0000  Entitlements for <IDEDistributionItem: 0x6001fc0c3660; bundleID='org.cocoapods.EFQRCode', path='<DVTFilePath:0x600080f934f0:'/Users/ahmedmaher/Library/Developer/Xcode/Archives/2025-01-23/CERQEL_TST 23-01-2025, 11.53 AM.xcarchive/Products/Applications/CERQEL.app/Frameworks/EFQRCode.framework'>', codeSigningInfo='<_DVTCodeSigningInformation_Path: 0x60010c706a80; isSigned='1', isAdHocSigned='0', signingCertificate='<DVTSigningCertificate: 0x6000991b9800; name='Apple Development: Ahmed Maher (N5M5QPPB69)', hash='FC4EF9E1EDFAE25151A1E6A8911A084FC1B246BC', serialNumber='6AFACB33A60CA473FDD90B5286798487', certificateKinds='(
    "1.2.840.113635.100.6.1.12",
    "1.2.840.113635.100.6.1.2"
), issueDate='2025-01-16 09:51:48 +0000''>', entitlements='(null)', teamID='2536D9AR8F', identifier='org.cocoapods.EFQRCode', executablePath='<DVTFilePath:0x60012cc7dea0:'/Users/ahmedmaher/Library/Developer/Xcode/Archives/2025-01-23/CERQEL_TST 23-01-2025, 11.53 AM.xcarchive/Products/Applications/CERQEL.app/Frameworks/EFQRCode.framework/EFQRCode'>', hardenedRuntime='0'>'> are: {
}
2025-01-23 10:03:04 +0000  Writing entitlements for <IDEDistributionItem: 0x6001fc0c3660; bundleID='org.cocoapods.EFQRCode', path='<DVTFilePath:0x600080f934f0:'/Users/ahmedmaher/Library/Developer/Xcode/Archives/2025-01-23/CERQEL_TST 23-01-2025, 11.53 AM.xcarchive/Products/Applications/CERQEL.app/Frameworks/EFQRCode.framework'>', codeSigningInfo='<_DVTCodeSigningInformation_Path: 0x60010c706a80; isSigned='1', isAdHocSigned='0', signingCertificate='<DVTSigningCertificate: 0x6000991b92c0; name='Apple Development: Ahmed Maher (N5M5QPPB69)', hash='FC4EF9E1EDFAE25151A1E6A8911A084FC1B246BC', serialNumber='6AFACB33A60CA473FDD90B5286798487', certificateKinds='(
    "1.2.840.113635.100.6.1.12",
    "1.2.840.113635.100.6.1.2"
), issueDate='2025-01-16 09:51:48 +0000''>', entitlements='(null)', teamID='2536D9AR8F', identifier='org.cocoapods.EFQRCode', executablePath='<DVTFilePath:0x60012cc7dea0:'/Users/ahmedmaher/Library/Developer/Xcode/Archives/2025-01-23/CERQEL_TST 23-01-2025, 11.53 AM.xcarchive/Products/Applications/CERQEL.app/Frameworks/EFQRCode.framework/EFQRCode'>', hardenedRuntime='0'>'> to: /var/folders/c1/scr8lqss6bz1rlk85myhm_jc0000gn/T/XcodeDistPipeline.~~~WsWTzJ/entitlements~~~vXjecr
2025-01-23 10:03:04 +0000  Running /usr/bin/codesign '-vvv' '--force' '--sign' 'B74E043AB25CE9CDA63E6A99C27C04D4656978A2' '--entitlements' '/var/folders/c1/scr8lqss6bz1rlk85myhm_jc0000gn/T/XcodeDistPipeline.~~~WsWTzJ/entitlements~~~vXjecr' '--generate-entitlement-der' '--strip-disallowed-xattrs' '--preserve-metadata=identifier,flags,runtime' '/var/folders/c1/scr8lqss6bz1rlk85myhm_jc0000gn/T/XcodeDistPipeline.~~~WsWTzJ/Root/Payload/CERQEL.app/Frameworks/EFQRCode.framework'
2025-01-23 10:03:04 +0000  /var/folders/c1/scr8lqss6bz1rlk85myhm_jc0000gn/T/XcodeDistPipeline.~~~WsWTzJ/Root/Payload/CERQEL.app/Frameworks/EFQRCode.framework: replacing existing signature
2025-01-23 10:03:04 +0000  /var/folders/c1/scr8lqss6bz1rlk85myhm_jc0000gn/T/XcodeDistPipeline.~~~WsWTzJ/Root/Payload/CERQEL.app/Frameworks/EFQRCode.framework: signed bundle with Mach-O thin (arm64) [org.cocoapods.EFQRCode]
2025-01-23 10:03:04 +0000  /usr/bin/codesign exited with 0
2025-01-23 10:03:04 +0000  Entitlements for <IDEDistributionItem: 0x6001fc0c0420; bundleID='org.cocoapods.EasyTipView', path='<DVTFilePath:0x60012cda23e0:'/Users/ahmedmaher/Library/Developer/Xcode/Archives/2025-01-23/CERQEL_TST 23-01-2025, 11.53 AM.xcarchive/Products/Applications/CERQEL.app/Frameworks/EasyTipView.framework'>', codeSigningInfo='<_DVTCodeSigningInformation_Path: 0x6000d8309db0; isSigned='1', isAdHocSigned='0', signingCertificate='<DVTSigningCertificate: 0x6000991b9200; name='Apple Development: Ahmed Maher (N5M5QPPB69)', hash='FC4EF9E1EDFAE25151A1E6A8911A084FC1B246BC', serialNumber='6AFACB33A60CA473FDD90B5286798487', certificateKinds='(
    "1.2.840.113635.100.6.1.12",
    "1.2.840.113635.100.6.1.2"
), issueDate='2025-01-16 09:51:48 +0000''>', entitlements='(null)', teamID='2536D9AR8F', identifier='org.cocoapods.EasyTipView', executablePath='<DVTFilePath:0x60012cccbdb0:'/Users/ahmedmaher/Library/Developer/Xcode/Archives/2025-01-23/CERQEL_TST 23-01-2025, 11.53 AM.xcarchive/Products/Applications/CERQEL.app/Frameworks/EasyTipView.framework/EasyTipView'>', hardenedRuntime='0'>'>: {
}
2025-01-23 10:03:04 +0000  Associated App Clip Identifiers Filter: Skipping because "com.apple.developer.associated-appclip-app-identifiers" is not present
2025-01-23 10:03:04 +0000  Entitlements for <IDEDistributionItem: 0x6001fc0c0420; bundleID='org.cocoapods.EasyTipView', path='<DVTFilePath:0x60012cda23e0:'/Users/ahmedmaher/Library/Developer/Xcode/Archives/2025-01-23/CERQEL_TST 23-01-2025, 11.53 AM.xcarchive/Products/Applications/CERQEL.app/Frameworks/EasyTipView.framework'>', codeSigningInfo='<_DVTCodeSigningInformation_Path: 0x6000d8309db0; isSigned='1', isAdHocSigned='0', signingCertificate='<DVTSigningCertificate: 0x6000991b9800; name='Apple Development: Ahmed Maher (N5M5QPPB69)', hash='FC4EF9E1EDFAE25151A1E6A8911A084FC1B246BC', serialNumber='6AFACB33A60CA473FDD90B5286798487', certificateKinds='(
    "1.2.840.113635.100.6.1.12",
    "1.2.840.113635.100.6.1.2"
), issueDate='2025-01-16 09:51:48 +0000''>', entitlements='(null)', teamID='2536D9AR8F', identifier='org.cocoapods.EasyTipView', executablePath='<DVTFilePath:0x60012cccbdb0:'/Users/ahmedmaher/Library/Developer/Xcode/Archives/2025-01-23/CERQEL_TST 23-01-2025, 11.53 AM.xcarchive/Products/Applications/CERQEL.app/Frameworks/EasyTipView.framework/EasyTipView'>', hardenedRuntime='0'>'> are: {
}
2025-01-23 10:03:04 +0000  Writing entitlements for <IDEDistributionItem: 0x6001fc0c0420; bundleID='org.cocoapods.EasyTipView', path='<DVTFilePath:0x60012cda23e0:'/Users/ahmedmaher/Library/Developer/Xcode/Archives/2025-01-23/CERQEL_TST 23-01-2025, 11.53 AM.xcarchive/Products/Applications/CERQEL.app/Frameworks/EasyTipView.framework'>', codeSigningInfo='<_DVTCodeSigningInformation_Path: 0x6000d8309db0; isSigned='1', isAdHocSigned='0', signingCertificate='<DVTSigningCertificate: 0x6000991b92c0; name='Apple Development: Ahmed Maher (N5M5QPPB69)', hash='FC4EF9E1EDFAE25151A1E6A8911A084FC1B246BC', serialNumber='6AFACB33A60CA473FDD90B5286798487', certificateKinds='(
    "1.2.840.113635.100.6.1.12",
    "1.2.840.113635.100.6.1.2"
), issueDate='2025-01-16 09:51:48 +0000''>', entitlements='(null)', teamID='2536D9AR8F', identifier='org.cocoapods.EasyTipView', executablePath='<DVTFilePath:0x60012cccbdb0:'/Users/ahmedmaher/Library/Developer/Xcode/Archives/2025-01-23/CERQEL_TST 23-01-2025, 11.53 AM.xcarchive/Products/Applications/CERQEL.app/Frameworks/EasyTipView.framework/EasyTipView'>', hardenedRuntime='0'>'> to: /var/folders/c1/scr8lqss6bz1rlk85myhm_jc0000gn/T/XcodeDistPipeline.~~~WsWTzJ/entitlements~~~oqq9H2
2025-01-23 10:03:04 +0000  Running /usr/bin/codesign '-vvv' '--force' '--sign' 'B74E043AB25CE9CDA63E6A99C27C04D4656978A2' '--entitlements' '/var/folders/c1/scr8lqss6bz1rlk85myhm_jc0000gn/T/XcodeDistPipeline.~~~WsWTzJ/entitlements~~~oqq9H2' '--generate-entitlement-der' '--strip-disallowed-xattrs' '--preserve-metadata=identifier,flags,runtime' '/var/folders/c1/scr8lqss6bz1rlk85myhm_jc0000gn/T/XcodeDistPipeline.~~~WsWTzJ/Root/Payload/CERQEL.app/Frameworks/EasyTipView.framework'
2025-01-23 10:03:04 +0000  /var/folders/c1/scr8lqss6bz1rlk85myhm_jc0000gn/T/XcodeDistPipeline.~~~WsWTzJ/Root/Payload/CERQEL.app/Frameworks/EasyTipView.framework: replacing existing signature
2025-01-23 10:03:04 +0000  /var/folders/c1/scr8lqss6bz1rlk85myhm_jc0000gn/T/XcodeDistPipeline.~~~WsWTzJ/Root/Payload/CERQEL.app/Frameworks/EasyTipView.framework: signed bundle with Mach-O thin (arm64) [org.cocoapods.EasyTipView]
2025-01-23 10:03:04 +0000  /usr/bin/codesign exited with 0
2025-01-23 10:03:04 +0000  Entitlements for <IDEDistributionItem: 0x6000c0e27000; bundleID='org.cocoapods.Expression', path='<DVTFilePath:0x600080f918f0:'/Users/ahmedmaher/Library/Developer/Xcode/Archives/2025-01-23/CERQEL_TST 23-01-2025, 11.53 AM.xcarchive/Products/Applications/CERQEL.app/Frameworks/Expression.framework'>', codeSigningInfo='<_DVTCodeSigningInformation_Path: 0x60010c542080; isSigned='1', isAdHocSigned='0', signingCertificate='<DVTSigningCertificate: 0x600059e15a40; name='Apple Development: Ahmed Maher (N5M5QPPB69)', hash='FC4EF9E1EDFAE25151A1E6A8911A084FC1B246BC', serialNumber='6AFACB33A60CA473FDD90B5286798487', certificateKinds='(
    "1.2.840.113635.100.6.1.12",
    "1.2.840.113635.100.6.1.2"
), issueDate='2025-01-16 09:51:48 +0000''>', entitlements='(null)', teamID='2536D9AR8F', identifier='org.cocoapods.Expression', executablePath='<DVTFilePath:0x600248c805b0:'/Users/ahmedmaher/Library/Developer/Xcode/Archives/2025-01-23/CERQEL_TST 23-01-2025, 11.53 AM.xcarchive/Products/Applications/CERQEL.app/Frameworks/Expression.framework/Expression'>', hardenedRuntime='0'>'>: {
}
2025-01-23 10:03:04 +0000  Associated App Clip Identifiers Filter: Skipping because "com.apple.developer.associated-appclip-app-identifiers" is not present
2025-01-23 10:03:04 +0000  Entitlements for <IDEDistributionItem: 0x6000c0e27000; bundleID='org.cocoapods.Expression', path='<DVTFilePath:0x600080f918f0:'/Users/ahmedmaher/Library/Developer/Xcode/Archives/2025-01-23/CERQEL_TST 23-01-2025, 11.53 AM.xcarchive/Products/Applications/CERQEL.app/Frameworks/Expression.framework'>', codeSigningInfo='<_DVTCodeSigningInformation_Path: 0x60010c542080; isSigned='1', isAdHocSigned='0', signingCertificate='<DVTSigningCertificate: 0x6000991b9200; name='Apple Development: Ahmed Maher (N5M5QPPB69)', hash='FC4EF9E1EDFAE25151A1E6A8911A084FC1B246BC', serialNumber='6AFACB33A60CA473FDD90B5286798487', certificateKinds='(
    "1.2.840.113635.100.6.1.12",
    "1.2.840.113635.100.6.1.2"
), issueDate='2025-01-16 09:51:48 +0000''>', entitlements='(null)', teamID='2536D9AR8F', identifier='org.cocoapods.Expression', executablePath='<DVTFilePath:0x600248c805b0:'/Users/ahmedmaher/Library/Developer/Xcode/Archives/2025-01-23/CERQEL_TST 23-01-2025, 11.53 AM.xcarchive/Products/Applications/CERQEL.app/Frameworks/Expression.framework/Expression'>', hardenedRuntime='0'>'> are: {
}
2025-01-23 10:03:04 +0000  Writing entitlements for <IDEDistributionItem: 0x6000c0e27000; bundleID='org.cocoapods.Expression', path='<DVTFilePath:0x600080f918f0:'/Users/ahmedmaher/Library/Developer/Xcode/Archives/2025-01-23/CERQEL_TST 23-01-2025, 11.53 AM.xcarchive/Products/Applications/CERQEL.app/Frameworks/Expression.framework'>', codeSigningInfo='<_DVTCodeSigningInformation_Path: 0x60010c542080; isSigned='1', isAdHocSigned='0', signingCertificate='<DVTSigningCertificate: 0x6000991b9800; name='Apple Development: Ahmed Maher (N5M5QPPB69)', hash='FC4EF9E1EDFAE25151A1E6A8911A084FC1B246BC', serialNumber='6AFACB33A60CA473FDD90B5286798487', certificateKinds='(
    "1.2.840.113635.100.6.1.12",
    "1.2.840.113635.100.6.1.2"
), issueDate='2025-01-16 09:51:48 +0000''>', entitlements='(null)', teamID='2536D9AR8F', identifier='org.cocoapods.Expression', executablePath='<DVTFilePath:0x600248c805b0:'/Users/ahmedmaher/Library/Developer/Xcode/Archives/2025-01-23/CERQEL_TST 23-01-2025, 11.53 AM.xcarchive/Products/Applications/CERQEL.app/Frameworks/Expression.framework/Expression'>', hardenedRuntime='0'>'> to: /var/folders/c1/scr8lqss6bz1rlk85myhm_jc0000gn/T/XcodeDistPipeline.~~~WsWTzJ/entitlements~~~WBfYcT
2025-01-23 10:03:04 +0000  Running /usr/bin/codesign '-vvv' '--force' '--sign' 'B74E043AB25CE9CDA63E6A99C27C04D4656978A2' '--entitlements' '/var/folders/c1/scr8lqss6bz1rlk85myhm_jc0000gn/T/XcodeDistPipeline.~~~WsWTzJ/entitlements~~~WBfYcT' '--generate-entitlement-der' '--strip-disallowed-xattrs' '--preserve-metadata=identifier,flags,runtime' '/var/folders/c1/scr8lqss6bz1rlk85myhm_jc0000gn/T/XcodeDistPipeline.~~~WsWTzJ/Root/Payload/CERQEL.app/Frameworks/Expression.framework'
2025-01-23 10:03:04 +0000  /var/folders/c1/scr8lqss6bz1rlk85myhm_jc0000gn/T/XcodeDistPipeline.~~~WsWTzJ/Root/Payload/CERQEL.app/Frameworks/Expression.framework: replacing existing signature
2025-01-23 10:03:04 +0000  /var/folders/c1/scr8lqss6bz1rlk85myhm_jc0000gn/T/XcodeDistPipeline.~~~WsWTzJ/Root/Payload/CERQEL.app/Frameworks/Expression.framework: signed bundle with Mach-O thin (arm64) [org.cocoapods.Expression]
2025-01-23 10:03:04 +0000  /usr/bin/codesign exited with 0
2025-01-23 10:03:04 +0000  Entitlements for <IDEDistributionItem: 0x6001fc0dd380; bundleID='org.cocoapods.EzPopup', path='<DVTFilePath:0x6000b8c200e0:'/Users/ahmedmaher/Library/Developer/Xcode/Archives/2025-01-23/CERQEL_TST 23-01-2025, 11.53 AM.xcarchive/Products/Applications/CERQEL.app/Frameworks/EzPopup.framework'>', codeSigningInfo='<_DVTCodeSigningInformation_Path: 0x60010c725360; isSigned='1', isAdHocSigned='0', signingCertificate='<DVTSigningCertificate: 0x600059e15a40; name='Apple Development: Ahmed Maher (N5M5QPPB69)', hash='FC4EF9E1EDFAE25151A1E6A8911A084FC1B246BC', serialNumber='6AFACB33A60CA473FDD90B5286798487', certificateKinds='(
    "1.2.840.113635.100.6.1.12",
    "1.2.840.113635.100.6.1.2"
), issueDate='2025-01-16 09:51:48 +0000''>', entitlements='(null)', teamID='2536D9AR8F', identifier='org.cocoapods.EzPopup', executablePath='<DVTFilePath:0x6000f8e01260:'/Users/ahmedmaher/Library/Developer/Xcode/Archives/2025-01-23/CERQEL_TST 23-01-2025, 11.53 AM.xcarchive/Products/Applications/CERQEL.app/Frameworks/EzPopup.framework/EzPopup'>', hardenedRuntime='0'>'>: {
}
2025-01-23 10:03:04 +0000  Associated App Clip Identifiers Filter: Skipping because "com.apple.developer.associated-appclip-app-identifiers" is not present
2025-01-23 10:03:04 +0000  Entitlements for <IDEDistributionItem: 0x6001fc0dd380; bundleID='org.cocoapods.EzPopup', path='<DVTFilePath:0x6000b8c200e0:'/Users/ahmedmaher/Library/Developer/Xcode/Archives/2025-01-23/CERQEL_TST 23-01-2025, 11.53 AM.xcarchive/Products/Applications/CERQEL.app/Frameworks/EzPopup.framework'>', codeSigningInfo='<_DVTCodeSigningInformation_Path: 0x60010c725360; isSigned='1', isAdHocSigned='0', signingCertificate='<DVTSigningCertificate: 0x6000991b9200; name='Apple Development: Ahmed Maher (N5M5QPPB69)', hash='FC4EF9E1EDFAE25151A1E6A8911A084FC1B246BC', serialNumber='6AFACB33A60CA473FDD90B5286798487', certificateKinds='(
    "1.2.840.113635.100.6.1.12",
    "1.2.840.113635.100.6.1.2"
), issueDate='2025-01-16 09:51:48 +0000''>', entitlements='(null)', teamID='2536D9AR8F', identifier='org.cocoapods.EzPopup', executablePath='<DVTFilePath:0x6000f8e01260:'/Users/ahmedmaher/Library/Developer/Xcode/Archives/2025-01-23/CERQEL_TST 23-01-2025, 11.53 AM.xcarchive/Products/Applications/CERQEL.app/Frameworks/EzPopup.framework/EzPopup'>', hardenedRuntime='0'>'> are: {
}
2025-01-23 10:03:04 +0000  Writing entitlements for <IDEDistributionItem: 0x6001fc0dd380; bundleID='org.cocoapods.EzPopup', path='<DVTFilePath:0x6000b8c200e0:'/Users/ahmedmaher/Library/Developer/Xcode/Archives/2025-01-23/CERQEL_TST 23-01-2025, 11.53 AM.xcarchive/Products/Applications/CERQEL.app/Frameworks/EzPopup.framework'>', codeSigningInfo='<_DVTCodeSigningInformation_Path: 0x60010c725360; isSigned='1', isAdHocSigned='0', signingCertificate='<DVTSigningCertificate: 0x600059e16400; name='Apple Development: Ahmed Maher (N5M5QPPB69)', hash='FC4EF9E1EDFAE25151A1E6A8911A084FC1B246BC', serialNumber='6AFACB33A60CA473FDD90B5286798487', certificateKinds='(
    "1.2.840.113635.100.6.1.12",
    "1.2.840.113635.100.6.1.2"
), issueDate='2025-01-16 09:51:48 +0000''>', entitlements='(null)', teamID='2536D9AR8F', identifier='org.cocoapods.EzPopup', executablePath='<DVTFilePath:0x6000f8e01260:'/Users/ahmedmaher/Library/Developer/Xcode/Archives/2025-01-23/CERQEL_TST 23-01-2025, 11.53 AM.xcarchive/Products/Applications/CERQEL.app/Frameworks/EzPopup.framework/EzPopup'>', hardenedRuntime='0'>'> to: /var/folders/c1/scr8lqss6bz1rlk85myhm_jc0000gn/T/XcodeDistPipeline.~~~WsWTzJ/entitlements~~~xWKNQY
2025-01-23 10:03:04 +0000  Running /usr/bin/codesign '-vvv' '--force' '--sign' 'B74E043AB25CE9CDA63E6A99C27C04D4656978A2' '--entitlements' '/var/folders/c1/scr8lqss6bz1rlk85myhm_jc0000gn/T/XcodeDistPipeline.~~~WsWTzJ/entitlements~~~xWKNQY' '--generate-entitlement-der' '--strip-disallowed-xattrs' '--preserve-metadata=identifier,flags,runtime' '/var/folders/c1/scr8lqss6bz1rlk85myhm_jc0000gn/T/XcodeDistPipeline.~~~WsWTzJ/Root/Payload/CERQEL.app/Frameworks/EzPopup.framework'
2025-01-23 10:03:04 +0000  /var/folders/c1/scr8lqss6bz1rlk85myhm_jc0000gn/T/XcodeDistPipeline.~~~WsWTzJ/Root/Payload/CERQEL.app/Frameworks/EzPopup.framework: replacing existing signature
2025-01-23 10:03:04 +0000  /var/folders/c1/scr8lqss6bz1rlk85myhm_jc0000gn/T/XcodeDistPipeline.~~~WsWTzJ/Root/Payload/CERQEL.app/Frameworks/EzPopup.framework: signed bundle with Mach-O thin (arm64) [org.cocoapods.EzPopup]
2025-01-23 10:03:04 +0000  /usr/bin/codesign exited with 0
2025-01-23 10:03:04 +0000  Entitlements for <IDEDistributionItem: 0x6000f8e0d2c0; bundleID='org.cocoapods.FBLPromises', path='<DVTFilePath:0x600100face70:'/Users/ahmedmaher/Library/Developer/Xcode/Archives/2025-01-23/CERQEL_TST 23-01-2025, 11.53 AM.xcarchive/Products/Applications/CERQEL.app/Frameworks/FBLPromises.framework'>', codeSigningInfo='<_DVTCodeSigningInformation_Path: 0x6000f845ccd0; isSigned='1', isAdHocSigned='0', signingCertificate='<DVTSigningCertificate: 0x600059e15a40; name='Apple Development: Ahmed Maher (N5M5QPPB69)', hash='FC4EF9E1EDFAE25151A1E6A8911A084FC1B246BC', serialNumber='6AFACB33A60CA473FDD90B5286798487', certificateKinds='(
    "1.2.840.113635.100.6.1.12",
    "1.2.840.113635.100.6.1.2"
), issueDate='2025-01-16 09:51:48 +0000''>', entitlements='(null)', teamID='2536D9AR8F', identifier='org.cocoapods.FBLPromises', executablePath='<DVTFilePath:0x60012cd96300:'/Users/ahmedmaher/Library/Developer/Xcode/Archives/2025-01-23/CERQEL_TST 23-01-2025, 11.53 AM.xcarchive/Products/Applications/CERQEL.app/Frameworks/FBLPromises.framework/FBLPromises'>', hardenedRuntime='0'>'>: {
}
2025-01-23 10:03:04 +0000  Associated App Clip Identifiers Filter: Skipping because "com.apple.developer.associated-appclip-app-identifiers" is not present
2025-01-23 10:03:04 +0000  Entitlements for <IDEDistributionItem: 0x6000f8e0d2c0; bundleID='org.cocoapods.FBLPromises', path='<DVTFilePath:0x600100face70:'/Users/ahmedmaher/Library/Developer/Xcode/Archives/2025-01-23/CERQEL_TST 23-01-2025, 11.53 AM.xcarchive/Products/Applications/CERQEL.app/Frameworks/FBLPromises.framework'>', codeSigningInfo='<_DVTCodeSigningInformation_Path: 0x6000f845ccd0; isSigned='1', isAdHocSigned='0', signingCertificate='<DVTSigningCertificate: 0x6000391c9f80; name='Apple Development: Ahmed Maher (N5M5QPPB69)', hash='FC4EF9E1EDFAE25151A1E6A8911A084FC1B246BC', serialNumber='6AFACB33A60CA473FDD90B5286798487', certificateKinds='(
    "1.2.840.113635.100.6.1.12",
    "1.2.840.113635.100.6.1.2"
), issueDate='2025-01-16 09:51:48 +0000''>', entitlements='(null)', teamID='2536D9AR8F', identifier='org.cocoapods.FBLPromises', executablePath='<DVTFilePath:0x60012cd96300:'/Users/ahmedmaher/Library/Developer/Xcode/Archives/2025-01-23/CERQEL_TST 23-01-2025, 11.53 AM.xcarchive/Products/Applications/CERQEL.app/Frameworks/FBLPromises.framework/FBLPromises'>', hardenedRuntime='0'>'> are: {
}
2025-01-23 10:03:04 +0000  Writing entitlements for <IDEDistributionItem: 0x6000f8e0d2c0; bundleID='org.cocoapods.FBLPromises', path='<DVTFilePath:0x600100face70:'/Users/ahmedmaher/Library/Developer/Xcode/Archives/2025-01-23/CERQEL_TST 23-01-2025, 11.53 AM.xcarchive/Products/Applications/CERQEL.app/Frameworks/FBLPromises.framework'>', codeSigningInfo='<_DVTCodeSigningInformation_Path: 0x6000f845ccd0; isSigned='1', isAdHocSigned='0', signingCertificate='<DVTSigningCertificate: 0x6000391c8900; name='Apple Development: Ahmed Maher (N5M5QPPB69)', hash='FC4EF9E1EDFAE25151A1E6A8911A084FC1B246BC', serialNumber='6AFACB33A60CA473FDD90B5286798487', certificateKinds='(
    "1.2.840.113635.100.6.1.12",
    "1.2.840.113635.100.6.1.2"
), issueDate='2025-01-16 09:51:48 +0000''>', entitlements='(null)', teamID='2536D9AR8F', identifier='org.cocoapods.FBLPromises', executablePath='<DVTFilePath:0x60012cd96300:'/Users/ahmedmaher/Library/Developer/Xcode/Archives/2025-01-23/CERQEL_TST 23-01-2025, 11.53 AM.xcarchive/Products/Applications/CERQEL.app/Frameworks/FBLPromises.framework/FBLPromises'>', hardenedRuntime='0'>'> to: /var/folders/c1/scr8lqss6bz1rlk85myhm_jc0000gn/T/XcodeDistPipeline.~~~WsWTzJ/entitlements~~~r6rcnC
2025-01-23 10:03:04 +0000  Running /usr/bin/codesign '-vvv' '--force' '--sign' 'B74E043AB25CE9CDA63E6A99C27C04D4656978A2' '--entitlements' '/var/folders/c1/scr8lqss6bz1rlk85myhm_jc0000gn/T/XcodeDistPipeline.~~~WsWTzJ/entitlements~~~r6rcnC' '--generate-entitlement-der' '--strip-disallowed-xattrs' '--preserve-metadata=identifier,flags,runtime' '/var/folders/c1/scr8lqss6bz1rlk85myhm_jc0000gn/T/XcodeDistPipeline.~~~WsWTzJ/Root/Payload/CERQEL.app/Frameworks/FBLPromises.framework'
2025-01-23 10:03:04 +0000  /var/folders/c1/scr8lqss6bz1rlk85myhm_jc0000gn/T/XcodeDistPipeline.~~~WsWTzJ/Root/Payload/CERQEL.app/Frameworks/FBLPromises.framework: replacing existing signature
2025-01-23 10:03:04 +0000  /var/folders/c1/scr8lqss6bz1rlk85myhm_jc0000gn/T/XcodeDistPipeline.~~~WsWTzJ/Root/Payload/CERQEL.app/Frameworks/FBLPromises.framework: signed bundle with Mach-O thin (arm64) [org.cocoapods.FBLPromises]
2025-01-23 10:03:04 +0000  /usr/bin/codesign exited with 0
2025-01-23 10:03:04 +0000  Entitlements for <IDEDistributionItem: 0x6001fc0dbc00; bundleID='org.cocoapods.FSCalendar', path='<DVTFilePath:0x600248d42b50:'/Users/ahmedmaher/Library/Developer/Xcode/Archives/2025-01-23/CERQEL_TST 23-01-2025, 11.53 AM.xcarchive/Products/Applications/CERQEL.app/Frameworks/FSCalendar.framework'>', codeSigningInfo='<_DVTCodeSigningInformation_Path: 0x60010c405b30; isSigned='1', isAdHocSigned='0', signingCertificate='<DVTSigningCertificate: 0x6000391c9f80; name='Apple Development: Ahmed Maher (N5M5QPPB69)', hash='FC4EF9E1EDFAE25151A1E6A8911A084FC1B246BC', serialNumber='6AFACB33A60CA473FDD90B5286798487', certificateKinds='(
    "1.2.840.113635.100.6.1.12",
    "1.2.840.113635.100.6.1.2"
), issueDate='2025-01-16 09:51:48 +0000''>', entitlements='(null)', teamID='2536D9AR8F', identifier='org.cocoapods.FSCalendar', executablePath='<DVTFilePath:0x60012ccded80:'/Users/ahmedmaher/Library/Developer/Xcode/Archives/2025-01-23/CERQEL_TST 23-01-2025, 11.53 AM.xcarchive/Products/Applications/CERQEL.app/Frameworks/FSCalendar.framework/FSCalendar'>', hardenedRuntime='0'>'>: {
}
2025-01-23 10:03:04 +0000  Associated App Clip Identifiers Filter: Skipping because "com.apple.developer.associated-appclip-app-identifiers" is not present
2025-01-23 10:03:04 +0000  Entitlements for <IDEDistributionItem: 0x6001fc0dbc00; bundleID='org.cocoapods.FSCalendar', path='<DVTFilePath:0x600248d42b50:'/Users/ahmedmaher/Library/Developer/Xcode/Archives/2025-01-23/CERQEL_TST 23-01-2025, 11.53 AM.xcarchive/Products/Applications/CERQEL.app/Frameworks/FSCalendar.framework'>', codeSigningInfo='<_DVTCodeSigningInformation_Path: 0x60010c405b30; isSigned='1', isAdHocSigned='0', signingCertificate='<DVTSigningCertificate: 0x600059e15a40; name='Apple Development: Ahmed Maher (N5M5QPPB69)', hash='FC4EF9E1EDFAE25151A1E6A8911A084FC1B246BC', serialNumber='6AFACB33A60CA473FDD90B5286798487', certificateKinds='(
    "1.2.840.113635.100.6.1.12",
    "1.2.840.113635.100.6.1.2"
), issueDate='2025-01-16 09:51:48 +0000''>', entitlements='(null)', teamID='2536D9AR8F', identifier='org.cocoapods.FSCalendar', executablePath='<DVTFilePath:0x60012ccded80:'/Users/ahmedmaher/Library/Developer/Xcode/Archives/2025-01-23/CERQEL_TST 23-01-2025, 11.53 AM.xcarchive/Products/Applications/CERQEL.app/Frameworks/FSCalendar.framework/FSCalendar'>', hardenedRuntime='0'>'> are: {
}
2025-01-23 10:03:04 +0000  Writing entitlements for <IDEDistributionItem: 0x6001fc0dbc00; bundleID='org.cocoapods.FSCalendar', path='<DVTFilePath:0x600248d42b50:'/Users/ahmedmaher/Library/Developer/Xcode/Archives/2025-01-23/CERQEL_TST 23-01-2025, 11.53 AM.xcarchive/Products/Applications/CERQEL.app/Frameworks/FSCalendar.framework'>', codeSigningInfo='<_DVTCodeSigningInformation_Path: 0x60010c405b30; isSigned='1', isAdHocSigned='0', signingCertificate='<DVTSigningCertificate: 0x6000391c8900; name='Apple Development: Ahmed Maher (N5M5QPPB69)', hash='FC4EF9E1EDFAE25151A1E6A8911A084FC1B246BC', serialNumber='6AFACB33A60CA473FDD90B5286798487', certificateKinds='(
    "1.2.840.113635.100.6.1.12",
    "1.2.840.113635.100.6.1.2"
), issueDate='2025-01-16 09:51:48 +0000''>', entitlements='(null)', teamID='2536D9AR8F', identifier='org.cocoapods.FSCalendar', executablePath='<DVTFilePath:0x60012ccded80:'/Users/ahmedmaher/Library/Developer/Xcode/Archives/2025-01-23/CERQEL_TST 23-01-2025, 11.53 AM.xcarchive/Products/Applications/CERQEL.app/Frameworks/FSCalendar.framework/FSCalendar'>', hardenedRuntime='0'>'> to: /var/folders/c1/scr8lqss6bz1rlk85myhm_jc0000gn/T/XcodeDistPipeline.~~~WsWTzJ/entitlements~~~2jUmcQ
2025-01-23 10:03:04 +0000  Running /usr/bin/codesign '-vvv' '--force' '--sign' 'B74E043AB25CE9CDA63E6A99C27C04D4656978A2' '--entitlements' '/var/folders/c1/scr8lqss6bz1rlk85myhm_jc0000gn/T/XcodeDistPipeline.~~~WsWTzJ/entitlements~~~2jUmcQ' '--generate-entitlement-der' '--strip-disallowed-xattrs' '--preserve-metadata=identifier,flags,runtime' '/var/folders/c1/scr8lqss6bz1rlk85myhm_jc0000gn/T/XcodeDistPipeline.~~~WsWTzJ/Root/Payload/CERQEL.app/Frameworks/FSCalendar.framework'
2025-01-23 10:03:04 +0000  /var/folders/c1/scr8lqss6bz1rlk85myhm_jc0000gn/T/XcodeDistPipeline.~~~WsWTzJ/Root/Payload/CERQEL.app/Frameworks/FSCalendar.framework: replacing existing signature
2025-01-23 10:03:04 +0000  /var/folders/c1/scr8lqss6bz1rlk85myhm_jc0000gn/T/XcodeDistPipeline.~~~WsWTzJ/Root/Payload/CERQEL.app/Frameworks/FSCalendar.framework: signed bundle with Mach-O thin (arm64) [org.cocoapods.FSCalendar]
2025-01-23 10:03:04 +0000  /usr/bin/codesign exited with 0
2025-01-23 10:03:04 +0000  Entitlements for <IDEDistributionItem: 0x6001fc0a34e0; bundleID='org.cocoapods.FSPagerView', path='<DVTFilePath:0x60012cda3330:'/Users/ahmedmaher/Library/Developer/Xcode/Archives/2025-01-23/CERQEL_TST 23-01-2025, 11.53 AM.xcarchive/Products/Applications/CERQEL.app/Frameworks/FSPagerView.framework'>', codeSigningInfo='<_DVTCodeSigningInformation_Path: 0x6000f845ddb0; isSigned='1', isAdHocSigned='0', signingCertificate='<DVTSigningCertificate: 0x6000991b8780; name='Apple Development: Ahmed Maher (N5M5QPPB69)', hash='FC4EF9E1EDFAE25151A1E6A8911A084FC1B246BC', serialNumber='6AFACB33A60CA473FDD90B5286798487', certificateKinds='(
    "1.2.840.113635.100.6.1.12",
    "1.2.840.113635.100.6.1.2"
), issueDate='2025-01-16 09:51:48 +0000''>', entitlements='(null)', teamID='2536D9AR8F', identifier='org.cocoapods.FSPagerView', executablePath='<DVTFilePath:0x60012cccb790:'/Users/ahmedmaher/Library/Developer/Xcode/Archives/2025-01-23/CERQEL_TST 23-01-2025, 11.53 AM.xcarchive/Products/Applications/CERQEL.app/Frameworks/FSPagerView.framework/FSPagerView'>', hardenedRuntime='0'>'>: {
}
2025-01-23 10:03:04 +0000  Associated App Clip Identifiers Filter: Skipping because "com.apple.developer.associated-appclip-app-identifiers" is not present
2025-01-23 10:03:04 +0000  Entitlements for <IDEDistributionItem: 0x6001fc0a34e0; bundleID='org.cocoapods.FSPagerView', path='<DVTFilePath:0x60012cda3330:'/Users/ahmedmaher/Library/Developer/Xcode/Archives/2025-01-23/CERQEL_TST 23-01-2025, 11.53 AM.xcarchive/Products/Applications/CERQEL.app/Frameworks/FSPagerView.framework'>', codeSigningInfo='<_DVTCodeSigningInformation_Path: 0x6000f845ddb0; isSigned='1', isAdHocSigned='0', signingCertificate='<DVTSigningCertificate: 0x600059e14f00; name='Apple Development: Ahmed Maher (N5M5QPPB69)', hash='FC4EF9E1EDFAE25151A1E6A8911A084FC1B246BC', serialNumber='6AFACB33A60CA473FDD90B5286798487', certificateKinds='(
    "1.2.840.113635.100.6.1.12",
    "1.2.840.113635.100.6.1.2"
), issueDate='2025-01-16 09:51:48 +0000''>', entitlements='(null)', teamID='2536D9AR8F', identifier='org.cocoapods.FSPagerView', executablePath='<DVTFilePath:0x60012cccb790:'/Users/ahmedmaher/Library/Developer/Xcode/Archives/2025-01-23/CERQEL_TST 23-01-2025, 11.53 AM.xcarchive/Products/Applications/CERQEL.app/Frameworks/FSPagerView.framework/FSPagerView'>', hardenedRuntime='0'>'> are: {
}
2025-01-23 10:03:04 +0000  Writing entitlements for <IDEDistributionItem: 0x6001fc0a34e0; bundleID='org.cocoapods.FSPagerView', path='<DVTFilePath:0x60012cda3330:'/Users/ahmedmaher/Library/Developer/Xcode/Archives/2025-01-23/CERQEL_TST 23-01-2025, 11.53 AM.xcarchive/Products/Applications/CERQEL.app/Frameworks/FSPagerView.framework'>', codeSigningInfo='<_DVTCodeSigningInformation_Path: 0x6000f845ddb0; isSigned='1', isAdHocSigned='0', signingCertificate='<DVTSigningCertificate: 0x6000991b9200; name='Apple Development: Ahmed Maher (N5M5QPPB69)', hash='FC4EF9E1EDFAE25151A1E6A8911A084FC1B246BC', serialNumber='6AFACB33A60CA473FDD90B5286798487', certificateKinds='(
    "1.2.840.113635.100.6.1.12",
    "1.2.840.113635.100.6.1.2"
), issueDate='2025-01-16 09:51:48 +0000''>', entitlements='(null)', teamID='2536D9AR8F', identifier='org.cocoapods.FSPagerView', executablePath='<DVTFilePath:0x60012cccb790:'/Users/ahmedmaher/Library/Developer/Xcode/Archives/2025-01-23/CERQEL_TST 23-01-2025, 11.53 AM.xcarchive/Products/Applications/CERQEL.app/Frameworks/FSPagerView.framework/FSPagerView'>', hardenedRuntime='0'>'> to: /var/folders/c1/scr8lqss6bz1rlk85myhm_jc0000gn/T/XcodeDistPipeline.~~~WsWTzJ/entitlements~~~2sAIyd
2025-01-23 10:03:04 +0000  Running /usr/bin/codesign '-vvv' '--force' '--sign' 'B74E043AB25CE9CDA63E6A99C27C04D4656978A2' '--entitlements' '/var/folders/c1/scr8lqss6bz1rlk85myhm_jc0000gn/T/XcodeDistPipeline.~~~WsWTzJ/entitlements~~~2sAIyd' '--generate-entitlement-der' '--strip-disallowed-xattrs' '--preserve-metadata=identifier,flags,runtime' '/var/folders/c1/scr8lqss6bz1rlk85myhm_jc0000gn/T/XcodeDistPipeline.~~~WsWTzJ/Root/Payload/CERQEL.app/Frameworks/FSPagerView.framework'
2025-01-23 10:03:04 +0000  /var/folders/c1/scr8lqss6bz1rlk85myhm_jc0000gn/T/XcodeDistPipeline.~~~WsWTzJ/Root/Payload/CERQEL.app/Frameworks/FSPagerView.framework: replacing existing signature
2025-01-23 10:03:04 +0000  /var/folders/c1/scr8lqss6bz1rlk85myhm_jc0000gn/T/XcodeDistPipeline.~~~WsWTzJ/Root/Payload/CERQEL.app/Frameworks/FSPagerView.framework: signed bundle with Mach-O thin (arm64) [org.cocoapods.FSPagerView]
2025-01-23 10:03:04 +0000  /usr/bin/codesign exited with 0
2025-01-23 10:03:04 +0000  Entitlements for <IDEDistributionItem: 0x6001fc0c30c0; bundleID='org.cocoapods.FirebaseAppCheckInterop', path='<DVTFilePath:0x60003c890300:'/Users/ahmedmaher/Library/Developer/Xcode/Archives/2025-01-23/CERQEL_TST 23-01-2025, 11.53 AM.xcarchive/Products/Applications/CERQEL.app/Frameworks/FirebaseAppCheckInterop.framework'>', codeSigningInfo='<_DVTCodeSigningInformation_Path: 0x6000d8308f00; isSigned='1', isAdHocSigned='0', signingCertificate='<DVTSigningCertificate: 0x600059e14f00; name='Apple Development: Ahmed Maher (N5M5QPPB69)', hash='FC4EF9E1EDFAE25151A1E6A8911A084FC1B246BC', serialNumber='6AFACB33A60CA473FDD90B5286798487', certificateKinds='(
    "1.2.840.113635.100.6.1.12",
    "1.2.840.113635.100.6.1.2"
), issueDate='2025-01-16 09:51:48 +0000''>', entitlements='(null)', teamID='2536D9AR8F', identifier='org.cocoapods.FirebaseAppCheckInterop', executablePath='<DVTFilePath:0x600248c80bd0:'/Users/ahmedmaher/Library/Developer/Xcode/Archives/2025-01-23/CERQEL_TST 23-01-2025, 11.53 AM.xcarchive/Products/Applications/CERQEL.app/Frameworks/FirebaseAppCheckInterop.framework/FirebaseAppCheckInterop'>', hardenedRuntime='0'>'>: {
}
2025-01-23 10:03:04 +0000  Associated App Clip Identifiers Filter: Skipping because "com.apple.developer.associated-appclip-app-identifiers" is not present
2025-01-23 10:03:04 +0000  Entitlements for <IDEDistributionItem: 0x6001fc0c30c0; bundleID='org.cocoapods.FirebaseAppCheckInterop', path='<DVTFilePath:0x60003c890300:'/Users/ahmedmaher/Library/Developer/Xcode/Archives/2025-01-23/CERQEL_TST 23-01-2025, 11.53 AM.xcarchive/Products/Applications/CERQEL.app/Frameworks/FirebaseAppCheckInterop.framework'>', codeSigningInfo='<_DVTCodeSigningInformation_Path: 0x6000d8308f00; isSigned='1', isAdHocSigned='0', signingCertificate='<DVTSigningCertificate: 0x600059e17b40; name='Apple Development: Ahmed Maher (N5M5QPPB69)', hash='FC4EF9E1EDFAE25151A1E6A8911A084FC1B246BC', serialNumber='6AFACB33A60CA473FDD90B5286798487', certificateKinds='(
    "1.2.840.113635.100.6.1.12",
    "1.2.840.113635.100.6.1.2"
), issueDate='2025-01-16 09:51:48 +0000''>', entitlements='(null)', teamID='2536D9AR8F', identifier='org.cocoapods.FirebaseAppCheckInterop', executablePath='<DVTFilePath:0x600248c80bd0:'/Users/ahmedmaher/Library/Developer/Xcode/Archives/2025-01-23/CERQEL_TST 23-01-2025, 11.53 AM.xcarchive/Products/Applications/CERQEL.app/Frameworks/FirebaseAppCheckInterop.framework/FirebaseAppCheckInterop'>', hardenedRuntime='0'>'> are: {
}
2025-01-23 10:03:04 +0000  Writing entitlements for <IDEDistributionItem: 0x6001fc0c30c0; bundleID='org.cocoapods.FirebaseAppCheckInterop', path='<DVTFilePath:0x60003c890300:'/Users/ahmedmaher/Library/Developer/Xcode/Archives/2025-01-23/CERQEL_TST 23-01-2025, 11.53 AM.xcarchive/Products/Applications/CERQEL.app/Frameworks/FirebaseAppCheckInterop.framework'>', codeSigningInfo='<_DVTCodeSigningInformation_Path: 0x6000d8308f00; isSigned='1', isAdHocSigned='0', signingCertificate='<DVTSigningCertificate: 0x6000991b8780; name='Apple Development: Ahmed Maher (N5M5QPPB69)', hash='FC4EF9E1EDFAE25151A1E6A8911A084FC1B246BC', serialNumber='6AFACB33A60CA473FDD90B5286798487', certificateKinds='(
    "1.2.840.113635.100.6.1.12",
    "1.2.840.113635.100.6.1.2"
), issueDate='2025-01-16 09:51:48 +0000''>', entitlements='(null)', teamID='2536D9AR8F', identifier='org.cocoapods.FirebaseAppCheckInterop', executablePath='<DVTFilePath:0x600248c80bd0:'/Users/ahmedmaher/Library/Developer/Xcode/Archives/2025-01-23/CERQEL_TST 23-01-2025, 11.53 AM.xcarchive/Products/Applications/CERQEL.app/Frameworks/FirebaseAppCheckInterop.framework/FirebaseAppCheckInterop'>', hardenedRuntime='0'>'> to: /var/folders/c1/scr8lqss6bz1rlk85myhm_jc0000gn/T/XcodeDistPipeline.~~~WsWTzJ/entitlements~~~E7ZmdL
2025-01-23 10:03:04 +0000  Running /usr/bin/codesign '-vvv' '--force' '--sign' 'B74E043AB25CE9CDA63E6A99C27C04D4656978A2' '--entitlements' '/var/folders/c1/scr8lqss6bz1rlk85myhm_jc0000gn/T/XcodeDistPipeline.~~~WsWTzJ/entitlements~~~E7ZmdL' '--generate-entitlement-der' '--strip-disallowed-xattrs' '--preserve-metadata=identifier,flags,runtime' '/var/folders/c1/scr8lqss6bz1rlk85myhm_jc0000gn/T/XcodeDistPipeline.~~~WsWTzJ/Root/Payload/CERQEL.app/Frameworks/FirebaseAppCheckInterop.framework'
2025-01-23 10:03:04 +0000  /var/folders/c1/scr8lqss6bz1rlk85myhm_jc0000gn/T/XcodeDistPipeline.~~~WsWTzJ/Root/Payload/CERQEL.app/Frameworks/FirebaseAppCheckInterop.framework: replacing existing signature
2025-01-23 10:03:04 +0000  /var/folders/c1/scr8lqss6bz1rlk85myhm_jc0000gn/T/XcodeDistPipeline.~~~WsWTzJ/Root/Payload/CERQEL.app/Frameworks/FirebaseAppCheckInterop.framework: signed bundle with Mach-O thin (arm64) [org.cocoapods.FirebaseAppCheckInterop]
2025-01-23 10:03:04 +0000  /usr/bin/codesign exited with 0
2025-01-23 10:03:04 +0000  Entitlements for <IDEDistributionItem: 0x6000f8e0d620; bundleID='org.cocoapods.FirebaseCore', path='<DVTFilePath:0x600100faf330:'/Users/ahmedmaher/Library/Developer/Xcode/Archives/2025-01-23/CERQEL_TST 23-01-2025, 11.53 AM.xcarchive/Products/Applications/CERQEL.app/Frameworks/FirebaseCore.framework'>', codeSigningInfo='<_DVTCodeSigningInformation_Path: 0x6000f845cd70; isSigned='1', isAdHocSigned='0', signingCertificate='<DVTSigningCertificate: 0x6000991b8780; name='Apple Development: Ahmed Maher (N5M5QPPB69)', hash='FC4EF9E1EDFAE25151A1E6A8911A084FC1B246BC', serialNumber='6AFACB33A60CA473FDD90B5286798487', certificateKinds='(
    "1.2.840.113635.100.6.1.12",
    "1.2.840.113635.100.6.1.2"
), issueDate='2025-01-16 09:51:48 +0000''>', entitlements='(null)', teamID='2536D9AR8F', identifier='org.cocoapods.FirebaseCore', executablePath='<DVTFilePath:0x60012cd96840:'/Users/ahmedmaher/Library/Developer/Xcode/Archives/2025-01-23/CERQEL_TST 23-01-2025, 11.53 AM.xcarchive/Products/Applications/CERQEL.app/Frameworks/FirebaseCore.framework/FirebaseCore'>', hardenedRuntime='0'>'>: {
}
2025-01-23 10:03:04 +0000  Associated App Clip Identifiers Filter: Skipping because "com.apple.developer.associated-appclip-app-identifiers" is not present
2025-01-23 10:03:04 +0000  Entitlements for <IDEDistributionItem: 0x6000f8e0d620; bundleID='org.cocoapods.FirebaseCore', path='<DVTFilePath:0x600100faf330:'/Users/ahmedmaher/Library/Developer/Xcode/Archives/2025-01-23/CERQEL_TST 23-01-2025, 11.53 AM.xcarchive/Products/Applications/CERQEL.app/Frameworks/FirebaseCore.framework'>', codeSigningInfo='<_DVTCodeSigningInformation_Path: 0x6000f845cd70; isSigned='1', isAdHocSigned='0', signingCertificate='<DVTSigningCertificate: 0x600059e14f00; name='Apple Development: Ahmed Maher (N5M5QPPB69)', hash='FC4EF9E1EDFAE25151A1E6A8911A084FC1B246BC', serialNumber='6AFACB33A60CA473FDD90B5286798487', certificateKinds='(
    "1.2.840.113635.100.6.1.12",
    "1.2.840.113635.100.6.1.2"
), issueDate='2025-01-16 09:51:48 +0000''>', entitlements='(null)', teamID='2536D9AR8F', identifier='org.cocoapods.FirebaseCore', executablePath='<DVTFilePath:0x60012cd96840:'/Users/ahmedmaher/Library/Developer/Xcode/Archives/2025-01-23/CERQEL_TST 23-01-2025, 11.53 AM.xcarchive/Products/Applications/CERQEL.app/Frameworks/FirebaseCore.framework/FirebaseCore'>', hardenedRuntime='0'>'> are: {
}
2025-01-23 10:03:04 +0000  Writing entitlements for <IDEDistributionItem: 0x6000f8e0d620; bundleID='org.cocoapods.FirebaseCore', path='<DVTFilePath:0x600100faf330:'/Users/ahmedmaher/Library/Developer/Xcode/Archives/2025-01-23/CERQEL_TST 23-01-2025, 11.53 AM.xcarchive/Products/Applications/CERQEL.app/Frameworks/FirebaseCore.framework'>', codeSigningInfo='<_DVTCodeSigningInformation_Path: 0x6000f845cd70; isSigned='1', isAdHocSigned='0', signingCertificate='<DVTSigningCertificate: 0x6000991b9200; name='Apple Development: Ahmed Maher (N5M5QPPB69)', hash='FC4EF9E1EDFAE25151A1E6A8911A084FC1B246BC', serialNumber='6AFACB33A60CA473FDD90B5286798487', certificateKinds='(
    "1.2.840.113635.100.6.1.12",
    "1.2.840.113635.100.6.1.2"
), issueDate='2025-01-16 09:51:48 +0000''>', entitlements='(null)', teamID='2536D9AR8F', identifier='org.cocoapods.FirebaseCore', executablePath='<DVTFilePath:0x60012cd96840:'/Users/ahmedmaher/Library/Developer/Xcode/Archives/2025-01-23/CERQEL_TST 23-01-2025, 11.53 AM.xcarchive/Products/Applications/CERQEL.app/Frameworks/FirebaseCore.framework/FirebaseCore'>', hardenedRuntime='0'>'> to: /var/folders/c1/scr8lqss6bz1rlk85myhm_jc0000gn/T/XcodeDistPipeline.~~~WsWTzJ/entitlements~~~RRFCZ6
2025-01-23 10:03:04 +0000  Running /usr/bin/codesign '-vvv' '--force' '--sign' 'B74E043AB25CE9CDA63E6A99C27C04D4656978A2' '--entitlements' '/var/folders/c1/scr8lqss6bz1rlk85myhm_jc0000gn/T/XcodeDistPipeline.~~~WsWTzJ/entitlements~~~RRFCZ6' '--generate-entitlement-der' '--strip-disallowed-xattrs' '--preserve-metadata=identifier,flags,runtime' '/var/folders/c1/scr8lqss6bz1rlk85myhm_jc0000gn/T/XcodeDistPipeline.~~~WsWTzJ/Root/Payload/CERQEL.app/Frameworks/FirebaseCore.framework'
2025-01-23 10:03:04 +0000  /var/folders/c1/scr8lqss6bz1rlk85myhm_jc0000gn/T/XcodeDistPipeline.~~~WsWTzJ/Root/Payload/CERQEL.app/Frameworks/FirebaseCore.framework: replacing existing signature
2025-01-23 10:03:04 +0000  /var/folders/c1/scr8lqss6bz1rlk85myhm_jc0000gn/T/XcodeDistPipeline.~~~WsWTzJ/Root/Payload/CERQEL.app/Frameworks/FirebaseCore.framework: signed bundle with Mach-O thin (arm64) [org.cocoapods.FirebaseCore]
2025-01-23 10:03:04 +0000  /usr/bin/codesign exited with 0
2025-01-23 10:03:04 +0000  Entitlements for <IDEDistributionItem: 0x6001fc0dd7a0; bundleID='org.cocoapods.FirebaseCoreExtension', path='<DVTFilePath:0x60014084cd00:'/Users/ahmedmaher/Library/Developer/Xcode/Archives/2025-01-23/CERQEL_TST 23-01-2025, 11.53 AM.xcarchive/Products/Applications/CERQEL.app/Frameworks/FirebaseCoreExtension.framework'>', codeSigningInfo='<_DVTCodeSigningInformation_Path: 0x60010c71a580; isSigned='1', isAdHocSigned='0', signingCertificate='<DVTSigningCertificate: 0x600059e14f00; name='Apple Development: Ahmed Maher (N5M5QPPB69)', hash='FC4EF9E1EDFAE25151A1E6A8911A084FC1B246BC', serialNumber='6AFACB33A60CA473FDD90B5286798487', certificateKinds='(
    "1.2.840.113635.100.6.1.12",
    "1.2.840.113635.100.6.1.2"
), issueDate='2025-01-16 09:51:48 +0000''>', entitlements='(null)', teamID='2536D9AR8F', identifier='org.cocoapods.FirebaseCoreExtension', executablePath='<DVTFilePath:0x60012cd96bc0:'/Users/ahmedmaher/Library/Developer/Xcode/Archives/2025-01-23/CERQEL_TST 23-01-2025, 11.53 AM.xcarchive/Products/Applications/CERQEL.app/Frameworks/FirebaseCoreExtension.framework/FirebaseCoreExtension'>', hardenedRuntime='0'>'>: {
}
2025-01-23 10:03:04 +0000  Associated App Clip Identifiers Filter: Skipping because "com.apple.developer.associated-appclip-app-identifiers" is not present
2025-01-23 10:03:04 +0000  Entitlements for <IDEDistributionItem: 0x6001fc0dd7a0; bundleID='org.cocoapods.FirebaseCoreExtension', path='<DVTFilePath:0x60014084cd00:'/Users/ahmedmaher/Library/Developer/Xcode/Archives/2025-01-23/CERQEL_TST 23-01-2025, 11.53 AM.xcarchive/Products/Applications/CERQEL.app/Frameworks/FirebaseCoreExtension.framework'>', codeSigningInfo='<_DVTCodeSigningInformation_Path: 0x60010c71a580; isSigned='1', isAdHocSigned='0', signingCertificate='<DVTSigningCertificate: 0x600059e17b40; name='Apple Development: Ahmed Maher (N5M5QPPB69)', hash='FC4EF9E1EDFAE25151A1E6A8911A084FC1B246BC', serialNumber='6AFACB33A60CA473FDD90B5286798487', certificateKinds='(
    "1.2.840.113635.100.6.1.12",
    "1.2.840.113635.100.6.1.2"
), issueDate='2025-01-16 09:51:48 +0000''>', entitlements='(null)', teamID='2536D9AR8F', identifier='org.cocoapods.FirebaseCoreExtension', executablePath='<DVTFilePath:0x60012cd96bc0:'/Users/ahmedmaher/Library/Developer/Xcode/Archives/2025-01-23/CERQEL_TST 23-01-2025, 11.53 AM.xcarchive/Products/Applications/CERQEL.app/Frameworks/FirebaseCoreExtension.framework/FirebaseCoreExtension'>', hardenedRuntime='0'>'> are: {
}
2025-01-23 10:03:04 +0000  Writing entitlements for <IDEDistributionItem: 0x6001fc0dd7a0; bundleID='org.cocoapods.FirebaseCoreExtension', path='<DVTFilePath:0x60014084cd00:'/Users/ahmedmaher/Library/Developer/Xcode/Archives/2025-01-23/CERQEL_TST 23-01-2025, 11.53 AM.xcarchive/Products/Applications/CERQEL.app/Frameworks/FirebaseCoreExtension.framework'>', codeSigningInfo='<_DVTCodeSigningInformation_Path: 0x60010c71a580; isSigned='1', isAdHocSigned='0', signingCertificate='<DVTSigningCertificate: 0x6000991b8780; name='Apple Development: Ahmed Maher (N5M5QPPB69)', hash='FC4EF9E1EDFAE25151A1E6A8911A084FC1B246BC', serialNumber='6AFACB33A60CA473FDD90B5286798487', certificateKinds='(
    "1.2.840.113635.100.6.1.12",
    "1.2.840.113635.100.6.1.2"
), issueDate='2025-01-16 09:51:48 +0000''>', entitlements='(null)', teamID='2536D9AR8F', identifier='org.cocoapods.FirebaseCoreExtension', executablePath='<DVTFilePath:0x60012cd96bc0:'/Users/ahmedmaher/Library/Developer/Xcode/Archives/2025-01-23/CERQEL_TST 23-01-2025, 11.53 AM.xcarchive/Products/Applications/CERQEL.app/Frameworks/FirebaseCoreExtension.framework/FirebaseCoreExtension'>', hardenedRuntime='0'>'> to: /var/folders/c1/scr8lqss6bz1rlk85myhm_jc0000gn/T/XcodeDistPipeline.~~~WsWTzJ/entitlements~~~WlBCfT
2025-01-23 10:03:04 +0000  Running /usr/bin/codesign '-vvv' '--force' '--sign' 'B74E043AB25CE9CDA63E6A99C27C04D4656978A2' '--entitlements' '/var/folders/c1/scr8lqss6bz1rlk85myhm_jc0000gn/T/XcodeDistPipeline.~~~WsWTzJ/entitlements~~~WlBCfT' '--generate-entitlement-der' '--strip-disallowed-xattrs' '--preserve-metadata=identifier,flags,runtime' '/var/folders/c1/scr8lqss6bz1rlk85myhm_jc0000gn/T/XcodeDistPipeline.~~~WsWTzJ/Root/Payload/CERQEL.app/Frameworks/FirebaseCoreExtension.framework'
2025-01-23 10:03:04 +0000  /var/folders/c1/scr8lqss6bz1rlk85myhm_jc0000gn/T/XcodeDistPipeline.~~~WsWTzJ/Root/Payload/CERQEL.app/Frameworks/FirebaseCoreExtension.framework: replacing existing signature
2025-01-23 10:03:04 +0000  /var/folders/c1/scr8lqss6bz1rlk85myhm_jc0000gn/T/XcodeDistPipeline.~~~WsWTzJ/Root/Payload/CERQEL.app/Frameworks/FirebaseCoreExtension.framework: signed bundle with Mach-O thin (arm64) [org.cocoapods.FirebaseCoreExtension]
2025-01-23 10:03:04 +0000  /usr/bin/codesign exited with 0
2025-01-23 10:03:04 +0000  Entitlements for <IDEDistributionItem: 0x6001fc0b52c0; bundleID='org.cocoapods.FirebaseCoreInternal', path='<DVTFilePath:0x60007cbf9980:'/Users/ahmedmaher/Library/Developer/Xcode/Archives/2025-01-23/CERQEL_TST 23-01-2025, 11.53 AM.xcarchive/Products/Applications/CERQEL.app/Frameworks/FirebaseCoreInternal.framework'>', codeSigningInfo='<_DVTCodeSigningInformation_Path: 0x60010c54c870; isSigned='1', isAdHocSigned='0', signingCertificate='<DVTSigningCertificate: 0x6000991b8780; name='Apple Development: Ahmed Maher (N5M5QPPB69)', hash='FC4EF9E1EDFAE25151A1E6A8911A084FC1B246BC', serialNumber='6AFACB33A60CA473FDD90B5286798487', certificateKinds='(
    "1.2.840.113635.100.6.1.12",
    "1.2.840.113635.100.6.1.2"
), issueDate='2025-01-16 09:51:48 +0000''>', entitlements='(null)', teamID='2536D9AR8F', identifier='org.cocoapods.FirebaseCoreInternal', executablePath='<DVTFilePath:0x60012cd96f40:'/Users/ahmedmaher/Library/Developer/Xcode/Archives/2025-01-23/CERQEL_TST 23-01-2025, 11.53 AM.xcarchive/Products/Applications/CERQEL.app/Frameworks/FirebaseCoreInternal.framework/FirebaseCoreInternal'>', hardenedRuntime='0'>'>: {
}
2025-01-23 10:03:04 +0000  Associated App Clip Identifiers Filter: Skipping because "com.apple.developer.associated-appclip-app-identifiers" is not present
2025-01-23 10:03:04 +0000  Entitlements for <IDEDistributionItem: 0x6001fc0b52c0; bundleID='org.cocoapods.FirebaseCoreInternal', path='<DVTFilePath:0x60007cbf9980:'/Users/ahmedmaher/Library/Developer/Xcode/Archives/2025-01-23/CERQEL_TST 23-01-2025, 11.53 AM.xcarchive/Products/Applications/CERQEL.app/Frameworks/FirebaseCoreInternal.framework'>', codeSigningInfo='<_DVTCodeSigningInformation_Path: 0x60010c54c870; isSigned='1', isAdHocSigned='0', signingCertificate='<DVTSigningCertificate: 0x600059e14f00; name='Apple Development: Ahmed Maher (N5M5QPPB69)', hash='FC4EF9E1EDFAE25151A1E6A8911A084FC1B246BC', serialNumber='6AFACB33A60CA473FDD90B5286798487', certificateKinds='(
    "1.2.840.113635.100.6.1.12",
    "1.2.840.113635.100.6.1.2"
), issueDate='2025-01-16 09:51:48 +0000''>', entitlements='(null)', teamID='2536D9AR8F', identifier='org.cocoapods.FirebaseCoreInternal', executablePath='<DVTFilePath:0x60012cd96f40:'/Users/ahmedmaher/Library/Developer/Xcode/Archives/2025-01-23/CERQEL_TST 23-01-2025, 11.53 AM.xcarchive/Products/Applications/CERQEL.app/Frameworks/FirebaseCoreInternal.framework/FirebaseCoreInternal'>', hardenedRuntime='0'>'> are: {
}
2025-01-23 10:03:04 +0000  Writing entitlements for <IDEDistributionItem: 0x6001fc0b52c0; bundleID='org.cocoapods.FirebaseCoreInternal', path='<DVTFilePath:0x60007cbf9980:'/Users/ahmedmaher/Library/Developer/Xcode/Archives/2025-01-23/CERQEL_TST 23-01-2025, 11.53 AM.xcarchive/Products/Applications/CERQEL.app/Frameworks/FirebaseCoreInternal.framework'>', codeSigningInfo='<_DVTCodeSigningInformation_Path: 0x60010c54c870; isSigned='1', isAdHocSigned='0', signingCertificate='<DVTSigningCertificate: 0x6000991b9200; name='Apple Development: Ahmed Maher (N5M5QPPB69)', hash='FC4EF9E1EDFAE25151A1E6A8911A084FC1B246BC', serialNumber='6AFACB33A60CA473FDD90B5286798487', certificateKinds='(
    "1.2.840.113635.100.6.1.12",
    "1.2.840.113635.100.6.1.2"
), issueDate='2025-01-16 09:51:48 +0000''>', entitlements='(null)', teamID='2536D9AR8F', identifier='org.cocoapods.FirebaseCoreInternal', executablePath='<DVTFilePath:0x60012cd96f40:'/Users/ahmedmaher/Library/Developer/Xcode/Archives/2025-01-23/CERQEL_TST 23-01-2025, 11.53 AM.xcarchive/Products/Applications/CERQEL.app/Frameworks/FirebaseCoreInternal.framework/FirebaseCoreInternal'>', hardenedRuntime='0'>'> to: /var/folders/c1/scr8lqss6bz1rlk85myhm_jc0000gn/T/XcodeDistPipeline.~~~WsWTzJ/entitlements~~~8SkFG4
2025-01-23 10:03:04 +0000  Running /usr/bin/codesign '-vvv' '--force' '--sign' 'B74E043AB25CE9CDA63E6A99C27C04D4656978A2' '--entitlements' '/var/folders/c1/scr8lqss6bz1rlk85myhm_jc0000gn/T/XcodeDistPipeline.~~~WsWTzJ/entitlements~~~8SkFG4' '--generate-entitlement-der' '--strip-disallowed-xattrs' '--preserve-metadata=identifier,flags,runtime' '/var/folders/c1/scr8lqss6bz1rlk85myhm_jc0000gn/T/XcodeDistPipeline.~~~WsWTzJ/Root/Payload/CERQEL.app/Frameworks/FirebaseCoreInternal.framework'
2025-01-23 10:03:04 +0000  /var/folders/c1/scr8lqss6bz1rlk85myhm_jc0000gn/T/XcodeDistPipeline.~~~WsWTzJ/Root/Payload/CERQEL.app/Frameworks/FirebaseCoreInternal.framework: replacing existing signature
2025-01-23 10:03:04 +0000  /var/folders/c1/scr8lqss6bz1rlk85myhm_jc0000gn/T/XcodeDistPipeline.~~~WsWTzJ/Root/Payload/CERQEL.app/Frameworks/FirebaseCoreInternal.framework: signed bundle with Mach-O thin (arm64) [org.cocoapods.FirebaseCoreInternal]
2025-01-23 10:03:04 +0000  /usr/bin/codesign exited with 0
2025-01-23 10:03:04 +0000  Entitlements for <IDEDistributionItem: 0x6001fc0dc000; bundleID='org.cocoapods.FirebaseCrashlytics', path='<DVTFilePath:0x600254be0300:'/Users/ahmedmaher/Library/Developer/Xcode/Archives/2025-01-23/CERQEL_TST 23-01-2025, 11.53 AM.xcarchive/Products/Applications/CERQEL.app/Frameworks/FirebaseCrashlytics.framework'>', codeSigningInfo='<_DVTCodeSigningInformation_Path: 0x60010c70c410; isSigned='1', isAdHocSigned='0', signingCertificate='<DVTSigningCertificate: 0x600059e14f00; name='Apple Development: Ahmed Maher (N5M5QPPB69)', hash='FC4EF9E1EDFAE25151A1E6A8911A084FC1B246BC', serialNumber='6AFACB33A60CA473FDD90B5286798487', certificateKinds='(
    "1.2.840.113635.100.6.1.12",
    "1.2.840.113635.100.6.1.2"
), issueDate='2025-01-16 09:51:48 +0000''>', entitlements='(null)', teamID='2536D9AR8F', identifier='org.cocoapods.FirebaseCrashlytics', executablePath='<DVTFilePath:0x60012cd972c0:'/Users/ahmedmaher/Library/Developer/Xcode/Archives/2025-01-23/CERQEL_TST 23-01-2025, 11.53 AM.xcarchive/Products/Applications/CERQEL.app/Frameworks/FirebaseCrashlytics.framework/FirebaseCrashlytics'>', hardenedRuntime='0'>'>: {
}
2025-01-23 10:03:04 +0000  Associated App Clip Identifiers Filter: Skipping because "com.apple.developer.associated-appclip-app-identifiers" is not present
2025-01-23 10:03:04 +0000  Entitlements for <IDEDistributionItem: 0x6001fc0dc000; bundleID='org.cocoapods.FirebaseCrashlytics', path='<DVTFilePath:0x600254be0300:'/Users/ahmedmaher/Library/Developer/Xcode/Archives/2025-01-23/CERQEL_TST 23-01-2025, 11.53 AM.xcarchive/Products/Applications/CERQEL.app/Frameworks/FirebaseCrashlytics.framework'>', codeSigningInfo='<_DVTCodeSigningInformation_Path: 0x60010c70c410; isSigned='1', isAdHocSigned='0', signingCertificate='<DVTSigningCertificate: 0x600059e17b40; name='Apple Development: Ahmed Maher (N5M5QPPB69)', hash='FC4EF9E1EDFAE25151A1E6A8911A084FC1B246BC', serialNumber='6AFACB33A60CA473FDD90B5286798487', certificateKinds='(
    "1.2.840.113635.100.6.1.12",
    "1.2.840.113635.100.6.1.2"
), issueDate='2025-01-16 09:51:48 +0000''>', entitlements='(null)', teamID='2536D9AR8F', identifier='org.cocoapods.FirebaseCrashlytics', executablePath='<DVTFilePath:0x60012cd972c0:'/Users/ahmedmaher/Library/Developer/Xcode/Archives/2025-01-23/CERQEL_TST 23-01-2025, 11.53 AM.xcarchive/Products/Applications/CERQEL.app/Frameworks/FirebaseCrashlytics.framework/FirebaseCrashlytics'>', hardenedRuntime='0'>'> are: {
}
2025-01-23 10:03:04 +0000  Writing entitlements for <IDEDistributionItem: 0x6001fc0dc000; bundleID='org.cocoapods.FirebaseCrashlytics', path='<DVTFilePath:0x600254be0300:'/Users/ahmedmaher/Library/Developer/Xcode/Archives/2025-01-23/CERQEL_TST 23-01-2025, 11.53 AM.xcarchive/Products/Applications/CERQEL.app/Frameworks/FirebaseCrashlytics.framework'>', codeSigningInfo='<_DVTCodeSigningInformation_Path: 0x60010c70c410; isSigned='1', isAdHocSigned='0', signingCertificate='<DVTSigningCertificate: 0x6000991b8780; name='Apple Development: Ahmed Maher (N5M5QPPB69)', hash='FC4EF9E1EDFAE25151A1E6A8911A084FC1B246BC', serialNumber='6AFACB33A60CA473FDD90B5286798487', certificateKinds='(
    "1.2.840.113635.100.6.1.12",
    "1.2.840.113635.100.6.1.2"
), issueDate='2025-01-16 09:51:48 +0000''>', entitlements='(null)', teamID='2536D9AR8F', identifier='org.cocoapods.FirebaseCrashlytics', executablePath='<DVTFilePath:0x60012cd972c0:'/Users/ahmedmaher/Library/Developer/Xcode/Archives/2025-01-23/CERQEL_TST 23-01-2025, 11.53 AM.xcarchive/Products/Applications/CERQEL.app/Frameworks/FirebaseCrashlytics.framework/FirebaseCrashlytics'>', hardenedRuntime='0'>'> to: /var/folders/c1/scr8lqss6bz1rlk85myhm_jc0000gn/T/XcodeDistPipeline.~~~WsWTzJ/entitlements~~~2qq6bn
2025-01-23 10:03:04 +0000  Running /usr/bin/codesign '-vvv' '--force' '--sign' 'B74E043AB25CE9CDA63E6A99C27C04D4656978A2' '--entitlements' '/var/folders/c1/scr8lqss6bz1rlk85myhm_jc0000gn/T/XcodeDistPipeline.~~~WsWTzJ/entitlements~~~2qq6bn' '--generate-entitlement-der' '--strip-disallowed-xattrs' '--preserve-metadata=identifier,flags,runtime' '/var/folders/c1/scr8lqss6bz1rlk85myhm_jc0000gn/T/XcodeDistPipeline.~~~WsWTzJ/Root/Payload/CERQEL.app/Frameworks/FirebaseCrashlytics.framework'
2025-01-23 10:03:04 +0000  /var/folders/c1/scr8lqss6bz1rlk85myhm_jc0000gn/T/XcodeDistPipeline.~~~WsWTzJ/Root/Payload/CERQEL.app/Frameworks/FirebaseCrashlytics.framework: replacing existing signature
2025-01-23 10:03:04 +0000  /var/folders/c1/scr8lqss6bz1rlk85myhm_jc0000gn/T/XcodeDistPipeline.~~~WsWTzJ/Root/Payload/CERQEL.app/Frameworks/FirebaseCrashlytics.framework: signed bundle with Mach-O thin (arm64) [org.cocoapods.FirebaseCrashlytics]
2025-01-23 10:03:04 +0000  /usr/bin/codesign exited with 0
2025-01-23 10:03:04 +0000  Entitlements for <IDEDistributionItem: 0x6001fc0dd4a0; bundleID='org.cocoapods.FirebaseFirestore', path='<DVTFilePath:0x600254be0200:'/Users/ahmedmaher/Library/Developer/Xcode/Archives/2025-01-23/CERQEL_TST 23-01-2025, 11.53 AM.xcarchive/Products/Applications/CERQEL.app/Frameworks/FirebaseFirestore.framework'>', codeSigningInfo='<_DVTCodeSigningInformation_Path: 0x60010c71c230; isSigned='1', isAdHocSigned='0', signingCertificate='<DVTSigningCertificate: 0x6000991b8780; name='Apple Development: Ahmed Maher (N5M5QPPB69)', hash='FC4EF9E1EDFAE25151A1E6A8911A084FC1B246BC', serialNumber='6AFACB33A60CA473FDD90B5286798487', certificateKinds='(
    "1.2.840.113635.100.6.1.12",
    "1.2.840.113635.100.6.1.2"
), issueDate='2025-01-16 09:51:48 +0000''>', entitlements='(null)', teamID='2536D9AR8F', identifier='org.cocoapods.FirebaseFirestore', executablePath='<DVTFilePath:0x60012cd97640:'/Users/ahmedmaher/Library/Developer/Xcode/Archives/2025-01-23/CERQEL_TST 23-01-2025, 11.53 AM.xcarchive/Products/Applications/CERQEL.app/Frameworks/FirebaseFirestore.framework/FirebaseFirestore'>', hardenedRuntime='0'>'>: {
}
2025-01-23 10:03:04 +0000  Associated App Clip Identifiers Filter: Skipping because "com.apple.developer.associated-appclip-app-identifiers" is not present
2025-01-23 10:03:04 +0000  Entitlements for <IDEDistributionItem: 0x6001fc0dd4a0; bundleID='org.cocoapods.FirebaseFirestore', path='<DVTFilePath:0x600254be0200:'/Users/ahmedmaher/Library/Developer/Xcode/Archives/2025-01-23/CERQEL_TST 23-01-2025, 11.53 AM.xcarchive/Products/Applications/CERQEL.app/Frameworks/FirebaseFirestore.framework'>', codeSigningInfo='<_DVTCodeSigningInformation_Path: 0x60010c71c230; isSigned='1', isAdHocSigned='0', signingCertificate='<DVTSigningCertificate: 0x600059e14f00; name='Apple Development: Ahmed Maher (N5M5QPPB69)', hash='FC4EF9E1EDFAE25151A1E6A8911A084FC1B246BC', serialNumber='6AFACB33A60CA473FDD90B5286798487', certificateKinds='(
    "1.2.840.113635.100.6.1.12",
    "1.2.840.113635.100.6.1.2"
), issueDate='2025-01-16 09:51:48 +0000''>', entitlements='(null)', teamID='2536D9AR8F', identifier='org.cocoapods.FirebaseFirestore', executablePath='<DVTFilePath:0x60012cd97640:'/Users/ahmedmaher/Library/Developer/Xcode/Archives/2025-01-23/CERQEL_TST 23-01-2025, 11.53 AM.xcarchive/Products/Applications/CERQEL.app/Frameworks/FirebaseFirestore.framework/FirebaseFirestore'>', hardenedRuntime='0'>'> are: {
}
2025-01-23 10:03:04 +0000  Writing entitlements for <IDEDistributionItem: 0x6001fc0dd4a0; bundleID='org.cocoapods.FirebaseFirestore', path='<DVTFilePath:0x600254be0200:'/Users/ahmedmaher/Library/Developer/Xcode/Archives/2025-01-23/CERQEL_TST 23-01-2025, 11.53 AM.xcarchive/Products/Applications/CERQEL.app/Frameworks/FirebaseFirestore.framework'>', codeSigningInfo='<_DVTCodeSigningInformation_Path: 0x60010c71c230; isSigned='1', isAdHocSigned='0', signingCertificate='<DVTSigningCertificate: 0x6000991b9200; name='Apple Development: Ahmed Maher (N5M5QPPB69)', hash='FC4EF9E1EDFAE25151A1E6A8911A084FC1B246BC', serialNumber='6AFACB33A60CA473FDD90B5286798487', certificateKinds='(
    "1.2.840.113635.100.6.1.12",
    "1.2.840.113635.100.6.1.2"
), issueDate='2025-01-16 09:51:48 +0000''>', entitlements='(null)', teamID='2536D9AR8F', identifier='org.cocoapods.FirebaseFirestore', executablePath='<DVTFilePath:0x60012cd97640:'/Users/ahmedmaher/Library/Developer/Xcode/Archives/2025-01-23/CERQEL_TST 23-01-2025, 11.53 AM.xcarchive/Products/Applications/CERQEL.app/Frameworks/FirebaseFirestore.framework/FirebaseFirestore'>', hardenedRuntime='0'>'> to: /var/folders/c1/scr8lqss6bz1rlk85myhm_jc0000gn/T/XcodeDistPipeline.~~~WsWTzJ/entitlements~~~EcwcAq
2025-01-23 10:03:04 +0000  Running /usr/bin/codesign '-vvv' '--force' '--sign' 'B74E043AB25CE9CDA63E6A99C27C04D4656978A2' '--entitlements' '/var/folders/c1/scr8lqss6bz1rlk85myhm_jc0000gn/T/XcodeDistPipeline.~~~WsWTzJ/entitlements~~~EcwcAq' '--generate-entitlement-der' '--strip-disallowed-xattrs' '--preserve-metadata=identifier,flags,runtime' '/var/folders/c1/scr8lqss6bz1rlk85myhm_jc0000gn/T/XcodeDistPipeline.~~~WsWTzJ/Root/Payload/CERQEL.app/Frameworks/FirebaseFirestore.framework'
2025-01-23 10:03:04 +0000  /var/folders/c1/scr8lqss6bz1rlk85myhm_jc0000gn/T/XcodeDistPipeline.~~~WsWTzJ/Root/Payload/CERQEL.app/Frameworks/FirebaseFirestore.framework: replacing existing signature
2025-01-23 10:03:05 +0000  /var/folders/c1/scr8lqss6bz1rlk85myhm_jc0000gn/T/XcodeDistPipeline.~~~WsWTzJ/Root/Payload/CERQEL.app/Frameworks/FirebaseFirestore.framework: signed bundle with Mach-O thin (arm64) [org.cocoapods.FirebaseFirestore]
2025-01-23 10:03:05 +0000  /usr/bin/codesign exited with 0
2025-01-23 10:03:05 +0000  Entitlements for <IDEDistributionItem: 0x6001fc0b8600; bundleID='org.cocoapods.FirebaseFirestoreInternal', path='<DVTFilePath:0x600254be0780:'/Users/ahmedmaher/Library/Developer/Xcode/Archives/2025-01-23/CERQEL_TST 23-01-2025, 11.53 AM.xcarchive/Products/Applications/CERQEL.app/Frameworks/FirebaseFirestoreInternal.framework'>', codeSigningInfo='<_DVTCodeSigningInformation_Path: 0x60010c72f480; isSigned='1', isAdHocSigned='0', signingCertificate='<DVTSigningCertificate: 0x6000991b9200; name='Apple Development: Ahmed Maher (N5M5QPPB69)', hash='FC4EF9E1EDFAE25151A1E6A8911A084FC1B246BC', serialNumber='6AFACB33A60CA473FDD90B5286798487', certificateKinds='(
    "1.2.840.113635.100.6.1.12",
    "1.2.840.113635.100.6.1.2"
), issueDate='2025-01-16 09:51:48 +0000''>', entitlements='(null)', teamID='2536D9AR8F', identifier='org.cocoapods.FirebaseFirestoreInternal', executablePath='<DVTFilePath:0x6001a4822d00:'/Users/ahmedmaher/Library/Developer/Xcode/Archives/2025-01-23/CERQEL_TST 23-01-2025, 11.53 AM.xcarchive/Products/Applications/CERQEL.app/Frameworks/FirebaseFirestoreInternal.framework/FirebaseFirestoreInternal'>', hardenedRuntime='0'>'>: {
}
2025-01-23 10:03:05 +0000  Associated App Clip Identifiers Filter: Skipping because "com.apple.developer.associated-appclip-app-identifiers" is not present
2025-01-23 10:03:05 +0000  Entitlements for <IDEDistributionItem: 0x6001fc0b8600; bundleID='org.cocoapods.FirebaseFirestoreInternal', path='<DVTFilePath:0x600254be0780:'/Users/ahmedmaher/Library/Developer/Xcode/Archives/2025-01-23/CERQEL_TST 23-01-2025, 11.53 AM.xcarchive/Products/Applications/CERQEL.app/Frameworks/FirebaseFirestoreInternal.framework'>', codeSigningInfo='<_DVTCodeSigningInformation_Path: 0x60010c72f480; isSigned='1', isAdHocSigned='0', signingCertificate='<DVTSigningCertificate: 0x600059e14f00; name='Apple Development: Ahmed Maher (N5M5QPPB69)', hash='FC4EF9E1EDFAE25151A1E6A8911A084FC1B246BC', serialNumber='6AFACB33A60CA473FDD90B5286798487', certificateKinds='(
    "1.2.840.113635.100.6.1.12",
    "1.2.840.113635.100.6.1.2"
), issueDate='2025-01-16 09:51:48 +0000''>', entitlements='(null)', teamID='2536D9AR8F', identifier='org.cocoapods.FirebaseFirestoreInternal', executablePath='<DVTFilePath:0x6001a4822d00:'/Users/ahmedmaher/Library/Developer/Xcode/Archives/2025-01-23/CERQEL_TST 23-01-2025, 11.53 AM.xcarchive/Products/Applications/CERQEL.app/Frameworks/FirebaseFirestoreInternal.framework/FirebaseFirestoreInternal'>', hardenedRuntime='0'>'> are: {
}
2025-01-23 10:03:05 +0000  Writing entitlements for <IDEDistributionItem: 0x6001fc0b8600; bundleID='org.cocoapods.FirebaseFirestoreInternal', path='<DVTFilePath:0x600254be0780:'/Users/ahmedmaher/Library/Developer/Xcode/Archives/2025-01-23/CERQEL_TST 23-01-2025, 11.53 AM.xcarchive/Products/Applications/CERQEL.app/Frameworks/FirebaseFirestoreInternal.framework'>', codeSigningInfo='<_DVTCodeSigningInformation_Path: 0x60010c72f480; isSigned='1', isAdHocSigned='0', signingCertificate='<DVTSigningCertificate: 0x6000991b89c0; name='Apple Development: Ahmed Maher (N5M5QPPB69)', hash='FC4EF9E1EDFAE25151A1E6A8911A084FC1B246BC', serialNumber='6AFACB33A60CA473FDD90B5286798487', certificateKinds='(
    "1.2.840.113635.100.6.1.12",
    "1.2.840.113635.100.6.1.2"
), issueDate='2025-01-16 09:51:48 +0000''>', entitlements='(null)', teamID='2536D9AR8F', identifier='org.cocoapods.FirebaseFirestoreInternal', executablePath='<DVTFilePath:0x6001a4822d00:'/Users/ahmedmaher/Library/Developer/Xcode/Archives/2025-01-23/CERQEL_TST 23-01-2025, 11.53 AM.xcarchive/Products/Applications/CERQEL.app/Frameworks/FirebaseFirestoreInternal.framework/FirebaseFirestoreInternal'>', hardenedRuntime='0'>'> to: /var/folders/c1/scr8lqss6bz1rlk85myhm_jc0000gn/T/XcodeDistPipeline.~~~WsWTzJ/entitlements~~~yBOF97
2025-01-23 10:03:05 +0000  Running /usr/bin/codesign '-vvv' '--force' '--sign' 'B74E043AB25CE9CDA63E6A99C27C04D4656978A2' '--entitlements' '/var/folders/c1/scr8lqss6bz1rlk85myhm_jc0000gn/T/XcodeDistPipeline.~~~WsWTzJ/entitlements~~~yBOF97' '--generate-entitlement-der' '--strip-disallowed-xattrs' '--preserve-metadata=identifier,flags,runtime' '/var/folders/c1/scr8lqss6bz1rlk85myhm_jc0000gn/T/XcodeDistPipeline.~~~WsWTzJ/Root/Payload/CERQEL.app/Frameworks/FirebaseFirestoreInternal.framework'
2025-01-23 10:03:05 +0000  /var/folders/c1/scr8lqss6bz1rlk85myhm_jc0000gn/T/XcodeDistPipeline.~~~WsWTzJ/Root/Payload/CERQEL.app/Frameworks/FirebaseFirestoreInternal.framework: replacing existing signature
2025-01-23 10:03:05 +0000  /var/folders/c1/scr8lqss6bz1rlk85myhm_jc0000gn/T/XcodeDistPipeline.~~~WsWTzJ/Root/Payload/CERQEL.app/Frameworks/FirebaseFirestoreInternal.framework: signed bundle with Mach-O thin (arm64) [org.cocoapods.FirebaseFirestoreInternal]
2025-01-23 10:03:05 +0000  /usr/bin/codesign exited with 0
2025-01-23 10:03:05 +0000  Entitlements for <IDEDistributionItem: 0x6001fc0da100; bundleID='org.cocoapods.FirebaseInstallations', path='<DVTFilePath:0x600254be0800:'/Users/ahmedmaher/Library/Developer/Xcode/Archives/2025-01-23/CERQEL_TST 23-01-2025, 11.53 AM.xcarchive/Products/Applications/CERQEL.app/Frameworks/FirebaseInstallations.framework'>', codeSigningInfo='<_DVTCodeSigningInformation_Path: 0x60010c758690; isSigned='1', isAdHocSigned='0', signingCertificate='<DVTSigningCertificate: 0x6000991b9200; name='Apple Development: Ahmed Maher (N5M5QPPB69)', hash='FC4EF9E1EDFAE25151A1E6A8911A084FC1B246BC', serialNumber='6AFACB33A60CA473FDD90B5286798487', certificateKinds='(
    "1.2.840.113635.100.6.1.12",
    "1.2.840.113635.100.6.1.2"
), issueDate='2025-01-16 09:51:48 +0000''>', entitlements='(null)', teamID='2536D9AR8F', identifier='org.cocoapods.FirebaseInstallations', executablePath='<DVTFilePath:0x60012cd97cd0:'/Users/ahmedmaher/Library/Developer/Xcode/Archives/2025-01-23/CERQEL_TST 23-01-2025, 11.53 AM.xcarchive/Products/Applications/CERQEL.app/Frameworks/FirebaseInstallations.framework/FirebaseInstallations'>', hardenedRuntime='0'>'>: {
}
2025-01-23 10:03:05 +0000  Associated App Clip Identifiers Filter: Skipping because "com.apple.developer.associated-appclip-app-identifiers" is not present
2025-01-23 10:03:05 +0000  Entitlements for <IDEDistributionItem: 0x6001fc0da100; bundleID='org.cocoapods.FirebaseInstallations', path='<DVTFilePath:0x600254be0800:'/Users/ahmedmaher/Library/Developer/Xcode/Archives/2025-01-23/CERQEL_TST 23-01-2025, 11.53 AM.xcarchive/Products/Applications/CERQEL.app/Frameworks/FirebaseInstallations.framework'>', codeSigningInfo='<_DVTCodeSigningInformation_Path: 0x60010c758690; isSigned='1', isAdHocSigned='0', signingCertificate='<DVTSigningCertificate: 0x600059e14f00; name='Apple Development: Ahmed Maher (N5M5QPPB69)', hash='FC4EF9E1EDFAE25151A1E6A8911A084FC1B246BC', serialNumber='6AFACB33A60CA473FDD90B5286798487', certificateKinds='(
    "1.2.840.113635.100.6.1.12",
    "1.2.840.113635.100.6.1.2"
), issueDate='2025-01-16 09:51:48 +0000''>', entitlements='(null)', teamID='2536D9AR8F', identifier='org.cocoapods.FirebaseInstallations', executablePath='<DVTFilePath:0x60012cd97cd0:'/Users/ahmedmaher/Library/Developer/Xcode/Archives/2025-01-23/CERQEL_TST 23-01-2025, 11.53 AM.xcarchive/Products/Applications/CERQEL.app/Frameworks/FirebaseInstallations.framework/FirebaseInstallations'>', hardenedRuntime='0'>'> are: {
}
2025-01-23 10:03:05 +0000  Writing entitlements for <IDEDistributionItem: 0x6001fc0da100; bundleID='org.cocoapods.FirebaseInstallations', path='<DVTFilePath:0x600254be0800:'/Users/ahmedmaher/Library/Developer/Xcode/Archives/2025-01-23/CERQEL_TST 23-01-2025, 11.53 AM.xcarchive/Products/Applications/CERQEL.app/Frameworks/FirebaseInstallations.framework'>', codeSigningInfo='<_DVTCodeSigningInformation_Path: 0x60010c758690; isSigned='1', isAdHocSigned='0', signingCertificate='<DVTSigningCertificate: 0x6000991b89c0; name='Apple Development: Ahmed Maher (N5M5QPPB69)', hash='FC4EF9E1EDFAE25151A1E6A8911A084FC1B246BC', serialNumber='6AFACB33A60CA473FDD90B5286798487', certificateKinds='(
    "1.2.840.113635.100.6.1.12",
    "1.2.840.113635.100.6.1.2"
), issueDate='2025-01-16 09:51:48 +0000''>', entitlements='(null)', teamID='2536D9AR8F', identifier='org.cocoapods.FirebaseInstallations', executablePath='<DVTFilePath:0x60012cd97cd0:'/Users/ahmedmaher/Library/Developer/Xcode/Archives/2025-01-23/CERQEL_TST 23-01-2025, 11.53 AM.xcarchive/Products/Applications/CERQEL.app/Frameworks/FirebaseInstallations.framework/FirebaseInstallations'>', hardenedRuntime='0'>'> to: /var/folders/c1/scr8lqss6bz1rlk85myhm_jc0000gn/T/XcodeDistPipeline.~~~WsWTzJ/entitlements~~~JzKkYj
2025-01-23 10:03:05 +0000  Running /usr/bin/codesign '-vvv' '--force' '--sign' 'B74E043AB25CE9CDA63E6A99C27C04D4656978A2' '--entitlements' '/var/folders/c1/scr8lqss6bz1rlk85myhm_jc0000gn/T/XcodeDistPipeline.~~~WsWTzJ/entitlements~~~JzKkYj' '--generate-entitlement-der' '--strip-disallowed-xattrs' '--preserve-metadata=identifier,flags,runtime' '/var/folders/c1/scr8lqss6bz1rlk85myhm_jc0000gn/T/XcodeDistPipeline.~~~WsWTzJ/Root/Payload/CERQEL.app/Frameworks/FirebaseInstallations.framework'
2025-01-23 10:03:05 +0000  /var/folders/c1/scr8lqss6bz1rlk85myhm_jc0000gn/T/XcodeDistPipeline.~~~WsWTzJ/Root/Payload/CERQEL.app/Frameworks/FirebaseInstallations.framework: replacing existing signature
2025-01-23 10:03:05 +0000  /var/folders/c1/scr8lqss6bz1rlk85myhm_jc0000gn/T/XcodeDistPipeline.~~~WsWTzJ/Root/Payload/CERQEL.app/Frameworks/FirebaseInstallations.framework: signed bundle with Mach-O thin (arm64) [org.cocoapods.FirebaseInstallations]
2025-01-23 10:03:05 +0000  /usr/bin/codesign exited with 0
2025-01-23 10:03:05 +0000  Entitlements for <IDEDistributionItem: 0x6001fc0db2a0; bundleID='org.cocoapods.FirebaseMessaging', path='<DVTFilePath:0x60007cbfb580:'/Users/ahmedmaher/Library/Developer/Xcode/Archives/2025-01-23/CERQEL_TST 23-01-2025, 11.53 AM.xcarchive/Products/Applications/CERQEL.app/Frameworks/FirebaseMessaging.framework'>', codeSigningInfo='<_DVTCodeSigningInformation_Path: 0x60010c74b200; isSigned='1', isAdHocSigned='0', signingCertificate='<DVTSigningCertificate: 0x600059e14f00; name='Apple Development: Ahmed Maher (N5M5QPPB69)', hash='FC4EF9E1EDFAE25151A1E6A8911A084FC1B246BC', serialNumber='6AFACB33A60CA473FDD90B5286798487', certificateKinds='(
    "1.2.840.113635.100.6.1.12",
    "1.2.840.113635.100.6.1.2"
), issueDate='2025-01-16 09:51:48 +0000''>', entitlements='(null)', teamID='2536D9AR8F', identifier='org.cocoapods.FirebaseMessaging', executablePath='<DVTFilePath:0x60012cd98070:'/Users/ahmedmaher/Library/Developer/Xcode/Archives/2025-01-23/CERQEL_TST 23-01-2025, 11.53 AM.xcarchive/Products/Applications/CERQEL.app/Frameworks/FirebaseMessaging.framework/FirebaseMessaging'>', hardenedRuntime='0'>'>: {
}
2025-01-23 10:03:05 +0000  Associated App Clip Identifiers Filter: Skipping because "com.apple.developer.associated-appclip-app-identifiers" is not present
2025-01-23 10:03:05 +0000  Entitlements for <IDEDistributionItem: 0x6001fc0db2a0; bundleID='org.cocoapods.FirebaseMessaging', path='<DVTFilePath:0x60007cbfb580:'/Users/ahmedmaher/Library/Developer/Xcode/Archives/2025-01-23/CERQEL_TST 23-01-2025, 11.53 AM.xcarchive/Products/Applications/CERQEL.app/Frameworks/FirebaseMessaging.framework'>', codeSigningInfo='<_DVTCodeSigningInformation_Path: 0x60010c74b200; isSigned='1', isAdHocSigned='0', signingCertificate='<DVTSigningCertificate: 0x600059e17b40; name='Apple Development: Ahmed Maher (N5M5QPPB69)', hash='FC4EF9E1EDFAE25151A1E6A8911A084FC1B246BC', serialNumber='6AFACB33A60CA473FDD90B5286798487', certificateKinds='(
    "1.2.840.113635.100.6.1.12",
    "1.2.840.113635.100.6.1.2"
), issueDate='2025-01-16 09:51:48 +0000''>', entitlements='(null)', teamID='2536D9AR8F', identifier='org.cocoapods.FirebaseMessaging', executablePath='<DVTFilePath:0x60012cd98070:'/Users/ahmedmaher/Library/Developer/Xcode/Archives/2025-01-23/CERQEL_TST 23-01-2025, 11.53 AM.xcarchive/Products/Applications/CERQEL.app/Frameworks/FirebaseMessaging.framework/FirebaseMessaging'>', hardenedRuntime='0'>'> are: {
}
2025-01-23 10:03:05 +0000  Writing entitlements for <IDEDistributionItem: 0x6001fc0db2a0; bundleID='org.cocoapods.FirebaseMessaging', path='<DVTFilePath:0x60007cbfb580:'/Users/ahmedmaher/Library/Developer/Xcode/Archives/2025-01-23/CERQEL_TST 23-01-2025, 11.53 AM.xcarchive/Products/Applications/CERQEL.app/Frameworks/FirebaseMessaging.framework'>', codeSigningInfo='<_DVTCodeSigningInformation_Path: 0x60010c74b200; isSigned='1', isAdHocSigned='0', signingCertificate='<DVTSigningCertificate: 0x600059e16400; name='Apple Development: Ahmed Maher (N5M5QPPB69)', hash='FC4EF9E1EDFAE25151A1E6A8911A084FC1B246BC', serialNumber='6AFACB33A60CA473FDD90B5286798487', certificateKinds='(
    "1.2.840.113635.100.6.1.12",
    "1.2.840.113635.100.6.1.2"
), issueDate='2025-01-16 09:51:48 +0000''>', entitlements='(null)', teamID='2536D9AR8F', identifier='org.cocoapods.FirebaseMessaging', executablePath='<DVTFilePath:0x60012cd98070:'/Users/ahmedmaher/Library/Developer/Xcode/Archives/2025-01-23/CERQEL_TST 23-01-2025, 11.53 AM.xcarchive/Products/Applications/CERQEL.app/Frameworks/FirebaseMessaging.framework/FirebaseMessaging'>', hardenedRuntime='0'>'> to: /var/folders/c1/scr8lqss6bz1rlk85myhm_jc0000gn/T/XcodeDistPipeline.~~~WsWTzJ/entitlements~~~EHseUi
2025-01-23 10:03:05 +0000  Running /usr/bin/codesign '-vvv' '--force' '--sign' 'B74E043AB25CE9CDA63E6A99C27C04D4656978A2' '--entitlements' '/var/folders/c1/scr8lqss6bz1rlk85myhm_jc0000gn/T/XcodeDistPipeline.~~~WsWTzJ/entitlements~~~EHseUi' '--generate-entitlement-der' '--strip-disallowed-xattrs' '--preserve-metadata=identifier,flags,runtime' '/var/folders/c1/scr8lqss6bz1rlk85myhm_jc0000gn/T/XcodeDistPipeline.~~~WsWTzJ/Root/Payload/CERQEL.app/Frameworks/FirebaseMessaging.framework'
2025-01-23 10:03:05 +0000  /var/folders/c1/scr8lqss6bz1rlk85myhm_jc0000gn/T/XcodeDistPipeline.~~~WsWTzJ/Root/Payload/CERQEL.app/Frameworks/FirebaseMessaging.framework: replacing existing signature
2025-01-23 10:03:05 +0000  /var/folders/c1/scr8lqss6bz1rlk85myhm_jc0000gn/T/XcodeDistPipeline.~~~WsWTzJ/Root/Payload/CERQEL.app/Frameworks/FirebaseMessaging.framework: signed bundle with Mach-O thin (arm64) [org.cocoapods.FirebaseMessaging]
2025-01-23 10:03:05 +0000  /usr/bin/codesign exited with 0
2025-01-23 10:03:05 +0000  Entitlements for <IDEDistributionItem: 0x6001fc0d9440; bundleID='org.cocoapods.FirebaseRemoteConfigInterop', path='<DVTFilePath:0x600254be0880:'/Users/ahmedmaher/Library/Developer/Xcode/Archives/2025-01-23/CERQEL_TST 23-01-2025, 11.53 AM.xcarchive/Products/Applications/CERQEL.app/Frameworks/FirebaseRemoteConfigInterop.framework'>', codeSigningInfo='<_DVTCodeSigningInformation_Path: 0x60010c726620; isSigned='1', isAdHocSigned='0', signingCertificate='<DVTSigningCertificate: 0x6000991b8180; name='Apple Development: Ahmed Maher (N5M5QPPB69)', hash='FC4EF9E1EDFAE25151A1E6A8911A084FC1B246BC', serialNumber='6AFACB33A60CA473FDD90B5286798487', certificateKinds='(
    "1.2.840.113635.100.6.1.12",
    "1.2.840.113635.100.6.1.2"
), issueDate='2025-01-16 09:51:48 +0000''>', entitlements='(null)', teamID='2536D9AR8F', identifier='org.cocoapods.FirebaseRemoteConfigInterop', executablePath='<DVTFilePath:0x6001a4a7c180:'/Users/ahmedmaher/Library/Developer/Xcode/Archives/2025-01-23/CERQEL_TST 23-01-2025, 11.53 AM.xcarchive/Products/Applications/CERQEL.app/Frameworks/FirebaseRemoteConfigInterop.framework/FirebaseRemoteConfigInterop'>', hardenedRuntime='0'>'>: {
}
2025-01-23 10:03:05 +0000  Associated App Clip Identifiers Filter: Skipping because "com.apple.developer.associated-appclip-app-identifiers" is not present
2025-01-23 10:03:05 +0000  Entitlements for <IDEDistributionItem: 0x6001fc0d9440; bundleID='org.cocoapods.FirebaseRemoteConfigInterop', path='<DVTFilePath:0x600254be0880:'/Users/ahmedmaher/Library/Developer/Xcode/Archives/2025-01-23/CERQEL_TST 23-01-2025, 11.53 AM.xcarchive/Products/Applications/CERQEL.app/Frameworks/FirebaseRemoteConfigInterop.framework'>', codeSigningInfo='<_DVTCodeSigningInformation_Path: 0x60010c726620; isSigned='1', isAdHocSigned='0', signingCertificate='<DVTSigningCertificate: 0x600059e14f00; name='Apple Development: Ahmed Maher (N5M5QPPB69)', hash='FC4EF9E1EDFAE25151A1E6A8911A084FC1B246BC', serialNumber='6AFACB33A60CA473FDD90B5286798487', certificateKinds='(
    "1.2.840.113635.100.6.1.12",
    "1.2.840.113635.100.6.1.2"
), issueDate='2025-01-16 09:51:48 +0000''>', entitlements='(null)', teamID='2536D9AR8F', identifier='org.cocoapods.FirebaseRemoteConfigInterop', executablePath='<DVTFilePath:0x6001a4a7c180:'/Users/ahmedmaher/Library/Developer/Xcode/Archives/2025-01-23/CERQEL_TST 23-01-2025, 11.53 AM.xcarchive/Products/Applications/CERQEL.app/Frameworks/FirebaseRemoteConfigInterop.framework/FirebaseRemoteConfigInterop'>', hardenedRuntime='0'>'> are: {
}
2025-01-23 10:03:05 +0000  Writing entitlements for <IDEDistributionItem: 0x6001fc0d9440; bundleID='org.cocoapods.FirebaseRemoteConfigInterop', path='<DVTFilePath:0x600254be0880:'/Users/ahmedmaher/Library/Developer/Xcode/Archives/2025-01-23/CERQEL_TST 23-01-2025, 11.53 AM.xcarchive/Products/Applications/CERQEL.app/Frameworks/FirebaseRemoteConfigInterop.framework'>', codeSigningInfo='<_DVTCodeSigningInformation_Path: 0x60010c726620; isSigned='1', isAdHocSigned='0', signingCertificate='<DVTSigningCertificate: 0x6000991b9680; name='Apple Development: Ahmed Maher (N5M5QPPB69)', hash='FC4EF9E1EDFAE25151A1E6A8911A084FC1B246BC', serialNumber='6AFACB33A60CA473FDD90B5286798487', certificateKinds='(
    "1.2.840.113635.100.6.1.12",
    "1.2.840.113635.100.6.1.2"
), issueDate='2025-01-16 09:51:48 +0000''>', entitlements='(null)', teamID='2536D9AR8F', identifier='org.cocoapods.FirebaseRemoteConfigInterop', executablePath='<DVTFilePath:0x6001a4a7c180:'/Users/ahmedmaher/Library/Developer/Xcode/Archives/2025-01-23/CERQEL_TST 23-01-2025, 11.53 AM.xcarchive/Products/Applications/CERQEL.app/Frameworks/FirebaseRemoteConfigInterop.framework/FirebaseRemoteConfigInterop'>', hardenedRuntime='0'>'> to: /var/folders/c1/scr8lqss6bz1rlk85myhm_jc0000gn/T/XcodeDistPipeline.~~~WsWTzJ/entitlements~~~M7sqPK
2025-01-23 10:03:05 +0000  Running /usr/bin/codesign '-vvv' '--force' '--sign' 'B74E043AB25CE9CDA63E6A99C27C04D4656978A2' '--entitlements' '/var/folders/c1/scr8lqss6bz1rlk85myhm_jc0000gn/T/XcodeDistPipeline.~~~WsWTzJ/entitlements~~~M7sqPK' '--generate-entitlement-der' '--strip-disallowed-xattrs' '--preserve-metadata=identifier,flags,runtime' '/var/folders/c1/scr8lqss6bz1rlk85myhm_jc0000gn/T/XcodeDistPipeline.~~~WsWTzJ/Root/Payload/CERQEL.app/Frameworks/FirebaseRemoteConfigInterop.framework'
2025-01-23 10:03:05 +0000  /var/folders/c1/scr8lqss6bz1rlk85myhm_jc0000gn/T/XcodeDistPipeline.~~~WsWTzJ/Root/Payload/CERQEL.app/Frameworks/FirebaseRemoteConfigInterop.framework: replacing existing signature
2025-01-23 10:03:05 +0000  /var/folders/c1/scr8lqss6bz1rlk85myhm_jc0000gn/T/XcodeDistPipeline.~~~WsWTzJ/Root/Payload/CERQEL.app/Frameworks/FirebaseRemoteConfigInterop.framework: signed bundle with Mach-O thin (arm64) [org.cocoapods.FirebaseRemoteConfigInterop]
2025-01-23 10:03:05 +0000  /usr/bin/codesign exited with 0
2025-01-23 10:03:05 +0000  Entitlements for <IDEDistributionItem: 0x6000f8e1ca20; bundleID='org.cocoapods.FirebaseSessions', path='<DVTFilePath:0x6001a4821600:'/Users/ahmedmaher/Library/Developer/Xcode/Archives/2025-01-23/CERQEL_TST 23-01-2025, 11.53 AM.xcarchive/Products/Applications/CERQEL.app/Frameworks/FirebaseSessions.framework'>', codeSigningInfo='<_DVTCodeSigningInformation_Path: 0x6000f845e8a0; isSigned='1', isAdHocSigned='0', signingCertificate='<DVTSigningCertificate: 0x6000991b8180; name='Apple Development: Ahmed Maher (N5M5QPPB69)', hash='FC4EF9E1EDFAE25151A1E6A8911A084FC1B246BC', serialNumber='6AFACB33A60CA473FDD90B5286798487', certificateKinds='(
    "1.2.840.113635.100.6.1.12",
    "1.2.840.113635.100.6.1.2"
), issueDate='2025-01-16 09:51:48 +0000''>', entitlements='(null)', teamID='2536D9AR8F', identifier='org.cocoapods.FirebaseSessions', executablePath='<DVTFilePath:0x60012ccddce0:'/Users/ahmedmaher/Library/Developer/Xcode/Archives/2025-01-23/CERQEL_TST 23-01-2025, 11.53 AM.xcarchive/Products/Applications/CERQEL.app/Frameworks/FirebaseSessions.framework/FirebaseSessions'>', hardenedRuntime='0'>'>: {
}
2025-01-23 10:03:05 +0000  Associated App Clip Identifiers Filter: Skipping because "com.apple.developer.associated-appclip-app-identifiers" is not present
2025-01-23 10:03:05 +0000  Entitlements for <IDEDistributionItem: 0x6000f8e1ca20; bundleID='org.cocoapods.FirebaseSessions', path='<DVTFilePath:0x6001a4821600:'/Users/ahmedmaher/Library/Developer/Xcode/Archives/2025-01-23/CERQEL_TST 23-01-2025, 11.53 AM.xcarchive/Products/Applications/CERQEL.app/Frameworks/FirebaseSessions.framework'>', codeSigningInfo='<_DVTCodeSigningInformation_Path: 0x6000f845e8a0; isSigned='1', isAdHocSigned='0', signingCertificate='<DVTSigningCertificate: 0x600059e14f00; name='Apple Development: Ahmed Maher (N5M5QPPB69)', hash='FC4EF9E1EDFAE25151A1E6A8911A084FC1B246BC', serialNumber='6AFACB33A60CA473FDD90B5286798487', certificateKinds='(
    "1.2.840.113635.100.6.1.12",
    "1.2.840.113635.100.6.1.2"
), issueDate='2025-01-16 09:51:48 +0000''>', entitlements='(null)', teamID='2536D9AR8F', identifier='org.cocoapods.FirebaseSessions', executablePath='<DVTFilePath:0x60012ccddce0:'/Users/ahmedmaher/Library/Developer/Xcode/Archives/2025-01-23/CERQEL_TST 23-01-2025, 11.53 AM.xcarchive/Products/Applications/CERQEL.app/Frameworks/FirebaseSessions.framework/FirebaseSessions'>', hardenedRuntime='0'>'> are: {
}
2025-01-23 10:03:05 +0000  Writing entitlements for <IDEDistributionItem: 0x6000f8e1ca20; bundleID='org.cocoapods.FirebaseSessions', path='<DVTFilePath:0x6001a4821600:'/Users/ahmedmaher/Library/Developer/Xcode/Archives/2025-01-23/CERQEL_TST 23-01-2025, 11.53 AM.xcarchive/Products/Applications/CERQEL.app/Frameworks/FirebaseSessions.framework'>', codeSigningInfo='<_DVTCodeSigningInformation_Path: 0x6000f845e8a0; isSigned='1', isAdHocSigned='0', signingCertificate='<DVTSigningCertificate: 0x6000991b9680; name='Apple Development: Ahmed Maher (N5M5QPPB69)', hash='FC4EF9E1EDFAE25151A1E6A8911A084FC1B246BC', serialNumber='6AFACB33A60CA473FDD90B5286798487', certificateKinds='(
    "1.2.840.113635.100.6.1.12",
    "1.2.840.113635.100.6.1.2"
), issueDate='2025-01-16 09:51:48 +0000''>', entitlements='(null)', teamID='2536D9AR8F', identifier='org.cocoapods.FirebaseSessions', executablePath='<DVTFilePath:0x60012ccddce0:'/Users/ahmedmaher/Library/Developer/Xcode/Archives/2025-01-23/CERQEL_TST 23-01-2025, 11.53 AM.xcarchive/Products/Applications/CERQEL.app/Frameworks/FirebaseSessions.framework/FirebaseSessions'>', hardenedRuntime='0'>'> to: /var/folders/c1/scr8lqss6bz1rlk85myhm_jc0000gn/T/XcodeDistPipeline.~~~WsWTzJ/entitlements~~~aa4M4H
2025-01-23 10:03:05 +0000  Running /usr/bin/codesign '-vvv' '--force' '--sign' 'B74E043AB25CE9CDA63E6A99C27C04D4656978A2' '--entitlements' '/var/folders/c1/scr8lqss6bz1rlk85myhm_jc0000gn/T/XcodeDistPipeline.~~~WsWTzJ/entitlements~~~aa4M4H' '--generate-entitlement-der' '--strip-disallowed-xattrs' '--preserve-metadata=identifier,flags,runtime' '/var/folders/c1/scr8lqss6bz1rlk85myhm_jc0000gn/T/XcodeDistPipeline.~~~WsWTzJ/Root/Payload/CERQEL.app/Frameworks/FirebaseSessions.framework'
2025-01-23 10:03:05 +0000  /var/folders/c1/scr8lqss6bz1rlk85myhm_jc0000gn/T/XcodeDistPipeline.~~~WsWTzJ/Root/Payload/CERQEL.app/Frameworks/FirebaseSessions.framework: replacing existing signature
2025-01-23 10:03:05 +0000  /var/folders/c1/scr8lqss6bz1rlk85myhm_jc0000gn/T/XcodeDistPipeline.~~~WsWTzJ/Root/Payload/CERQEL.app/Frameworks/FirebaseSessions.framework: signed bundle with Mach-O thin (arm64) [org.cocoapods.FirebaseSessions]
2025-01-23 10:03:05 +0000  /usr/bin/codesign exited with 0
2025-01-23 10:03:05 +0000  Entitlements for <IDEDistributionItem: 0x6001fc0dfea0; bundleID='org.cocoapods.FirebaseSharedSwift', path='<DVTFilePath:0x60007cbfab80:'/Users/ahmedmaher/Library/Developer/Xcode/Archives/2025-01-23/CERQEL_TST 23-01-2025, 11.53 AM.xcarchive/Products/Applications/CERQEL.app/Frameworks/FirebaseSharedSwift.framework'>', codeSigningInfo='<_DVTCodeSigningInformation_Path: 0x60010c71b9d0; isSigned='1', isAdHocSigned='0', signingCertificate='<DVTSigningCertificate: 0x6000991b8180; name='Apple Development: Ahmed Maher (N5M5QPPB69)', hash='FC4EF9E1EDFAE25151A1E6A8911A084FC1B246BC', serialNumber='6AFACB33A60CA473FDD90B5286798487', certificateKinds='(
    "1.2.840.113635.100.6.1.12",
    "1.2.840.113635.100.6.1.2"
), issueDate='2025-01-16 09:51:48 +0000''>', entitlements='(null)', teamID='2536D9AR8F', identifier='org.cocoapods.FirebaseSharedSwift', executablePath='<DVTFilePath:0x60012ccc7f00:'/Users/ahmedmaher/Library/Developer/Xcode/Archives/2025-01-23/CERQEL_TST 23-01-2025, 11.53 AM.xcarchive/Products/Applications/CERQEL.app/Frameworks/FirebaseSharedSwift.framework/FirebaseSharedSwift'>', hardenedRuntime='0'>'>: {
}
2025-01-23 10:03:05 +0000  Associated App Clip Identifiers Filter: Skipping because "com.apple.developer.associated-appclip-app-identifiers" is not present
2025-01-23 10:03:05 +0000  Entitlements for <IDEDistributionItem: 0x6001fc0dfea0; bundleID='org.cocoapods.FirebaseSharedSwift', path='<DVTFilePath:0x60007cbfab80:'/Users/ahmedmaher/Library/Developer/Xcode/Archives/2025-01-23/CERQEL_TST 23-01-2025, 11.53 AM.xcarchive/Products/Applications/CERQEL.app/Frameworks/FirebaseSharedSwift.framework'>', codeSigningInfo='<_DVTCodeSigningInformation_Path: 0x60010c71b9d0; isSigned='1', isAdHocSigned='0', signingCertificate='<DVTSigningCertificate: 0x600059e14f00; name='Apple Development: Ahmed Maher (N5M5QPPB69)', hash='FC4EF9E1EDFAE25151A1E6A8911A084FC1B246BC', serialNumber='6AFACB33A60CA473FDD90B5286798487', certificateKinds='(
    "1.2.840.113635.100.6.1.12",
    "1.2.840.113635.100.6.1.2"
), issueDate='2025-01-16 09:51:48 +0000''>', entitlements='(null)', teamID='2536D9AR8F', identifier='org.cocoapods.FirebaseSharedSwift', executablePath='<DVTFilePath:0x60012ccc7f00:'/Users/ahmedmaher/Library/Developer/Xcode/Archives/2025-01-23/CERQEL_TST 23-01-2025, 11.53 AM.xcarchive/Products/Applications/CERQEL.app/Frameworks/FirebaseSharedSwift.framework/FirebaseSharedSwift'>', hardenedRuntime='0'>'> are: {
}
2025-01-23 10:03:05 +0000  Writing entitlements for <IDEDistributionItem: 0x6001fc0dfea0; bundleID='org.cocoapods.FirebaseSharedSwift', path='<DVTFilePath:0x60007cbfab80:'/Users/ahmedmaher/Library/Developer/Xcode/Archives/2025-01-23/CERQEL_TST 23-01-2025, 11.53 AM.xcarchive/Products/Applications/CERQEL.app/Frameworks/FirebaseSharedSwift.framework'>', codeSigningInfo='<_DVTCodeSigningInformation_Path: 0x60010c71b9d0; isSigned='1', isAdHocSigned='0', signingCertificate='<DVTSigningCertificate: 0x6000991b9680; name='Apple Development: Ahmed Maher (N5M5QPPB69)', hash='FC4EF9E1EDFAE25151A1E6A8911A084FC1B246BC', serialNumber='6AFACB33A60CA473FDD90B5286798487', certificateKinds='(
    "1.2.840.113635.100.6.1.12",
    "1.2.840.113635.100.6.1.2"
), issueDate='2025-01-16 09:51:48 +0000''>', entitlements='(null)', teamID='2536D9AR8F', identifier='org.cocoapods.FirebaseSharedSwift', executablePath='<DVTFilePath:0x60012ccc7f00:'/Users/ahmedmaher/Library/Developer/Xcode/Archives/2025-01-23/CERQEL_TST 23-01-2025, 11.53 AM.xcarchive/Products/Applications/CERQEL.app/Frameworks/FirebaseSharedSwift.framework/FirebaseSharedSwift'>', hardenedRuntime='0'>'> to: /var/folders/c1/scr8lqss6bz1rlk85myhm_jc0000gn/T/XcodeDistPipeline.~~~WsWTzJ/entitlements~~~wupR6K
2025-01-23 10:03:05 +0000  Running /usr/bin/codesign '-vvv' '--force' '--sign' 'B74E043AB25CE9CDA63E6A99C27C04D4656978A2' '--entitlements' '/var/folders/c1/scr8lqss6bz1rlk85myhm_jc0000gn/T/XcodeDistPipeline.~~~WsWTzJ/entitlements~~~wupR6K' '--generate-entitlement-der' '--strip-disallowed-xattrs' '--preserve-metadata=identifier,flags,runtime' '/var/folders/c1/scr8lqss6bz1rlk85myhm_jc0000gn/T/XcodeDistPipeline.~~~WsWTzJ/Root/Payload/CERQEL.app/Frameworks/FirebaseSharedSwift.framework'
2025-01-23 10:03:05 +0000  /var/folders/c1/scr8lqss6bz1rlk85myhm_jc0000gn/T/XcodeDistPipeline.~~~WsWTzJ/Root/Payload/CERQEL.app/Frameworks/FirebaseSharedSwift.framework: replacing existing signature
2025-01-23 10:03:05 +0000  /var/folders/c1/scr8lqss6bz1rlk85myhm_jc0000gn/T/XcodeDistPipeline.~~~WsWTzJ/Root/Payload/CERQEL.app/Frameworks/FirebaseSharedSwift.framework: signed bundle with Mach-O thin (arm64) [org.cocoapods.FirebaseSharedSwift]
2025-01-23 10:03:05 +0000  /usr/bin/codesign exited with 0
2025-01-23 10:03:05 +0000  Entitlements for <IDEDistributionItem: 0x6001fc0dc720; bundleID='org.cocoapods.FittedSheets', path='<DVTFilePath:0x600248d428b0:'/Users/ahmedmaher/Library/Developer/Xcode/Archives/2025-01-23/CERQEL_TST 23-01-2025, 11.53 AM.xcarchive/Products/Applications/CERQEL.app/Frameworks/FittedSheets.framework'>', codeSigningInfo='<_DVTCodeSigningInformation_Path: 0x60010c72e710; isSigned='1', isAdHocSigned='0', signingCertificate='<DVTSigningCertificate: 0x6000991b9680; name='Apple Development: Ahmed Maher (N5M5QPPB69)', hash='FC4EF9E1EDFAE25151A1E6A8911A084FC1B246BC', serialNumber='6AFACB33A60CA473FDD90B5286798487', certificateKinds='(
    "1.2.840.113635.100.6.1.12",
    "1.2.840.113635.100.6.1.2"
), issueDate='2025-01-16 09:51:48 +0000''>', entitlements='(null)', teamID='2536D9AR8F', identifier='org.cocoapods.FittedSheets', executablePath='<DVTFilePath:0x600248ca03f0:'/Users/ahmedmaher/Library/Developer/Xcode/Archives/2025-01-23/CERQEL_TST 23-01-2025, 11.53 AM.xcarchive/Products/Applications/CERQEL.app/Frameworks/FittedSheets.framework/FittedSheets'>', hardenedRuntime='0'>'>: {
}
2025-01-23 10:03:05 +0000  Associated App Clip Identifiers Filter: Skipping because "com.apple.developer.associated-appclip-app-identifiers" is not present
2025-01-23 10:03:05 +0000  Entitlements for <IDEDistributionItem: 0x6001fc0dc720; bundleID='org.cocoapods.FittedSheets', path='<DVTFilePath:0x600248d428b0:'/Users/ahmedmaher/Library/Developer/Xcode/Archives/2025-01-23/CERQEL_TST 23-01-2025, 11.53 AM.xcarchive/Products/Applications/CERQEL.app/Frameworks/FittedSheets.framework'>', codeSigningInfo='<_DVTCodeSigningInformation_Path: 0x60010c72e710; isSigned='1', isAdHocSigned='0', signingCertificate='<DVTSigningCertificate: 0x600059e14f00; name='Apple Development: Ahmed Maher (N5M5QPPB69)', hash='FC4EF9E1EDFAE25151A1E6A8911A084FC1B246BC', serialNumber='6AFACB33A60CA473FDD90B5286798487', certificateKinds='(
    "1.2.840.113635.100.6.1.12",
    "1.2.840.113635.100.6.1.2"
), issueDate='2025-01-16 09:51:48 +0000''>', entitlements='(null)', teamID='2536D9AR8F', identifier='org.cocoapods.FittedSheets', executablePath='<DVTFilePath:0x600248ca03f0:'/Users/ahmedmaher/Library/Developer/Xcode/Archives/2025-01-23/CERQEL_TST 23-01-2025, 11.53 AM.xcarchive/Products/Applications/CERQEL.app/Frameworks/FittedSheets.framework/FittedSheets'>', hardenedRuntime='0'>'> are: {
}
2025-01-23 10:03:05 +0000  Writing entitlements for <IDEDistributionItem: 0x6001fc0dc720; bundleID='org.cocoapods.FittedSheets', path='<DVTFilePath:0x600248d428b0:'/Users/ahmedmaher/Library/Developer/Xcode/Archives/2025-01-23/CERQEL_TST 23-01-2025, 11.53 AM.xcarchive/Products/Applications/CERQEL.app/Frameworks/FittedSheets.framework'>', codeSigningInfo='<_DVTCodeSigningInformation_Path: 0x60010c72e710; isSigned='1', isAdHocSigned='0', signingCertificate='<DVTSigningCertificate: 0x6000991b8e40; name='Apple Development: Ahmed Maher (N5M5QPPB69)', hash='FC4EF9E1EDFAE25151A1E6A8911A084FC1B246BC', serialNumber='6AFACB33A60CA473FDD90B5286798487', certificateKinds='(
    "1.2.840.113635.100.6.1.12",
    "1.2.840.113635.100.6.1.2"
), issueDate='2025-01-16 09:51:48 +0000''>', entitlements='(null)', teamID='2536D9AR8F', identifier='org.cocoapods.FittedSheets', executablePath='<DVTFilePath:0x600248ca03f0:'/Users/ahmedmaher/Library/Developer/Xcode/Archives/2025-01-23/CERQEL_TST 23-01-2025, 11.53 AM.xcarchive/Products/Applications/CERQEL.app/Frameworks/FittedSheets.framework/FittedSheets'>', hardenedRuntime='0'>'> to: /var/folders/c1/scr8lqss6bz1rlk85myhm_jc0000gn/T/XcodeDistPipeline.~~~WsWTzJ/entitlements~~~Yq1x2b
2025-01-23 10:03:05 +0000  Running /usr/bin/codesign '-vvv' '--force' '--sign' 'B74E043AB25CE9CDA63E6A99C27C04D4656978A2' '--entitlements' '/var/folders/c1/scr8lqss6bz1rlk85myhm_jc0000gn/T/XcodeDistPipeline.~~~WsWTzJ/entitlements~~~Yq1x2b' '--generate-entitlement-der' '--strip-disallowed-xattrs' '--preserve-metadata=identifier,flags,runtime' '/var/folders/c1/scr8lqss6bz1rlk85myhm_jc0000gn/T/XcodeDistPipeline.~~~WsWTzJ/Root/Payload/CERQEL.app/Frameworks/FittedSheets.framework'
2025-01-23 10:03:05 +0000  /var/folders/c1/scr8lqss6bz1rlk85myhm_jc0000gn/T/XcodeDistPipeline.~~~WsWTzJ/Root/Payload/CERQEL.app/Frameworks/FittedSheets.framework: replacing existing signature
2025-01-23 10:03:05 +0000  /var/folders/c1/scr8lqss6bz1rlk85myhm_jc0000gn/T/XcodeDistPipeline.~~~WsWTzJ/Root/Payload/CERQEL.app/Frameworks/FittedSheets.framework: signed bundle with Mach-O thin (arm64) [org.cocoapods.FittedSheets]
2025-01-23 10:03:05 +0000  /usr/bin/codesign exited with 0
2025-01-23 10:03:05 +0000  Entitlements for <IDEDistributionItem: 0x6000f8e0c360; bundleID='org.cocoapods.GoogleDataTransport', path='<DVTFilePath:0x6001a4821680:'/Users/ahmedmaher/Library/Developer/Xcode/Archives/2025-01-23/CERQEL_TST 23-01-2025, 11.53 AM.xcarchive/Products/Applications/CERQEL.app/Frameworks/GoogleDataTransport.framework'>', codeSigningInfo='<_DVTCodeSigningInformation_Path: 0x6000f845def0; isSigned='1', isAdHocSigned='0', signingCertificate='<DVTSigningCertificate: 0x6000991b9680; name='Apple Development: Ahmed Maher (N5M5QPPB69)', hash='FC4EF9E1EDFAE25151A1E6A8911A084FC1B246BC', serialNumber='6AFACB33A60CA473FDD90B5286798487', certificateKinds='(
    "1.2.840.113635.100.6.1.12",
    "1.2.840.113635.100.6.1.2"
), issueDate='2025-01-16 09:51:48 +0000''>', entitlements='(null)', teamID='2536D9AR8F', identifier='org.cocoapods.GoogleDataTransport', executablePath='<DVTFilePath:0x60012cd98e70:'/Users/ahmedmaher/Library/Developer/Xcode/Archives/2025-01-23/CERQEL_TST 23-01-2025, 11.53 AM.xcarchive/Products/Applications/CERQEL.app/Frameworks/GoogleDataTransport.framework/GoogleDataTransport'>', hardenedRuntime='0'>'>: {
}
2025-01-23 10:03:05 +0000  Associated App Clip Identifiers Filter: Skipping because "com.apple.developer.associated-appclip-app-identifiers" is not present
2025-01-23 10:03:05 +0000  Entitlements for <IDEDistributionItem: 0x6000f8e0c360; bundleID='org.cocoapods.GoogleDataTransport', path='<DVTFilePath:0x6001a4821680:'/Users/ahmedmaher/Library/Developer/Xcode/Archives/2025-01-23/CERQEL_TST 23-01-2025, 11.53 AM.xcarchive/Products/Applications/CERQEL.app/Frameworks/GoogleDataTransport.framework'>', codeSigningInfo='<_DVTCodeSigningInformation_Path: 0x6000f845def0; isSigned='1', isAdHocSigned='0', signingCertificate='<DVTSigningCertificate: 0x600059e14f00; name='Apple Development: Ahmed Maher (N5M5QPPB69)', hash='FC4EF9E1EDFAE25151A1E6A8911A084FC1B246BC', serialNumber='6AFACB33A60CA473FDD90B5286798487', certificateKinds='(
    "1.2.840.113635.100.6.1.12",
    "1.2.840.113635.100.6.1.2"
), issueDate='2025-01-16 09:51:48 +0000''>', entitlements='(null)', teamID='2536D9AR8F', identifier='org.cocoapods.GoogleDataTransport', executablePath='<DVTFilePath:0x60012cd98e70:'/Users/ahmedmaher/Library/Developer/Xcode/Archives/2025-01-23/CERQEL_TST 23-01-2025, 11.53 AM.xcarchive/Products/Applications/CERQEL.app/Frameworks/GoogleDataTransport.framework/GoogleDataTransport'>', hardenedRuntime='0'>'> are: {
}
2025-01-23 10:03:05 +0000  Writing entitlements for <IDEDistributionItem: 0x6000f8e0c360; bundleID='org.cocoapods.GoogleDataTransport', path='<DVTFilePath:0x6001a4821680:'/Users/ahmedmaher/Library/Developer/Xcode/Archives/2025-01-23/CERQEL_TST 23-01-2025, 11.53 AM.xcarchive/Products/Applications/CERQEL.app/Frameworks/GoogleDataTransport.framework'>', codeSigningInfo='<_DVTCodeSigningInformation_Path: 0x6000f845def0; isSigned='1', isAdHocSigned='0', signingCertificate='<DVTSigningCertificate: 0x600059e17b40; name='Apple Development: Ahmed Maher (N5M5QPPB69)', hash='FC4EF9E1EDFAE25151A1E6A8911A084FC1B246BC', serialNumber='6AFACB33A60CA473FDD90B5286798487', certificateKinds='(
    "1.2.840.113635.100.6.1.12",
    "1.2.840.113635.100.6.1.2"
), issueDate='2025-01-16 09:51:48 +0000''>', entitlements='(null)', teamID='2536D9AR8F', identifier='org.cocoapods.GoogleDataTransport', executablePath='<DVTFilePath:0x60012cd98e70:'/Users/ahmedmaher/Library/Developer/Xcode/Archives/2025-01-23/CERQEL_TST 23-01-2025, 11.53 AM.xcarchive/Products/Applications/CERQEL.app/Frameworks/GoogleDataTransport.framework/GoogleDataTransport'>', hardenedRuntime='0'>'> to: /var/folders/c1/scr8lqss6bz1rlk85myhm_jc0000gn/T/XcodeDistPipeline.~~~WsWTzJ/entitlements~~~Rr5jha
2025-01-23 10:03:05 +0000  Running /usr/bin/codesign '-vvv' '--force' '--sign' 'B74E043AB25CE9CDA63E6A99C27C04D4656978A2' '--entitlements' '/var/folders/c1/scr8lqss6bz1rlk85myhm_jc0000gn/T/XcodeDistPipeline.~~~WsWTzJ/entitlements~~~Rr5jha' '--generate-entitlement-der' '--strip-disallowed-xattrs' '--preserve-metadata=identifier,flags,runtime' '/var/folders/c1/scr8lqss6bz1rlk85myhm_jc0000gn/T/XcodeDistPipeline.~~~WsWTzJ/Root/Payload/CERQEL.app/Frameworks/GoogleDataTransport.framework'
2025-01-23 10:03:05 +0000  /var/folders/c1/scr8lqss6bz1rlk85myhm_jc0000gn/T/XcodeDistPipeline.~~~WsWTzJ/Root/Payload/CERQEL.app/Frameworks/GoogleDataTransport.framework: replacing existing signature
2025-01-23 10:03:05 +0000  /var/folders/c1/scr8lqss6bz1rlk85myhm_jc0000gn/T/XcodeDistPipeline.~~~WsWTzJ/Root/Payload/CERQEL.app/Frameworks/GoogleDataTransport.framework: signed bundle with Mach-O thin (arm64) [org.cocoapods.GoogleDataTransport]
2025-01-23 10:03:05 +0000  /usr/bin/codesign exited with 0
2025-01-23 10:03:05 +0000  Entitlements for <IDEDistributionItem: 0x6001fc0d9500; bundleID='org.cocoapods.GoogleUtilities', path='<DVTFilePath:0x600254be1080:'/Users/ahmedmaher/Library/Developer/Xcode/Archives/2025-01-23/CERQEL_TST 23-01-2025, 11.53 AM.xcarchive/Products/Applications/CERQEL.app/Frameworks/GoogleUtilities.framework'>', codeSigningInfo='<_DVTCodeSigningInformation_Path: 0x60010c4a4690; isSigned='1', isAdHocSigned='0', signingCertificate='<DVTSigningCertificate: 0x6000991b9680; name='Apple Development: Ahmed Maher (N5M5QPPB69)', hash='FC4EF9E1EDFAE25151A1E6A8911A084FC1B246BC', serialNumber='6AFACB33A60CA473FDD90B5286798487', certificateKinds='(
    "1.2.840.113635.100.6.1.12",
    "1.2.840.113635.100.6.1.2"
), issueDate='2025-01-16 09:51:48 +0000''>', entitlements='(null)', teamID='2536D9AR8F', identifier='org.cocoapods.GoogleUtilities', executablePath='<DVTFilePath:0x60012cd991f0:'/Users/ahmedmaher/Library/Developer/Xcode/Archives/2025-01-23/CERQEL_TST 23-01-2025, 11.53 AM.xcarchive/Products/Applications/CERQEL.app/Frameworks/GoogleUtilities.framework/GoogleUtilities'>', hardenedRuntime='0'>'>: {
}
2025-01-23 10:03:05 +0000  Associated App Clip Identifiers Filter: Skipping because "com.apple.developer.associated-appclip-app-identifiers" is not present
2025-01-23 10:03:05 +0000  Entitlements for <IDEDistributionItem: 0x6001fc0d9500; bundleID='org.cocoapods.GoogleUtilities', path='<DVTFilePath:0x600254be1080:'/Users/ahmedmaher/Library/Developer/Xcode/Archives/2025-01-23/CERQEL_TST 23-01-2025, 11.53 AM.xcarchive/Products/Applications/CERQEL.app/Frameworks/GoogleUtilities.framework'>', codeSigningInfo='<_DVTCodeSigningInformation_Path: 0x60010c4a4690; isSigned='1', isAdHocSigned='0', signingCertificate='<DVTSigningCertificate: 0x600059e14f00; name='Apple Development: Ahmed Maher (N5M5QPPB69)', hash='FC4EF9E1EDFAE25151A1E6A8911A084FC1B246BC', serialNumber='6AFACB33A60CA473FDD90B5286798487', certificateKinds='(
    "1.2.840.113635.100.6.1.12",
    "1.2.840.113635.100.6.1.2"
), issueDate='2025-01-16 09:51:48 +0000''>', entitlements='(null)', teamID='2536D9AR8F', identifier='org.cocoapods.GoogleUtilities', executablePath='<DVTFilePath:0x60012cd991f0:'/Users/ahmedmaher/Library/Developer/Xcode/Archives/2025-01-23/CERQEL_TST 23-01-2025, 11.53 AM.xcarchive/Products/Applications/CERQEL.app/Frameworks/GoogleUtilities.framework/GoogleUtilities'>', hardenedRuntime='0'>'> are: {
}
2025-01-23 10:03:05 +0000  Writing entitlements for <IDEDistributionItem: 0x6001fc0d9500; bundleID='org.cocoapods.GoogleUtilities', path='<DVTFilePath:0x600254be1080:'/Users/ahmedmaher/Library/Developer/Xcode/Archives/2025-01-23/CERQEL_TST 23-01-2025, 11.53 AM.xcarchive/Products/Applications/CERQEL.app/Frameworks/GoogleUtilities.framework'>', codeSigningInfo='<_DVTCodeSigningInformation_Path: 0x60010c4a4690; isSigned='1', isAdHocSigned='0', signingCertificate='<DVTSigningCertificate: 0x600059e17b40; name='Apple Development: Ahmed Maher (N5M5QPPB69)', hash='FC4EF9E1EDFAE25151A1E6A8911A084FC1B246BC', serialNumber='6AFACB33A60CA473FDD90B5286798487', certificateKinds='(
    "1.2.840.113635.100.6.1.12",
    "1.2.840.113635.100.6.1.2"
), issueDate='2025-01-16 09:51:48 +0000''>', entitlements='(null)', teamID='2536D9AR8F', identifier='org.cocoapods.GoogleUtilities', executablePath='<DVTFilePath:0x60012cd991f0:'/Users/ahmedmaher/Library/Developer/Xcode/Archives/2025-01-23/CERQEL_TST 23-01-2025, 11.53 AM.xcarchive/Products/Applications/CERQEL.app/Frameworks/GoogleUtilities.framework/GoogleUtilities'>', hardenedRuntime='0'>'> to: /var/folders/c1/scr8lqss6bz1rlk85myhm_jc0000gn/T/XcodeDistPipeline.~~~WsWTzJ/entitlements~~~VXtuxE
2025-01-23 10:03:05 +0000  Running /usr/bin/codesign '-vvv' '--force' '--sign' 'B74E043AB25CE9CDA63E6A99C27C04D4656978A2' '--entitlements' '/var/folders/c1/scr8lqss6bz1rlk85myhm_jc0000gn/T/XcodeDistPipeline.~~~WsWTzJ/entitlements~~~VXtuxE' '--generate-entitlement-der' '--strip-disallowed-xattrs' '--preserve-metadata=identifier,flags,runtime' '/var/folders/c1/scr8lqss6bz1rlk85myhm_jc0000gn/T/XcodeDistPipeline.~~~WsWTzJ/Root/Payload/CERQEL.app/Frameworks/GoogleUtilities.framework'
2025-01-23 10:03:05 +0000  /var/folders/c1/scr8lqss6bz1rlk85myhm_jc0000gn/T/XcodeDistPipeline.~~~WsWTzJ/Root/Payload/CERQEL.app/Frameworks/GoogleUtilities.framework: replacing existing signature
2025-01-23 10:03:05 +0000  /var/folders/c1/scr8lqss6bz1rlk85myhm_jc0000gn/T/XcodeDistPipeline.~~~WsWTzJ/Root/Payload/CERQEL.app/Frameworks/GoogleUtilities.framework: signed bundle with Mach-O thin (arm64) [org.cocoapods.GoogleUtilities]
2025-01-23 10:03:05 +0000  /usr/bin/codesign exited with 0
2025-01-23 10:03:05 +0000  Entitlements for <IDEDistributionItem: 0x6000f8e0c120; bundleID='org.cocoapods.IQKeyboardManagerSwift', path='<DVTFilePath:0x6001a4821a00:'/Users/ahmedmaher/Library/Developer/Xcode/Archives/2025-01-23/CERQEL_TST 23-01-2025, 11.53 AM.xcarchive/Products/Applications/CERQEL.app/Frameworks/IQKeyboardManagerSwift.framework'>', codeSigningInfo='<_DVTCodeSigningInformation_Path: 0x6000d830b750; isSigned='1', isAdHocSigned='0', signingCertificate='<DVTSigningCertificate: 0x6000991b9680; name='Apple Development: Ahmed Maher (N5M5QPPB69)', hash='FC4EF9E1EDFAE25151A1E6A8911A084FC1B246BC', serialNumber='6AFACB33A60CA473FDD90B5286798487', certificateKinds='(
    "1.2.840.113635.100.6.1.12",
    "1.2.840.113635.100.6.1.2"
), issueDate='2025-01-16 09:51:48 +0000''>', entitlements='(null)', teamID='2536D9AR8F', identifier='org.cocoapods.IQKeyboardManagerSwift', executablePath='<DVTFilePath:0x600248c818f0:'/Users/ahmedmaher/Library/Developer/Xcode/Archives/2025-01-23/CERQEL_TST 23-01-2025, 11.53 AM.xcarchive/Products/Applications/CERQEL.app/Frameworks/IQKeyboardManagerSwift.framework/IQKeyboardManagerSwift'>', hardenedRuntime='0'>'>: {
}
2025-01-23 10:03:05 +0000  Associated App Clip Identifiers Filter: Skipping because "com.apple.developer.associated-appclip-app-identifiers" is not present
2025-01-23 10:03:05 +0000  Entitlements for <IDEDistributionItem: 0x6000f8e0c120; bundleID='org.cocoapods.IQKeyboardManagerSwift', path='<DVTFilePath:0x6001a4821a00:'/Users/ahmedmaher/Library/Developer/Xcode/Archives/2025-01-23/CERQEL_TST 23-01-2025, 11.53 AM.xcarchive/Products/Applications/CERQEL.app/Frameworks/IQKeyboardManagerSwift.framework'>', codeSigningInfo='<_DVTCodeSigningInformation_Path: 0x6000d830b750; isSigned='1', isAdHocSigned='0', signingCertificate='<DVTSigningCertificate: 0x600059e14f00; name='Apple Development: Ahmed Maher (N5M5QPPB69)', hash='FC4EF9E1EDFAE25151A1E6A8911A084FC1B246BC', serialNumber='6AFACB33A60CA473FDD90B5286798487', certificateKinds='(
    "1.2.840.113635.100.6.1.12",
    "1.2.840.113635.100.6.1.2"
), issueDate='2025-01-16 09:51:48 +0000''>', entitlements='(null)', teamID='2536D9AR8F', identifier='org.cocoapods.IQKeyboardManagerSwift', executablePath='<DVTFilePath:0x600248c818f0:'/Users/ahmedmaher/Library/Developer/Xcode/Archives/2025-01-23/CERQEL_TST 23-01-2025, 11.53 AM.xcarchive/Products/Applications/CERQEL.app/Frameworks/IQKeyboardManagerSwift.framework/IQKeyboardManagerSwift'>', hardenedRuntime='0'>'> are: {
}
2025-01-23 10:03:05 +0000  Writing entitlements for <IDEDistributionItem: 0x6000f8e0c120; bundleID='org.cocoapods.IQKeyboardManagerSwift', path='<DVTFilePath:0x6001a4821a00:'/Users/ahmedmaher/Library/Developer/Xcode/Archives/2025-01-23/CERQEL_TST 23-01-2025, 11.53 AM.xcarchive/Products/Applications/CERQEL.app/Frameworks/IQKeyboardManagerSwift.framework'>', codeSigningInfo='<_DVTCodeSigningInformation_Path: 0x6000d830b750; isSigned='1', isAdHocSigned='0', signingCertificate='<DVTSigningCertificate: 0x6000991b8780; name='Apple Development: Ahmed Maher (N5M5QPPB69)', hash='FC4EF9E1EDFAE25151A1E6A8911A084FC1B246BC', serialNumber='6AFACB33A60CA473FDD90B5286798487', certificateKinds='(
    "1.2.840.113635.100.6.1.12",
    "1.2.840.113635.100.6.1.2"
), issueDate='2025-01-16 09:51:48 +0000''>', entitlements='(null)', teamID='2536D9AR8F', identifier='org.cocoapods.IQKeyboardManagerSwift', executablePath='<DVTFilePath:0x600248c818f0:'/Users/ahmedmaher/Library/Developer/Xcode/Archives/2025-01-23/CERQEL_TST 23-01-2025, 11.53 AM.xcarchive/Products/Applications/CERQEL.app/Frameworks/IQKeyboardManagerSwift.framework/IQKeyboardManagerSwift'>', hardenedRuntime='0'>'> to: /var/folders/c1/scr8lqss6bz1rlk85myhm_jc0000gn/T/XcodeDistPipeline.~~~WsWTzJ/entitlements~~~M7P4jA
2025-01-23 10:03:05 +0000  Running /usr/bin/codesign '-vvv' '--force' '--sign' 'B74E043AB25CE9CDA63E6A99C27C04D4656978A2' '--entitlements' '/var/folders/c1/scr8lqss6bz1rlk85myhm_jc0000gn/T/XcodeDistPipeline.~~~WsWTzJ/entitlements~~~M7P4jA' '--generate-entitlement-der' '--strip-disallowed-xattrs' '--preserve-metadata=identifier,flags,runtime' '/var/folders/c1/scr8lqss6bz1rlk85myhm_jc0000gn/T/XcodeDistPipeline.~~~WsWTzJ/Root/Payload/CERQEL.app/Frameworks/IQKeyboardManagerSwift.framework'
2025-01-23 10:03:05 +0000  /var/folders/c1/scr8lqss6bz1rlk85myhm_jc0000gn/T/XcodeDistPipeline.~~~WsWTzJ/Root/Payload/CERQEL.app/Frameworks/IQKeyboardManagerSwift.framework: replacing existing signature
2025-01-23 10:03:05 +0000  /var/folders/c1/scr8lqss6bz1rlk85myhm_jc0000gn/T/XcodeDistPipeline.~~~WsWTzJ/Root/Payload/CERQEL.app/Frameworks/IQKeyboardManagerSwift.framework: signed bundle with Mach-O thin (arm64) [org.cocoapods.IQKeyboardManagerSwift]
2025-01-23 10:03:05 +0000  /usr/bin/codesign exited with 0
2025-01-23 10:03:05 +0000  Entitlements for <IDEDistributionItem: 0x6001fc0ba1c0; bundleID='org.cocoapods.InitialsImageView', path='<DVTFilePath:0x60007cbfb280:'/Users/ahmedmaher/Library/Developer/Xcode/Archives/2025-01-23/CERQEL_TST 23-01-2025, 11.53 AM.xcarchive/Products/Applications/CERQEL.app/Frameworks/InitialsImageView.framework'>', codeSigningInfo='<_DVTCodeSigningInformation_Path: 0x60010c72d680; isSigned='1', isAdHocSigned='0', signingCertificate='<DVTSigningCertificate: 0x6000991b9680; name='Apple Development: Ahmed Maher (N5M5QPPB69)', hash='FC4EF9E1EDFAE25151A1E6A8911A084FC1B246BC', serialNumber='6AFACB33A60CA473FDD90B5286798487', certificateKinds='(
    "1.2.840.113635.100.6.1.12",
    "1.2.840.113635.100.6.1.2"
), issueDate='2025-01-16 09:51:48 +0000''>', entitlements='(null)', teamID='2536D9AR8F', identifier='org.cocoapods.InitialsImageView', executablePath='<DVTFilePath:0x600248c8ce00:'/Users/ahmedmaher/Library/Developer/Xcode/Archives/2025-01-23/CERQEL_TST 23-01-2025, 11.53 AM.xcarchive/Products/Applications/CERQEL.app/Frameworks/InitialsImageView.framework/InitialsImageView'>', hardenedRuntime='0'>'>: {
}
2025-01-23 10:03:05 +0000  Associated App Clip Identifiers Filter: Skipping because "com.apple.developer.associated-appclip-app-identifiers" is not present
2025-01-23 10:03:05 +0000  Entitlements for <IDEDistributionItem: 0x6001fc0ba1c0; bundleID='org.cocoapods.InitialsImageView', path='<DVTFilePath:0x60007cbfb280:'/Users/ahmedmaher/Library/Developer/Xcode/Archives/2025-01-23/CERQEL_TST 23-01-2025, 11.53 AM.xcarchive/Products/Applications/CERQEL.app/Frameworks/InitialsImageView.framework'>', codeSigningInfo='<_DVTCodeSigningInformation_Path: 0x60010c72d680; isSigned='1', isAdHocSigned='0', signingCertificate='<DVTSigningCertificate: 0x600059e14f00; name='Apple Development: Ahmed Maher (N5M5QPPB69)', hash='FC4EF9E1EDFAE25151A1E6A8911A084FC1B246BC', serialNumber='6AFACB33A60CA473FDD90B5286798487', certificateKinds='(
    "1.2.840.113635.100.6.1.12",
    "1.2.840.113635.100.6.1.2"
), issueDate='2025-01-16 09:51:48 +0000''>', entitlements='(null)', teamID='2536D9AR8F', identifier='org.cocoapods.InitialsImageView', executablePath='<DVTFilePath:0x600248c8ce00:'/Users/ahmedmaher/Library/Developer/Xcode/Archives/2025-01-23/CERQEL_TST 23-01-2025, 11.53 AM.xcarchive/Products/Applications/CERQEL.app/Frameworks/InitialsImageView.framework/InitialsImageView'>', hardenedRuntime='0'>'> are: {
}
2025-01-23 10:03:05 +0000  Writing entitlements for <IDEDistributionItem: 0x6001fc0ba1c0; bundleID='org.cocoapods.InitialsImageView', path='<DVTFilePath:0x60007cbfb280:'/Users/ahmedmaher/Library/Developer/Xcode/Archives/2025-01-23/CERQEL_TST 23-01-2025, 11.53 AM.xcarchive/Products/Applications/CERQEL.app/Frameworks/InitialsImageView.framework'>', codeSigningInfo='<_DVTCodeSigningInformation_Path: 0x60010c72d680; isSigned='1', isAdHocSigned='0', signingCertificate='<DVTSigningCertificate: 0x600059e17b40; name='Apple Development: Ahmed Maher (N5M5QPPB69)', hash='FC4EF9E1EDFAE25151A1E6A8911A084FC1B246BC', serialNumber='6AFACB33A60CA473FDD90B5286798487', certificateKinds='(
    "1.2.840.113635.100.6.1.12",
    "1.2.840.113635.100.6.1.2"
), issueDate='2025-01-16 09:51:48 +0000''>', entitlements='(null)', teamID='2536D9AR8F', identifier='org.cocoapods.InitialsImageView', executablePath='<DVTFilePath:0x600248c8ce00:'/Users/ahmedmaher/Library/Developer/Xcode/Archives/2025-01-23/CERQEL_TST 23-01-2025, 11.53 AM.xcarchive/Products/Applications/CERQEL.app/Frameworks/InitialsImageView.framework/InitialsImageView'>', hardenedRuntime='0'>'> to: /var/folders/c1/scr8lqss6bz1rlk85myhm_jc0000gn/T/XcodeDistPipeline.~~~WsWTzJ/entitlements~~~zqcbef
2025-01-23 10:03:05 +0000  Running /usr/bin/codesign '-vvv' '--force' '--sign' 'B74E043AB25CE9CDA63E6A99C27C04D4656978A2' '--entitlements' '/var/folders/c1/scr8lqss6bz1rlk85myhm_jc0000gn/T/XcodeDistPipeline.~~~WsWTzJ/entitlements~~~zqcbef' '--generate-entitlement-der' '--strip-disallowed-xattrs' '--preserve-metadata=identifier,flags,runtime' '/var/folders/c1/scr8lqss6bz1rlk85myhm_jc0000gn/T/XcodeDistPipeline.~~~WsWTzJ/Root/Payload/CERQEL.app/Frameworks/InitialsImageView.framework'
2025-01-23 10:03:05 +0000  /var/folders/c1/scr8lqss6bz1rlk85myhm_jc0000gn/T/XcodeDistPipeline.~~~WsWTzJ/Root/Payload/CERQEL.app/Frameworks/InitialsImageView.framework: replacing existing signature
2025-01-23 10:03:06 +0000  /var/folders/c1/scr8lqss6bz1rlk85myhm_jc0000gn/T/XcodeDistPipeline.~~~WsWTzJ/Root/Payload/CERQEL.app/Frameworks/InitialsImageView.framework: signed bundle with Mach-O thin (arm64) [org.cocoapods.InitialsImageView]
2025-01-23 10:03:06 +0000  /usr/bin/codesign exited with 0
2025-01-23 10:03:06 +0000  Entitlements for <IDEDistributionItem: 0x6001fc0a6e80; bundleID='org.cocoapods.JGProgressHUD', path='<DVTFilePath:0x60012cda3f70:'/Users/ahmedmaher/Library/Developer/Xcode/Archives/2025-01-23/CERQEL_TST 23-01-2025, 11.53 AM.xcarchive/Products/Applications/CERQEL.app/Frameworks/JGProgressHUD.framework'>', codeSigningInfo='<_DVTCodeSigningInformation_Path: 0x60010c706760; isSigned='1', isAdHocSigned='0', signingCertificate='<DVTSigningCertificate: 0x6000991b9680; name='Apple Development: Ahmed Maher (N5M5QPPB69)', hash='FC4EF9E1EDFAE25151A1E6A8911A084FC1B246BC', serialNumber='6AFACB33A60CA473FDD90B5286798487', certificateKinds='(
    "1.2.840.113635.100.6.1.12",
    "1.2.840.113635.100.6.1.2"
), issueDate='2025-01-16 09:51:48 +0000''>', entitlements='(null)', teamID='2536D9AR8F', identifier='org.cocoapods.JGProgressHUD', executablePath='<DVTFilePath:0x600248c8d1f0:'/Users/ahmedmaher/Library/Developer/Xcode/Archives/2025-01-23/CERQEL_TST 23-01-2025, 11.53 AM.xcarchive/Products/Applications/CERQEL.app/Frameworks/JGProgressHUD.framework/JGProgressHUD'>', hardenedRuntime='0'>'>: {
}
2025-01-23 10:03:06 +0000  Associated App Clip Identifiers Filter: Skipping because "com.apple.developer.associated-appclip-app-identifiers" is not present
2025-01-23 10:03:06 +0000  Entitlements for <IDEDistributionItem: 0x6001fc0a6e80; bundleID='org.cocoapods.JGProgressHUD', path='<DVTFilePath:0x60012cda3f70:'/Users/ahmedmaher/Library/Developer/Xcode/Archives/2025-01-23/CERQEL_TST 23-01-2025, 11.53 AM.xcarchive/Products/Applications/CERQEL.app/Frameworks/JGProgressHUD.framework'>', codeSigningInfo='<_DVTCodeSigningInformation_Path: 0x60010c706760; isSigned='1', isAdHocSigned='0', signingCertificate='<DVTSigningCertificate: 0x600059e14f00; name='Apple Development: Ahmed Maher (N5M5QPPB69)', hash='FC4EF9E1EDFAE25151A1E6A8911A084FC1B246BC', serialNumber='6AFACB33A60CA473FDD90B5286798487', certificateKinds='(
    "1.2.840.113635.100.6.1.12",
    "1.2.840.113635.100.6.1.2"
), issueDate='2025-01-16 09:51:48 +0000''>', entitlements='(null)', teamID='2536D9AR8F', identifier='org.cocoapods.JGProgressHUD', executablePath='<DVTFilePath:0x600248c8d1f0:'/Users/ahmedmaher/Library/Developer/Xcode/Archives/2025-01-23/CERQEL_TST 23-01-2025, 11.53 AM.xcarchive/Products/Applications/CERQEL.app/Frameworks/JGProgressHUD.framework/JGProgressHUD'>', hardenedRuntime='0'>'> are: {
}
2025-01-23 10:03:06 +0000  Writing entitlements for <IDEDistributionItem: 0x6001fc0a6e80; bundleID='org.cocoapods.JGProgressHUD', path='<DVTFilePath:0x60012cda3f70:'/Users/ahmedmaher/Library/Developer/Xcode/Archives/2025-01-23/CERQEL_TST 23-01-2025, 11.53 AM.xcarchive/Products/Applications/CERQEL.app/Frameworks/JGProgressHUD.framework'>', codeSigningInfo='<_DVTCodeSigningInformation_Path: 0x60010c706760; isSigned='1', isAdHocSigned='0', signingCertificate='<DVTSigningCertificate: 0x6000991b8780; name='Apple Development: Ahmed Maher (N5M5QPPB69)', hash='FC4EF9E1EDFAE25151A1E6A8911A084FC1B246BC', serialNumber='6AFACB33A60CA473FDD90B5286798487', certificateKinds='(
    "1.2.840.113635.100.6.1.12",
    "1.2.840.113635.100.6.1.2"
), issueDate='2025-01-16 09:51:48 +0000''>', entitlements='(null)', teamID='2536D9AR8F', identifier='org.cocoapods.JGProgressHUD', executablePath='<DVTFilePath:0x600248c8d1f0:'/Users/ahmedmaher/Library/Developer/Xcode/Archives/2025-01-23/CERQEL_TST 23-01-2025, 11.53 AM.xcarchive/Products/Applications/CERQEL.app/Frameworks/JGProgressHUD.framework/JGProgressHUD'>', hardenedRuntime='0'>'> to: /var/folders/c1/scr8lqss6bz1rlk85myhm_jc0000gn/T/XcodeDistPipeline.~~~WsWTzJ/entitlements~~~N1qHlb
2025-01-23 10:03:06 +0000  Running /usr/bin/codesign '-vvv' '--force' '--sign' 'B74E043AB25CE9CDA63E6A99C27C04D4656978A2' '--entitlements' '/var/folders/c1/scr8lqss6bz1rlk85myhm_jc0000gn/T/XcodeDistPipeline.~~~WsWTzJ/entitlements~~~N1qHlb' '--generate-entitlement-der' '--strip-disallowed-xattrs' '--preserve-metadata=identifier,flags,runtime' '/var/folders/c1/scr8lqss6bz1rlk85myhm_jc0000gn/T/XcodeDistPipeline.~~~WsWTzJ/Root/Payload/CERQEL.app/Frameworks/JGProgressHUD.framework'
2025-01-23 10:03:06 +0000  /var/folders/c1/scr8lqss6bz1rlk85myhm_jc0000gn/T/XcodeDistPipeline.~~~WsWTzJ/Root/Payload/CERQEL.app/Frameworks/JGProgressHUD.framework: replacing existing signature
2025-01-23 10:03:06 +0000  /var/folders/c1/scr8lqss6bz1rlk85myhm_jc0000gn/T/XcodeDistPipeline.~~~WsWTzJ/Root/Payload/CERQEL.app/Frameworks/JGProgressHUD.framework: signed bundle with Mach-O thin (arm64) [org.cocoapods.JGProgressHUD]
2025-01-23 10:03:06 +0000  /usr/bin/codesign exited with 0
2025-01-23 10:03:06 +0000  Entitlements for <IDEDistributionItem: 0x6000f8e0c0c0; bundleID='org.cocoapods.KeychainAccess', path='<DVTFilePath:0x6001a4821a80:'/Users/ahmedmaher/Library/Developer/Xcode/Archives/2025-01-23/CERQEL_TST 23-01-2025, 11.53 AM.xcarchive/Products/Applications/CERQEL.app/Frameworks/KeychainAccess.framework'>', codeSigningInfo='<_DVTCodeSigningInformation_Path: 0x6000d830a850; isSigned='1', isAdHocSigned='0', signingCertificate='<DVTSigningCertificate: 0x6000991b8780; name='Apple Development: Ahmed Maher (N5M5QPPB69)', hash='FC4EF9E1EDFAE25151A1E6A8911A084FC1B246BC', serialNumber='6AFACB33A60CA473FDD90B5286798487', certificateKinds='(
    "1.2.840.113635.100.6.1.12",
    "1.2.840.113635.100.6.1.2"
), issueDate='2025-01-16 09:51:48 +0000''>', entitlements='(null)', teamID='2536D9AR8F', identifier='org.cocoapods.KeychainAccess', executablePath='<DVTFilePath:0x60012cccfb10:'/Users/ahmedmaher/Library/Developer/Xcode/Archives/2025-01-23/CERQEL_TST 23-01-2025, 11.53 AM.xcarchive/Products/Applications/CERQEL.app/Frameworks/KeychainAccess.framework/KeychainAccess'>', hardenedRuntime='0'>'>: {
}
2025-01-23 10:03:06 +0000  Associated App Clip Identifiers Filter: Skipping because "com.apple.developer.associated-appclip-app-identifiers" is not present
2025-01-23 10:03:06 +0000  Entitlements for <IDEDistributionItem: 0x6000f8e0c0c0; bundleID='org.cocoapods.KeychainAccess', path='<DVTFilePath:0x6001a4821a80:'/Users/ahmedmaher/Library/Developer/Xcode/Archives/2025-01-23/CERQEL_TST 23-01-2025, 11.53 AM.xcarchive/Products/Applications/CERQEL.app/Frameworks/KeychainAccess.framework'>', codeSigningInfo='<_DVTCodeSigningInformation_Path: 0x6000d830a850; isSigned='1', isAdHocSigned='0', signingCertificate='<DVTSigningCertificate: 0x600059e14f00; name='Apple Development: Ahmed Maher (N5M5QPPB69)', hash='FC4EF9E1EDFAE25151A1E6A8911A084FC1B246BC', serialNumber='6AFACB33A60CA473FDD90B5286798487', certificateKinds='(
    "1.2.840.113635.100.6.1.12",
    "1.2.840.113635.100.6.1.2"
), issueDate='2025-01-16 09:51:48 +0000''>', entitlements='(null)', teamID='2536D9AR8F', identifier='org.cocoapods.KeychainAccess', executablePath='<DVTFilePath:0x60012cccfb10:'/Users/ahmedmaher/Library/Developer/Xcode/Archives/2025-01-23/CERQEL_TST 23-01-2025, 11.53 AM.xcarchive/Products/Applications/CERQEL.app/Frameworks/KeychainAccess.framework/KeychainAccess'>', hardenedRuntime='0'>'> are: {
}
2025-01-23 10:03:06 +0000  Writing entitlements for <IDEDistributionItem: 0x6000f8e0c0c0; bundleID='org.cocoapods.KeychainAccess', path='<DVTFilePath:0x6001a4821a80:'/Users/ahmedmaher/Library/Developer/Xcode/Archives/2025-01-23/CERQEL_TST 23-01-2025, 11.53 AM.xcarchive/Products/Applications/CERQEL.app/Frameworks/KeychainAccess.framework'>', codeSigningInfo='<_DVTCodeSigningInformation_Path: 0x6000d830a850; isSigned='1', isAdHocSigned='0', signingCertificate='<DVTSigningCertificate: 0x6000991b89c0; name='Apple Development: Ahmed Maher (N5M5QPPB69)', hash='FC4EF9E1EDFAE25151A1E6A8911A084FC1B246BC', serialNumber='6AFACB33A60CA473FDD90B5286798487', certificateKinds='(
    "1.2.840.113635.100.6.1.12",
    "1.2.840.113635.100.6.1.2"
), issueDate='2025-01-16 09:51:48 +0000''>', entitlements='(null)', teamID='2536D9AR8F', identifier='org.cocoapods.KeychainAccess', executablePath='<DVTFilePath:0x60012cccfb10:'/Users/ahmedmaher/Library/Developer/Xcode/Archives/2025-01-23/CERQEL_TST 23-01-2025, 11.53 AM.xcarchive/Products/Applications/CERQEL.app/Frameworks/KeychainAccess.framework/KeychainAccess'>', hardenedRuntime='0'>'> to: /var/folders/c1/scr8lqss6bz1rlk85myhm_jc0000gn/T/XcodeDistPipeline.~~~WsWTzJ/entitlements~~~rnGbG5
2025-01-23 10:03:06 +0000  Running /usr/bin/codesign '-vvv' '--force' '--sign' 'B74E043AB25CE9CDA63E6A99C27C04D4656978A2' '--entitlements' '/var/folders/c1/scr8lqss6bz1rlk85myhm_jc0000gn/T/XcodeDistPipeline.~~~WsWTzJ/entitlements~~~rnGbG5' '--generate-entitlement-der' '--strip-disallowed-xattrs' '--preserve-metadata=identifier,flags,runtime' '/var/folders/c1/scr8lqss6bz1rlk85myhm_jc0000gn/T/XcodeDistPipeline.~~~WsWTzJ/Root/Payload/CERQEL.app/Frameworks/KeychainAccess.framework'
2025-01-23 10:03:06 +0000  /var/folders/c1/scr8lqss6bz1rlk85myhm_jc0000gn/T/XcodeDistPipeline.~~~WsWTzJ/Root/Payload/CERQEL.app/Frameworks/KeychainAccess.framework: replacing existing signature
2025-01-23 10:03:06 +0000  /var/folders/c1/scr8lqss6bz1rlk85myhm_jc0000gn/T/XcodeDistPipeline.~~~WsWTzJ/Root/Payload/CERQEL.app/Frameworks/KeychainAccess.framework: signed bundle with Mach-O thin (arm64) [org.cocoapods.KeychainAccess]
2025-01-23 10:03:06 +0000  /usr/bin/codesign exited with 0
2025-01-23 10:03:06 +0000  Entitlements for <IDEDistributionItem: 0x6000f8e0c840; bundleID='org.cocoapods.KeychainSwift', path='<DVTFilePath:0x600100f815e0:'/Users/ahmedmaher/Library/Developer/Xcode/Archives/2025-01-23/CERQEL_TST 23-01-2025, 11.53 AM.xcarchive/Products/Applications/CERQEL.app/Frameworks/KeychainSwift.framework'>', codeSigningInfo='<_DVTCodeSigningInformation_Path: 0x6000f845da90; isSigned='1', isAdHocSigned='0', signingCertificate='<DVTSigningCertificate: 0x6000991b8780; name='Apple Development: Ahmed Maher (N5M5QPPB69)', hash='FC4EF9E1EDFAE25151A1E6A8911A084FC1B246BC', serialNumber='6AFACB33A60CA473FDD90B5286798487', certificateKinds='(
    "1.2.840.113635.100.6.1.12",
    "1.2.840.113635.100.6.1.2"
), issueDate='2025-01-16 09:51:48 +0000''>', entitlements='(null)', teamID='2536D9AR8F', identifier='org.cocoapods.KeychainSwift', executablePath='<DVTFilePath:0x600100f82f40:'/Users/ahmedmaher/Library/Developer/Xcode/Archives/2025-01-23/CERQEL_TST 23-01-2025, 11.53 AM.xcarchive/Products/Applications/CERQEL.app/Frameworks/KeychainSwift.framework/KeychainSwift'>', hardenedRuntime='0'>'>: {
}
2025-01-23 10:03:06 +0000  Associated App Clip Identifiers Filter: Skipping because "com.apple.developer.associated-appclip-app-identifiers" is not present
2025-01-23 10:03:06 +0000  Entitlements for <IDEDistributionItem: 0x6000f8e0c840; bundleID='org.cocoapods.KeychainSwift', path='<DVTFilePath:0x600100f815e0:'/Users/ahmedmaher/Library/Developer/Xcode/Archives/2025-01-23/CERQEL_TST 23-01-2025, 11.53 AM.xcarchive/Products/Applications/CERQEL.app/Frameworks/KeychainSwift.framework'>', codeSigningInfo='<_DVTCodeSigningInformation_Path: 0x6000f845da90; isSigned='1', isAdHocSigned='0', signingCertificate='<DVTSigningCertificate: 0x6000991b89c0; name='Apple Development: Ahmed Maher (N5M5QPPB69)', hash='FC4EF9E1EDFAE25151A1E6A8911A084FC1B246BC', serialNumber='6AFACB33A60CA473FDD90B5286798487', certificateKinds='(
    "1.2.840.113635.100.6.1.12",
    "1.2.840.113635.100.6.1.2"
), issueDate='2025-01-16 09:51:48 +0000''>', entitlements='(null)', teamID='2536D9AR8F', identifier='org.cocoapods.KeychainSwift', executablePath='<DVTFilePath:0x600100f82f40:'/Users/ahmedmaher/Library/Developer/Xcode/Archives/2025-01-23/CERQEL_TST 23-01-2025, 11.53 AM.xcarchive/Products/Applications/CERQEL.app/Frameworks/KeychainSwift.framework/KeychainSwift'>', hardenedRuntime='0'>'> are: {
}
2025-01-23 10:03:06 +0000  Writing entitlements for <IDEDistributionItem: 0x6000f8e0c840; bundleID='org.cocoapods.KeychainSwift', path='<DVTFilePath:0x600100f815e0:'/Users/ahmedmaher/Library/Developer/Xcode/Archives/2025-01-23/CERQEL_TST 23-01-2025, 11.53 AM.xcarchive/Products/Applications/CERQEL.app/Frameworks/KeychainSwift.framework'>', codeSigningInfo='<_DVTCodeSigningInformation_Path: 0x6000f845da90; isSigned='1', isAdHocSigned='0', signingCertificate='<DVTSigningCertificate: 0x6000991b9800; name='Apple Development: Ahmed Maher (N5M5QPPB69)', hash='FC4EF9E1EDFAE25151A1E6A8911A084FC1B246BC', serialNumber='6AFACB33A60CA473FDD90B5286798487', certificateKinds='(
    "1.2.840.113635.100.6.1.12",
    "1.2.840.113635.100.6.1.2"
), issueDate='2025-01-16 09:51:48 +0000''>', entitlements='(null)', teamID='2536D9AR8F', identifier='org.cocoapods.KeychainSwift', executablePath='<DVTFilePath:0x600100f82f40:'/Users/ahmedmaher/Library/Developer/Xcode/Archives/2025-01-23/CERQEL_TST 23-01-2025, 11.53 AM.xcarchive/Products/Applications/CERQEL.app/Frameworks/KeychainSwift.framework/KeychainSwift'>', hardenedRuntime='0'>'> to: /var/folders/c1/scr8lqss6bz1rlk85myhm_jc0000gn/T/XcodeDistPipeline.~~~WsWTzJ/entitlements~~~08jEp0
2025-01-23 10:03:06 +0000  Running /usr/bin/codesign '-vvv' '--force' '--sign' 'B74E043AB25CE9CDA63E6A99C27C04D4656978A2' '--entitlements' '/var/folders/c1/scr8lqss6bz1rlk85myhm_jc0000gn/T/XcodeDistPipeline.~~~WsWTzJ/entitlements~~~08jEp0' '--generate-entitlement-der' '--strip-disallowed-xattrs' '--preserve-metadata=identifier,flags,runtime' '/var/folders/c1/scr8lqss6bz1rlk85myhm_jc0000gn/T/XcodeDistPipeline.~~~WsWTzJ/Root/Payload/CERQEL.app/Frameworks/KeychainSwift.framework'
2025-01-23 10:03:06 +0000  /var/folders/c1/scr8lqss6bz1rlk85myhm_jc0000gn/T/XcodeDistPipeline.~~~WsWTzJ/Root/Payload/CERQEL.app/Frameworks/KeychainSwift.framework: replacing existing signature
2025-01-23 10:03:06 +0000  /var/folders/c1/scr8lqss6bz1rlk85myhm_jc0000gn/T/XcodeDistPipeline.~~~WsWTzJ/Root/Payload/CERQEL.app/Frameworks/KeychainSwift.framework: signed bundle with Mach-O thin (arm64) [org.cocoapods.KeychainSwift]
2025-01-23 10:03:06 +0000  /usr/bin/codesign exited with 0
2025-01-23 10:03:06 +0000  Entitlements for <IDEDistributionItem: 0x6001fc0a1c80; bundleID='org.cocoapods.Kingfisher', path='<DVTFilePath:0x600248d439c0:'/Users/ahmedmaher/Library/Developer/Xcode/Archives/2025-01-23/CERQEL_TST 23-01-2025, 11.53 AM.xcarchive/Products/Applications/CERQEL.app/Frameworks/Kingfisher.framework'>', codeSigningInfo='<_DVTCodeSigningInformation_Path: 0x6000d8301a90; isSigned='1', isAdHocSigned='0', signingCertificate='<DVTSigningCertificate: 0x600059e14f00; name='Apple Development: Ahmed Maher (N5M5QPPB69)', hash='FC4EF9E1EDFAE25151A1E6A8911A084FC1B246BC', serialNumber='6AFACB33A60CA473FDD90B5286798487', certificateKinds='(
    "1.2.840.113635.100.6.1.12",
    "1.2.840.113635.100.6.1.2"
), issueDate='2025-01-16 09:51:48 +0000''>', entitlements='(null)', teamID='2536D9AR8F', identifier='org.cocoapods.Kingfisher', executablePath='<DVTFilePath:0x600248c9d0a0:'/Users/ahmedmaher/Library/Developer/Xcode/Archives/2025-01-23/CERQEL_TST 23-01-2025, 11.53 AM.xcarchive/Products/Applications/CERQEL.app/Frameworks/Kingfisher.framework/Kingfisher'>', hardenedRuntime='0'>'>: {
}
2025-01-23 10:03:06 +0000  Associated App Clip Identifiers Filter: Skipping because "com.apple.developer.associated-appclip-app-identifiers" is not present
2025-01-23 10:03:06 +0000  Entitlements for <IDEDistributionItem: 0x6001fc0a1c80; bundleID='org.cocoapods.Kingfisher', path='<DVTFilePath:0x600248d439c0:'/Users/ahmedmaher/Library/Developer/Xcode/Archives/2025-01-23/CERQEL_TST 23-01-2025, 11.53 AM.xcarchive/Products/Applications/CERQEL.app/Frameworks/Kingfisher.framework'>', codeSigningInfo='<_DVTCodeSigningInformation_Path: 0x6000d8301a90; isSigned='1', isAdHocSigned='0', signingCertificate='<DVTSigningCertificate: 0x6000391cb9c0; name='Apple Development: Ahmed Maher (N5M5QPPB69)', hash='FC4EF9E1EDFAE25151A1E6A8911A084FC1B246BC', serialNumber='6AFACB33A60CA473FDD90B5286798487', certificateKinds='(
    "1.2.840.113635.100.6.1.12",
    "1.2.840.113635.100.6.1.2"
), issueDate='2025-01-16 09:51:48 +0000''>', entitlements='(null)', teamID='2536D9AR8F', identifier='org.cocoapods.Kingfisher', executablePath='<DVTFilePath:0x600248c9d0a0:'/Users/ahmedmaher/Library/Developer/Xcode/Archives/2025-01-23/CERQEL_TST 23-01-2025, 11.53 AM.xcarchive/Products/Applications/CERQEL.app/Frameworks/Kingfisher.framework/Kingfisher'>', hardenedRuntime='0'>'> are: {
}
2025-01-23 10:03:06 +0000  Writing entitlements for <IDEDistributionItem: 0x6001fc0a1c80; bundleID='org.cocoapods.Kingfisher', path='<DVTFilePath:0x600248d439c0:'/Users/ahmedmaher/Library/Developer/Xcode/Archives/2025-01-23/CERQEL_TST 23-01-2025, 11.53 AM.xcarchive/Products/Applications/CERQEL.app/Frameworks/Kingfisher.framework'>', codeSigningInfo='<_DVTCodeSigningInformation_Path: 0x6000d8301a90; isSigned='1', isAdHocSigned='0', signingCertificate='<DVTSigningCertificate: 0x6000391cb6c0; name='Apple Development: Ahmed Maher (N5M5QPPB69)', hash='FC4EF9E1EDFAE25151A1E6A8911A084FC1B246BC', serialNumber='6AFACB33A60CA473FDD90B5286798487', certificateKinds='(
    "1.2.840.113635.100.6.1.12",
    "1.2.840.113635.100.6.1.2"
), issueDate='2025-01-16 09:51:48 +0000''>', entitlements='(null)', teamID='2536D9AR8F', identifier='org.cocoapods.Kingfisher', executablePath='<DVTFilePath:0x600248c9d0a0:'/Users/ahmedmaher/Library/Developer/Xcode/Archives/2025-01-23/CERQEL_TST 23-01-2025, 11.53 AM.xcarchive/Products/Applications/CERQEL.app/Frameworks/Kingfisher.framework/Kingfisher'>', hardenedRuntime='0'>'> to: /var/folders/c1/scr8lqss6bz1rlk85myhm_jc0000gn/T/XcodeDistPipeline.~~~WsWTzJ/entitlements~~~3apGy2
2025-01-23 10:03:06 +0000  Running /usr/bin/codesign '-vvv' '--force' '--sign' 'B74E043AB25CE9CDA63E6A99C27C04D4656978A2' '--entitlements' '/var/folders/c1/scr8lqss6bz1rlk85myhm_jc0000gn/T/XcodeDistPipeline.~~~WsWTzJ/entitlements~~~3apGy2' '--generate-entitlement-der' '--strip-disallowed-xattrs' '--preserve-metadata=identifier,flags,runtime' '/var/folders/c1/scr8lqss6bz1rlk85myhm_jc0000gn/T/XcodeDistPipeline.~~~WsWTzJ/Root/Payload/CERQEL.app/Frameworks/Kingfisher.framework'
2025-01-23 10:03:06 +0000  /var/folders/c1/scr8lqss6bz1rlk85myhm_jc0000gn/T/XcodeDistPipeline.~~~WsWTzJ/Root/Payload/CERQEL.app/Frameworks/Kingfisher.framework: replacing existing signature
2025-01-23 10:03:06 +0000  /var/folders/c1/scr8lqss6bz1rlk85myhm_jc0000gn/T/XcodeDistPipeline.~~~WsWTzJ/Root/Payload/CERQEL.app/Frameworks/Kingfisher.framework: signed bundle with Mach-O thin (arm64) [org.cocoapods.Kingfisher]
2025-01-23 10:03:06 +0000  /usr/bin/codesign exited with 0
2025-01-23 10:03:06 +0000  Entitlements for <IDEDistributionItem: 0x6001fc0be8e0; bundleID='org.cocoapods.Lottie', path='<DVTFilePath:0x600100f809a0:'/Users/ahmedmaher/Library/Developer/Xcode/Archives/2025-01-23/CERQEL_TST 23-01-2025, 11.53 AM.xcarchive/Products/Applications/CERQEL.app/Frameworks/Lottie.framework'>', codeSigningInfo='<_DVTCodeSigningInformation_Path: 0x60010c405950; isSigned='1', isAdHocSigned='0', signingCertificate='<DVTSigningCertificate: 0x6000991b8180; name='Apple Development: Ahmed Maher (N5M5QPPB69)', hash='FC4EF9E1EDFAE25151A1E6A8911A084FC1B246BC', serialNumber='6AFACB33A60CA473FDD90B5286798487', certificateKinds='(
    "1.2.840.113635.100.6.1.12",
    "1.2.840.113635.100.6.1.2"
), issueDate='2025-01-16 09:51:48 +0000''>', entitlements='(null)', teamID='2536D9AR8F', identifier='org.cocoapods.Lottie', executablePath='<DVTFilePath:0x6001fc0b9620:'/Users/ahmedmaher/Library/Developer/Xcode/Archives/2025-01-23/CERQEL_TST 23-01-2025, 11.53 AM.xcarchive/Products/Applications/CERQEL.app/Frameworks/Lottie.framework/Lottie'>', hardenedRuntime='0'>'>: {
}
2025-01-23 10:03:06 +0000  Associated App Clip Identifiers Filter: Skipping because "com.apple.developer.associated-appclip-app-identifiers" is not present
2025-01-23 10:03:06 +0000  Entitlements for <IDEDistributionItem: 0x6001fc0be8e0; bundleID='org.cocoapods.Lottie', path='<DVTFilePath:0x600100f809a0:'/Users/ahmedmaher/Library/Developer/Xcode/Archives/2025-01-23/CERQEL_TST 23-01-2025, 11.53 AM.xcarchive/Products/Applications/CERQEL.app/Frameworks/Lottie.framework'>', codeSigningInfo='<_DVTCodeSigningInformation_Path: 0x60010c405950; isSigned='1', isAdHocSigned='0', signingCertificate='<DVTSigningCertificate: 0x600059e14f00; name='Apple Development: Ahmed Maher (N5M5QPPB69)', hash='FC4EF9E1EDFAE25151A1E6A8911A084FC1B246BC', serialNumber='6AFACB33A60CA473FDD90B5286798487', certificateKinds='(
    "1.2.840.113635.100.6.1.12",
    "1.2.840.113635.100.6.1.2"
), issueDate='2025-01-16 09:51:48 +0000''>', entitlements='(null)', teamID='2536D9AR8F', identifier='org.cocoapods.Lottie', executablePath='<DVTFilePath:0x6001fc0b9620:'/Users/ahmedmaher/Library/Developer/Xcode/Archives/2025-01-23/CERQEL_TST 23-01-2025, 11.53 AM.xcarchive/Products/Applications/CERQEL.app/Frameworks/Lottie.framework/Lottie'>', hardenedRuntime='0'>'> are: {
}
2025-01-23 10:03:06 +0000  Writing entitlements for <IDEDistributionItem: 0x6001fc0be8e0; bundleID='org.cocoapods.Lottie', path='<DVTFilePath:0x600100f809a0:'/Users/ahmedmaher/Library/Developer/Xcode/Archives/2025-01-23/CERQEL_TST 23-01-2025, 11.53 AM.xcarchive/Products/Applications/CERQEL.app/Frameworks/Lottie.framework'>', codeSigningInfo='<_DVTCodeSigningInformation_Path: 0x60010c405950; isSigned='1', isAdHocSigned='0', signingCertificate='<DVTSigningCertificate: 0x6000991b86c0; name='Apple Development: Ahmed Maher (N5M5QPPB69)', hash='FC4EF9E1EDFAE25151A1E6A8911A084FC1B246BC', serialNumber='6AFACB33A60CA473FDD90B5286798487', certificateKinds='(
    "1.2.840.113635.100.6.1.12",
    "1.2.840.113635.100.6.1.2"
), issueDate='2025-01-16 09:51:48 +0000''>', entitlements='(null)', teamID='2536D9AR8F', identifier='org.cocoapods.Lottie', executablePath='<DVTFilePath:0x6001fc0b9620:'/Users/ahmedmaher/Library/Developer/Xcode/Archives/2025-01-23/CERQEL_TST 23-01-2025, 11.53 AM.xcarchive/Products/Applications/CERQEL.app/Frameworks/Lottie.framework/Lottie'>', hardenedRuntime='0'>'> to: /var/folders/c1/scr8lqss6bz1rlk85myhm_jc0000gn/T/XcodeDistPipeline.~~~WsWTzJ/entitlements~~~vD1Mxf
2025-01-23 10:03:06 +0000  Running /usr/bin/codesign '-vvv' '--force' '--sign' 'B74E043AB25CE9CDA63E6A99C27C04D4656978A2' '--entitlements' '/var/folders/c1/scr8lqss6bz1rlk85myhm_jc0000gn/T/XcodeDistPipeline.~~~WsWTzJ/entitlements~~~vD1Mxf' '--generate-entitlement-der' '--strip-disallowed-xattrs' '--preserve-metadata=identifier,flags,runtime' '/var/folders/c1/scr8lqss6bz1rlk85myhm_jc0000gn/T/XcodeDistPipeline.~~~WsWTzJ/Root/Payload/CERQEL.app/Frameworks/Lottie.framework'
2025-01-23 10:03:06 +0000  /var/folders/c1/scr8lqss6bz1rlk85myhm_jc0000gn/T/XcodeDistPipeline.~~~WsWTzJ/Root/Payload/CERQEL.app/Frameworks/Lottie.framework: replacing existing signature
2025-01-23 10:03:06 +0000  /var/folders/c1/scr8lqss6bz1rlk85myhm_jc0000gn/T/XcodeDistPipeline.~~~WsWTzJ/Root/Payload/CERQEL.app/Frameworks/Lottie.framework: signed bundle with Mach-O thin (arm64) [org.cocoapods.Lottie]
2025-01-23 10:03:06 +0000  /usr/bin/codesign exited with 0
2025-01-23 10:03:06 +0000  Entitlements for <IDEDistributionItem: 0x6000f81ecd80; bundleID='org.cocoapods.MOLH', path='<DVTFilePath:0x60012cda4700:'/Users/ahmedmaher/Library/Developer/Xcode/Archives/2025-01-23/CERQEL_TST 23-01-2025, 11.53 AM.xcarchive/Products/Applications/CERQEL.app/Frameworks/MOLH.framework'>', codeSigningInfo='<_DVTCodeSigningInformation_Path: 0x6000f845e5d0; isSigned='1', isAdHocSigned='0', signingCertificate='<DVTSigningCertificate: 0x6000991b8180; name='Apple Development: Ahmed Maher (N5M5QPPB69)', hash='FC4EF9E1EDFAE25151A1E6A8911A084FC1B246BC', serialNumber='6AFACB33A60CA473FDD90B5286798487', certificateKinds='(
    "1.2.840.113635.100.6.1.12",
    "1.2.840.113635.100.6.1.2"
), issueDate='2025-01-16 09:51:48 +0000''>', entitlements='(null)', teamID='2536D9AR8F', identifier='org.cocoapods.MOLH', executablePath='<DVTFilePath:0x6000f8e04f60:'/Users/ahmedmaher/Library/Developer/Xcode/Archives/2025-01-23/CERQEL_TST 23-01-2025, 11.53 AM.xcarchive/Products/Applications/CERQEL.app/Frameworks/MOLH.framework/MOLH'>', hardenedRuntime='0'>'>: {
}
2025-01-23 10:03:06 +0000  Associated App Clip Identifiers Filter: Skipping because "com.apple.developer.associated-appclip-app-identifiers" is not present
2025-01-23 10:03:06 +0000  Entitlements for <IDEDistributionItem: 0x6000f81ecd80; bundleID='org.cocoapods.MOLH', path='<DVTFilePath:0x60012cda4700:'/Users/ahmedmaher/Library/Developer/Xcode/Archives/2025-01-23/CERQEL_TST 23-01-2025, 11.53 AM.xcarchive/Products/Applications/CERQEL.app/Frameworks/MOLH.framework'>', codeSigningInfo='<_DVTCodeSigningInformation_Path: 0x6000f845e5d0; isSigned='1', isAdHocSigned='0', signingCertificate='<DVTSigningCertificate: 0x600059e14f00; name='Apple Development: Ahmed Maher (N5M5QPPB69)', hash='FC4EF9E1EDFAE25151A1E6A8911A084FC1B246BC', serialNumber='6AFACB33A60CA473FDD90B5286798487', certificateKinds='(
    "1.2.840.113635.100.6.1.12",
    "1.2.840.113635.100.6.1.2"
), issueDate='2025-01-16 09:51:48 +0000''>', entitlements='(null)', teamID='2536D9AR8F', identifier='org.cocoapods.MOLH', executablePath='<DVTFilePath:0x6000f8e04f60:'/Users/ahmedmaher/Library/Developer/Xcode/Archives/2025-01-23/CERQEL_TST 23-01-2025, 11.53 AM.xcarchive/Products/Applications/CERQEL.app/Frameworks/MOLH.framework/MOLH'>', hardenedRuntime='0'>'> are: {
}
2025-01-23 10:03:06 +0000  Writing entitlements for <IDEDistributionItem: 0x6000f81ecd80; bundleID='org.cocoapods.MOLH', path='<DVTFilePath:0x60012cda4700:'/Users/ahmedmaher/Library/Developer/Xcode/Archives/2025-01-23/CERQEL_TST 23-01-2025, 11.53 AM.xcarchive/Products/Applications/CERQEL.app/Frameworks/MOLH.framework'>', codeSigningInfo='<_DVTCodeSigningInformation_Path: 0x6000f845e5d0; isSigned='1', isAdHocSigned='0', signingCertificate='<DVTSigningCertificate: 0x6000991b86c0; name='Apple Development: Ahmed Maher (N5M5QPPB69)', hash='FC4EF9E1EDFAE25151A1E6A8911A084FC1B246BC', serialNumber='6AFACB33A60CA473FDD90B5286798487', certificateKinds='(
    "1.2.840.113635.100.6.1.12",
    "1.2.840.113635.100.6.1.2"
), issueDate='2025-01-16 09:51:48 +0000''>', entitlements='(null)', teamID='2536D9AR8F', identifier='org.cocoapods.MOLH', executablePath='<DVTFilePath:0x6000f8e04f60:'/Users/ahmedmaher/Library/Developer/Xcode/Archives/2025-01-23/CERQEL_TST 23-01-2025, 11.53 AM.xcarchive/Products/Applications/CERQEL.app/Frameworks/MOLH.framework/MOLH'>', hardenedRuntime='0'>'> to: /var/folders/c1/scr8lqss6bz1rlk85myhm_jc0000gn/T/XcodeDistPipeline.~~~WsWTzJ/entitlements~~~lbqvWV
2025-01-23 10:03:06 +0000  Running /usr/bin/codesign '-vvv' '--force' '--sign' 'B74E043AB25CE9CDA63E6A99C27C04D4656978A2' '--entitlements' '/var/folders/c1/scr8lqss6bz1rlk85myhm_jc0000gn/T/XcodeDistPipeline.~~~WsWTzJ/entitlements~~~lbqvWV' '--generate-entitlement-der' '--strip-disallowed-xattrs' '--preserve-metadata=identifier,flags,runtime' '/var/folders/c1/scr8lqss6bz1rlk85myhm_jc0000gn/T/XcodeDistPipeline.~~~WsWTzJ/Root/Payload/CERQEL.app/Frameworks/MOLH.framework'
2025-01-23 10:03:06 +0000  /var/folders/c1/scr8lqss6bz1rlk85myhm_jc0000gn/T/XcodeDistPipeline.~~~WsWTzJ/Root/Payload/CERQEL.app/Frameworks/MOLH.framework: replacing existing signature
2025-01-23 10:03:06 +0000  /var/folders/c1/scr8lqss6bz1rlk85myhm_jc0000gn/T/XcodeDistPipeline.~~~WsWTzJ/Root/Payload/CERQEL.app/Frameworks/MOLH.framework: signed bundle with Mach-O thin (arm64) [org.cocoapods.MOLH]
2025-01-23 10:03:06 +0000  /usr/bin/codesign exited with 0
2025-01-23 10:03:06 +0000  Entitlements for <IDEDistributionItem: 0x6001fc0dd800; bundleID='com.echo.framework.Mantis', path='<DVTFilePath:0x600080f89b20:'/Users/ahmedmaher/Library/Developer/Xcode/Archives/2025-01-23/CERQEL_TST 23-01-2025, 11.53 AM.xcarchive/Products/Applications/CERQEL.app/Frameworks/Mantis.framework'>', codeSigningInfo='<_DVTCodeSigningInformation_Path: 0x60010c71f430; isSigned='1', isAdHocSigned='0', signingCertificate='<DVTSigningCertificate: 0x600059e14f00; name='Apple Development: Ahmed Maher (N5M5QPPB69)', hash='FC4EF9E1EDFAE25151A1E6A8911A084FC1B246BC', serialNumber='6AFACB33A60CA473FDD90B5286798487', certificateKinds='(
    "1.2.840.113635.100.6.1.12",
    "1.2.840.113635.100.6.1.2"
), issueDate='2025-01-16 09:51:48 +0000''>', entitlements='(null)', teamID='2536D9AR8F', identifier='com.echo.framework.Mantis', executablePath='<DVTFilePath:0x6001fc0afd20:'/Users/ahmedmaher/Library/Developer/Xcode/Archives/2025-01-23/CERQEL_TST 23-01-2025, 11.53 AM.xcarchive/Products/Applications/CERQEL.app/Frameworks/Mantis.framework/Mantis'>', hardenedRuntime='0'>'>: {
}
2025-01-23 10:03:06 +0000  Associated App Clip Identifiers Filter: Skipping because "com.apple.developer.associated-appclip-app-identifiers" is not present
2025-01-23 10:03:06 +0000  Entitlements for <IDEDistributionItem: 0x6001fc0dd800; bundleID='com.echo.framework.Mantis', path='<DVTFilePath:0x600080f89b20:'/Users/ahmedmaher/Library/Developer/Xcode/Archives/2025-01-23/CERQEL_TST 23-01-2025, 11.53 AM.xcarchive/Products/Applications/CERQEL.app/Frameworks/Mantis.framework'>', codeSigningInfo='<_DVTCodeSigningInformation_Path: 0x60010c71f430; isSigned='1', isAdHocSigned='0', signingCertificate='<DVTSigningCertificate: 0x600059e16580; name='Apple Development: Ahmed Maher (N5M5QPPB69)', hash='FC4EF9E1EDFAE25151A1E6A8911A084FC1B246BC', serialNumber='6AFACB33A60CA473FDD90B5286798487', certificateKinds='(
    "1.2.840.113635.100.6.1.12",
    "1.2.840.113635.100.6.1.2"
), issueDate='2025-01-16 09:51:48 +0000''>', entitlements='(null)', teamID='2536D9AR8F', identifier='com.echo.framework.Mantis', executablePath='<DVTFilePath:0x6001fc0afd20:'/Users/ahmedmaher/Library/Developer/Xcode/Archives/2025-01-23/CERQEL_TST 23-01-2025, 11.53 AM.xcarchive/Products/Applications/CERQEL.app/Frameworks/Mantis.framework/Mantis'>', hardenedRuntime='0'>'> are: {
}
2025-01-23 10:03:06 +0000  Writing entitlements for <IDEDistributionItem: 0x6001fc0dd800; bundleID='com.echo.framework.Mantis', path='<DVTFilePath:0x600080f89b20:'/Users/ahmedmaher/Library/Developer/Xcode/Archives/2025-01-23/CERQEL_TST 23-01-2025, 11.53 AM.xcarchive/Products/Applications/CERQEL.app/Frameworks/Mantis.framework'>', codeSigningInfo='<_DVTCodeSigningInformation_Path: 0x60010c71f430; isSigned='1', isAdHocSigned='0', signingCertificate='<DVTSigningCertificate: 0x600059e17b40; name='Apple Development: Ahmed Maher (N5M5QPPB69)', hash='FC4EF9E1EDFAE25151A1E6A8911A084FC1B246BC', serialNumber='6AFACB33A60CA473FDD90B5286798487', certificateKinds='(
    "1.2.840.113635.100.6.1.12",
    "1.2.840.113635.100.6.1.2"
), issueDate='2025-01-16 09:51:48 +0000''>', entitlements='(null)', teamID='2536D9AR8F', identifier='com.echo.framework.Mantis', executablePath='<DVTFilePath:0x6001fc0afd20:'/Users/ahmedmaher/Library/Developer/Xcode/Archives/2025-01-23/CERQEL_TST 23-01-2025, 11.53 AM.xcarchive/Products/Applications/CERQEL.app/Frameworks/Mantis.framework/Mantis'>', hardenedRuntime='0'>'> to: /var/folders/c1/scr8lqss6bz1rlk85myhm_jc0000gn/T/XcodeDistPipeline.~~~WsWTzJ/entitlements~~~dRD81k
2025-01-23 10:03:06 +0000  Running /usr/bin/codesign '-vvv' '--force' '--sign' 'B74E043AB25CE9CDA63E6A99C27C04D4656978A2' '--entitlements' '/var/folders/c1/scr8lqss6bz1rlk85myhm_jc0000gn/T/XcodeDistPipeline.~~~WsWTzJ/entitlements~~~dRD81k' '--generate-entitlement-der' '--strip-disallowed-xattrs' '--preserve-metadata=identifier,flags,runtime' '/var/folders/c1/scr8lqss6bz1rlk85myhm_jc0000gn/T/XcodeDistPipeline.~~~WsWTzJ/Root/Payload/CERQEL.app/Frameworks/Mantis.framework'
2025-01-23 10:03:06 +0000  /var/folders/c1/scr8lqss6bz1rlk85myhm_jc0000gn/T/XcodeDistPipeline.~~~WsWTzJ/Root/Payload/CERQEL.app/Frameworks/Mantis.framework: replacing existing signature
2025-01-23 10:03:06 +0000  /var/folders/c1/scr8lqss6bz1rlk85myhm_jc0000gn/T/XcodeDistPipeline.~~~WsWTzJ/Root/Payload/CERQEL.app/Frameworks/Mantis.framework: signed bundle with Mach-O thin (arm64) [com.echo.framework.Mantis]
2025-01-23 10:03:06 +0000  /usr/bin/codesign exited with 0
2025-01-23 10:03:06 +0000  Entitlements for <IDEDistributionItem: 0x6000f8e0c3c0; bundleID='org.cocoapods.MultiSlider', path='<DVTFilePath:0x600248d441c0:'/Users/ahmedmaher/Library/Developer/Xcode/Archives/2025-01-23/CERQEL_TST 23-01-2025, 11.53 AM.xcarchive/Products/Applications/CERQEL.app/Frameworks/MultiSlider.framework'>', codeSigningInfo='<_DVTCodeSigningInformation_Path: 0x6000f845dc20; isSigned='1', isAdHocSigned='0', signingCertificate='<DVTSigningCertificate: 0x6000991b8180; name='Apple Development: Ahmed Maher (N5M5QPPB69)', hash='FC4EF9E1EDFAE25151A1E6A8911A084FC1B246BC', serialNumber='6AFACB33A60CA473FDD90B5286798487', certificateKinds='(
    "1.2.840.113635.100.6.1.12",
    "1.2.840.113635.100.6.1.2"
), issueDate='2025-01-16 09:51:48 +0000''>', entitlements='(null)', teamID='2536D9AR8F', identifier='org.cocoapods.MultiSlider', executablePath='<DVTFilePath:0x600100ff7640:'/Users/ahmedmaher/Library/Developer/Xcode/Archives/2025-01-23/CERQEL_TST 23-01-2025, 11.53 AM.xcarchive/Products/Applications/CERQEL.app/Frameworks/MultiSlider.framework/MultiSlider'>', hardenedRuntime='0'>'>: {
}
2025-01-23 10:03:06 +0000  Associated App Clip Identifiers Filter: Skipping because "com.apple.developer.associated-appclip-app-identifiers" is not present
2025-01-23 10:03:06 +0000  Entitlements for <IDEDistributionItem: 0x6000f8e0c3c0; bundleID='org.cocoapods.MultiSlider', path='<DVTFilePath:0x600248d441c0:'/Users/ahmedmaher/Library/Developer/Xcode/Archives/2025-01-23/CERQEL_TST 23-01-2025, 11.53 AM.xcarchive/Products/Applications/CERQEL.app/Frameworks/MultiSlider.framework'>', codeSigningInfo='<_DVTCodeSigningInformation_Path: 0x6000f845dc20; isSigned='1', isAdHocSigned='0', signingCertificate='<DVTSigningCertificate: 0x600059e14f00; name='Apple Development: Ahmed Maher (N5M5QPPB69)', hash='FC4EF9E1EDFAE25151A1E6A8911A084FC1B246BC', serialNumber='6AFACB33A60CA473FDD90B5286798487', certificateKinds='(
    "1.2.840.113635.100.6.1.12",
    "1.2.840.113635.100.6.1.2"
), issueDate='2025-01-16 09:51:48 +0000''>', entitlements='(null)', teamID='2536D9AR8F', identifier='org.cocoapods.MultiSlider', executablePath='<DVTFilePath:0x600100ff7640:'/Users/ahmedmaher/Library/Developer/Xcode/Archives/2025-01-23/CERQEL_TST 23-01-2025, 11.53 AM.xcarchive/Products/Applications/CERQEL.app/Frameworks/MultiSlider.framework/MultiSlider'>', hardenedRuntime='0'>'> are: {
}
2025-01-23 10:03:06 +0000  Writing entitlements for <IDEDistributionItem: 0x6000f8e0c3c0; bundleID='org.cocoapods.MultiSlider', path='<DVTFilePath:0x600248d441c0:'/Users/ahmedmaher/Library/Developer/Xcode/Archives/2025-01-23/CERQEL_TST 23-01-2025, 11.53 AM.xcarchive/Products/Applications/CERQEL.app/Frameworks/MultiSlider.framework'>', codeSigningInfo='<_DVTCodeSigningInformation_Path: 0x6000f845dc20; isSigned='1', isAdHocSigned='0', signingCertificate='<DVTSigningCertificate: 0x6000991b86c0; name='Apple Development: Ahmed Maher (N5M5QPPB69)', hash='FC4EF9E1EDFAE25151A1E6A8911A084FC1B246BC', serialNumber='6AFACB33A60CA473FDD90B5286798487', certificateKinds='(
    "1.2.840.113635.100.6.1.12",
    "1.2.840.113635.100.6.1.2"
), issueDate='2025-01-16 09:51:48 +0000''>', entitlements='(null)', teamID='2536D9AR8F', identifier='org.cocoapods.MultiSlider', executablePath='<DVTFilePath:0x600100ff7640:'/Users/ahmedmaher/Library/Developer/Xcode/Archives/2025-01-23/CERQEL_TST 23-01-2025, 11.53 AM.xcarchive/Products/Applications/CERQEL.app/Frameworks/MultiSlider.framework/MultiSlider'>', hardenedRuntime='0'>'> to: /var/folders/c1/scr8lqss6bz1rlk85myhm_jc0000gn/T/XcodeDistPipeline.~~~WsWTzJ/entitlements~~~lzOFhP
2025-01-23 10:03:06 +0000  Running /usr/bin/codesign '-vvv' '--force' '--sign' 'B74E043AB25CE9CDA63E6A99C27C04D4656978A2' '--entitlements' '/var/folders/c1/scr8lqss6bz1rlk85myhm_jc0000gn/T/XcodeDistPipeline.~~~WsWTzJ/entitlements~~~lzOFhP' '--generate-entitlement-der' '--strip-disallowed-xattrs' '--preserve-metadata=identifier,flags,runtime' '/var/folders/c1/scr8lqss6bz1rlk85myhm_jc0000gn/T/XcodeDistPipeline.~~~WsWTzJ/Root/Payload/CERQEL.app/Frameworks/MultiSlider.framework'
2025-01-23 10:03:06 +0000  /var/folders/c1/scr8lqss6bz1rlk85myhm_jc0000gn/T/XcodeDistPipeline.~~~WsWTzJ/Root/Payload/CERQEL.app/Frameworks/MultiSlider.framework: replacing existing signature
2025-01-23 10:03:06 +0000  /var/folders/c1/scr8lqss6bz1rlk85myhm_jc0000gn/T/XcodeDistPipeline.~~~WsWTzJ/Root/Payload/CERQEL.app/Frameworks/MultiSlider.framework: signed bundle with Mach-O thin (arm64) [org.cocoapods.MultiSlider]
2025-01-23 10:03:06 +0000  /usr/bin/codesign exited with 0
2025-01-23 10:03:06 +0000  Entitlements for <IDEDistributionItem: 0x6001fc0dc600; bundleID='org.cocoapods.NicoProgress', path='<DVTFilePath:0x60012cda4bd0:'/Users/ahmedmaher/Library/Developer/Xcode/Archives/2025-01-23/CERQEL_TST 23-01-2025, 11.53 AM.xcarchive/Products/Applications/CERQEL.app/Frameworks/NicoProgress.framework'>', codeSigningInfo='<_DVTCodeSigningInformation_Path: 0x60010c70fa70; isSigned='1', isAdHocSigned='0', signingCertificate='<DVTSigningCertificate: 0x6000991b86c0; name='Apple Development: Ahmed Maher (N5M5QPPB69)', hash='FC4EF9E1EDFAE25151A1E6A8911A084FC1B246BC', serialNumber='6AFACB33A60CA473FDD90B5286798487', certificateKinds='(
    "1.2.840.113635.100.6.1.12",
    "1.2.840.113635.100.6.1.2"
), issueDate='2025-01-16 09:51:48 +0000''>', entitlements='(null)', teamID='2536D9AR8F', identifier='org.cocoapods.NicoProgress', executablePath='<DVTFilePath:0x600248c8ba30:'/Users/ahmedmaher/Library/Developer/Xcode/Archives/2025-01-23/CERQEL_TST 23-01-2025, 11.53 AM.xcarchive/Products/Applications/CERQEL.app/Frameworks/NicoProgress.framework/NicoProgress'>', hardenedRuntime='0'>'>: {
}
2025-01-23 10:03:06 +0000  Associated App Clip Identifiers Filter: Skipping because "com.apple.developer.associated-appclip-app-identifiers" is not present
2025-01-23 10:03:06 +0000  Entitlements for <IDEDistributionItem: 0x6001fc0dc600; bundleID='org.cocoapods.NicoProgress', path='<DVTFilePath:0x60012cda4bd0:'/Users/ahmedmaher/Library/Developer/Xcode/Archives/2025-01-23/CERQEL_TST 23-01-2025, 11.53 AM.xcarchive/Products/Applications/CERQEL.app/Frameworks/NicoProgress.framework'>', codeSigningInfo='<_DVTCodeSigningInformation_Path: 0x60010c70fa70; isSigned='1', isAdHocSigned='0', signingCertificate='<DVTSigningCertificate: 0x600059e14f00; name='Apple Development: Ahmed Maher (N5M5QPPB69)', hash='FC4EF9E1EDFAE25151A1E6A8911A084FC1B246BC', serialNumber='6AFACB33A60CA473FDD90B5286798487', certificateKinds='(
    "1.2.840.113635.100.6.1.12",
    "1.2.840.113635.100.6.1.2"
), issueDate='2025-01-16 09:51:48 +0000''>', entitlements='(null)', teamID='2536D9AR8F', identifier='org.cocoapods.NicoProgress', executablePath='<DVTFilePath:0x600248c8ba30:'/Users/ahmedmaher/Library/Developer/Xcode/Archives/2025-01-23/CERQEL_TST 23-01-2025, 11.53 AM.xcarchive/Products/Applications/CERQEL.app/Frameworks/NicoProgress.framework/NicoProgress'>', hardenedRuntime='0'>'> are: {
}
2025-01-23 10:03:06 +0000  Writing entitlements for <IDEDistributionItem: 0x6001fc0dc600; bundleID='org.cocoapods.NicoProgress', path='<DVTFilePath:0x60012cda4bd0:'/Users/ahmedmaher/Library/Developer/Xcode/Archives/2025-01-23/CERQEL_TST 23-01-2025, 11.53 AM.xcarchive/Products/Applications/CERQEL.app/Frameworks/NicoProgress.framework'>', codeSigningInfo='<_DVTCodeSigningInformation_Path: 0x60010c70fa70; isSigned='1', isAdHocSigned='0', signingCertificate='<DVTSigningCertificate: 0x600059e16580; name='Apple Development: Ahmed Maher (N5M5QPPB69)', hash='FC4EF9E1EDFAE25151A1E6A8911A084FC1B246BC', serialNumber='6AFACB33A60CA473FDD90B5286798487', certificateKinds='(
    "1.2.840.113635.100.6.1.12",
    "1.2.840.113635.100.6.1.2"
), issueDate='2025-01-16 09:51:48 +0000''>', entitlements='(null)', teamID='2536D9AR8F', identifier='org.cocoapods.NicoProgress', executablePath='<DVTFilePath:0x600248c8ba30:'/Users/ahmedmaher/Library/Developer/Xcode/Archives/2025-01-23/CERQEL_TST 23-01-2025, 11.53 AM.xcarchive/Products/Applications/CERQEL.app/Frameworks/NicoProgress.framework/NicoProgress'>', hardenedRuntime='0'>'> to: /var/folders/c1/scr8lqss6bz1rlk85myhm_jc0000gn/T/XcodeDistPipeline.~~~WsWTzJ/entitlements~~~AGVGZU
2025-01-23 10:03:06 +0000  Running /usr/bin/codesign '-vvv' '--force' '--sign' 'B74E043AB25CE9CDA63E6A99C27C04D4656978A2' '--entitlements' '/var/folders/c1/scr8lqss6bz1rlk85myhm_jc0000gn/T/XcodeDistPipeline.~~~WsWTzJ/entitlements~~~AGVGZU' '--generate-entitlement-der' '--strip-disallowed-xattrs' '--preserve-metadata=identifier,flags,runtime' '/var/folders/c1/scr8lqss6bz1rlk85myhm_jc0000gn/T/XcodeDistPipeline.~~~WsWTzJ/Root/Payload/CERQEL.app/Frameworks/NicoProgress.framework'
2025-01-23 10:03:06 +0000  /var/folders/c1/scr8lqss6bz1rlk85myhm_jc0000gn/T/XcodeDistPipeline.~~~WsWTzJ/Root/Payload/CERQEL.app/Frameworks/NicoProgress.framework: replacing existing signature
2025-01-23 10:03:06 +0000  /var/folders/c1/scr8lqss6bz1rlk85myhm_jc0000gn/T/XcodeDistPipeline.~~~WsWTzJ/Root/Payload/CERQEL.app/Frameworks/NicoProgress.framework: signed bundle with Mach-O thin (arm64) [org.cocoapods.NicoProgress]
2025-01-23 10:03:06 +0000  /usr/bin/codesign exited with 0
2025-01-23 10:03:06 +0000  Entitlements for <IDEDistributionItem: 0x6001fc0c1a40; bundleID='org.cocoapods.ObjectMapper', path='<DVTFilePath:0x60012cda4e70:'/Users/ahmedmaher/Library/Developer/Xcode/Archives/2025-01-23/CERQEL_TST 23-01-2025, 11.53 AM.xcarchive/Products/Applications/CERQEL.app/Frameworks/ObjectMapper.framework'>', codeSigningInfo='<_DVTCodeSigningInformation_Path: 0x6000d83002d0; isSigned='1', isAdHocSigned='0', signingCertificate='<DVTSigningCertificate: 0x6000991b86c0; name='Apple Development: Ahmed Maher (N5M5QPPB69)', hash='FC4EF9E1EDFAE25151A1E6A8911A084FC1B246BC', serialNumber='6AFACB33A60CA473FDD90B5286798487', certificateKinds='(
    "1.2.840.113635.100.6.1.12",
    "1.2.840.113635.100.6.1.2"
), issueDate='2025-01-16 09:51:48 +0000''>', entitlements='(null)', teamID='2536D9AR8F', identifier='org.cocoapods.ObjectMapper', executablePath='<DVTFilePath:0x600100ff6060:'/Users/ahmedmaher/Library/Developer/Xcode/Archives/2025-01-23/CERQEL_TST 23-01-2025, 11.53 AM.xcarchive/Products/Applications/CERQEL.app/Frameworks/ObjectMapper.framework/ObjectMapper'>', hardenedRuntime='0'>'>: {
}
2025-01-23 10:03:06 +0000  Associated App Clip Identifiers Filter: Skipping because "com.apple.developer.associated-appclip-app-identifiers" is not present
2025-01-23 10:03:06 +0000  Entitlements for <IDEDistributionItem: 0x6001fc0c1a40; bundleID='org.cocoapods.ObjectMapper', path='<DVTFilePath:0x60012cda4e70:'/Users/ahmedmaher/Library/Developer/Xcode/Archives/2025-01-23/CERQEL_TST 23-01-2025, 11.53 AM.xcarchive/Products/Applications/CERQEL.app/Frameworks/ObjectMapper.framework'>', codeSigningInfo='<_DVTCodeSigningInformation_Path: 0x6000d83002d0; isSigned='1', isAdHocSigned='0', signingCertificate='<DVTSigningCertificate: 0x600059e14f00; name='Apple Development: Ahmed Maher (N5M5QPPB69)', hash='FC4EF9E1EDFAE25151A1E6A8911A084FC1B246BC', serialNumber='6AFACB33A60CA473FDD90B5286798487', certificateKinds='(
    "1.2.840.113635.100.6.1.12",
    "1.2.840.113635.100.6.1.2"
), issueDate='2025-01-16 09:51:48 +0000''>', entitlements='(null)', teamID='2536D9AR8F', identifier='org.cocoapods.ObjectMapper', executablePath='<DVTFilePath:0x600100ff6060:'/Users/ahmedmaher/Library/Developer/Xcode/Archives/2025-01-23/CERQEL_TST 23-01-2025, 11.53 AM.xcarchive/Products/Applications/CERQEL.app/Frameworks/ObjectMapper.framework/ObjectMapper'>', hardenedRuntime='0'>'> are: {
}
2025-01-23 10:03:06 +0000  Writing entitlements for <IDEDistributionItem: 0x6001fc0c1a40; bundleID='org.cocoapods.ObjectMapper', path='<DVTFilePath:0x60012cda4e70:'/Users/ahmedmaher/Library/Developer/Xcode/Archives/2025-01-23/CERQEL_TST 23-01-2025, 11.53 AM.xcarchive/Products/Applications/CERQEL.app/Frameworks/ObjectMapper.framework'>', codeSigningInfo='<_DVTCodeSigningInformation_Path: 0x6000d83002d0; isSigned='1', isAdHocSigned='0', signingCertificate='<DVTSigningCertificate: 0x6000991b9680; name='Apple Development: Ahmed Maher (N5M5QPPB69)', hash='FC4EF9E1EDFAE25151A1E6A8911A084FC1B246BC', serialNumber='6AFACB33A60CA473FDD90B5286798487', certificateKinds='(
    "1.2.840.113635.100.6.1.12",
    "1.2.840.113635.100.6.1.2"
), issueDate='2025-01-16 09:51:48 +0000''>', entitlements='(null)', teamID='2536D9AR8F', identifier='org.cocoapods.ObjectMapper', executablePath='<DVTFilePath:0x600100ff6060:'/Users/ahmedmaher/Library/Developer/Xcode/Archives/2025-01-23/CERQEL_TST 23-01-2025, 11.53 AM.xcarchive/Products/Applications/CERQEL.app/Frameworks/ObjectMapper.framework/ObjectMapper'>', hardenedRuntime='0'>'> to: /var/folders/c1/scr8lqss6bz1rlk85myhm_jc0000gn/T/XcodeDistPipeline.~~~WsWTzJ/entitlements~~~aBKSwT
2025-01-23 10:03:06 +0000  Running /usr/bin/codesign '-vvv' '--force' '--sign' 'B74E043AB25CE9CDA63E6A99C27C04D4656978A2' '--entitlements' '/var/folders/c1/scr8lqss6bz1rlk85myhm_jc0000gn/T/XcodeDistPipeline.~~~WsWTzJ/entitlements~~~aBKSwT' '--generate-entitlement-der' '--strip-disallowed-xattrs' '--preserve-metadata=identifier,flags,runtime' '/var/folders/c1/scr8lqss6bz1rlk85myhm_jc0000gn/T/XcodeDistPipeline.~~~WsWTzJ/Root/Payload/CERQEL.app/Frameworks/ObjectMapper.framework'
2025-01-23 10:03:06 +0000  /var/folders/c1/scr8lqss6bz1rlk85myhm_jc0000gn/T/XcodeDistPipeline.~~~WsWTzJ/Root/Payload/CERQEL.app/Frameworks/ObjectMapper.framework: replacing existing signature
2025-01-23 10:03:06 +0000  /var/folders/c1/scr8lqss6bz1rlk85myhm_jc0000gn/T/XcodeDistPipeline.~~~WsWTzJ/Root/Payload/CERQEL.app/Frameworks/ObjectMapper.framework: signed bundle with Mach-O thin (arm64) [org.cocoapods.ObjectMapper]
2025-01-23 10:03:06 +0000  /usr/bin/codesign exited with 0
2025-01-23 10:03:06 +0000  Entitlements for <IDEDistributionItem: 0x6001fc0dcf00; bundleID='org.cocoapods.PanModal', path='<DVTFilePath:0x600100f90460:'/Users/ahmedmaher/Library/Developer/Xcode/Archives/2025-01-23/CERQEL_TST 23-01-2025, 11.53 AM.xcarchive/Products/Applications/CERQEL.app/Frameworks/PanModal.framework'>', codeSigningInfo='<_DVTCodeSigningInformation_Path: 0x60010c4897c0; isSigned='1', isAdHocSigned='0', signingCertificate='<DVTSigningCertificate: 0x600059e14f00; name='Apple Development: Ahmed Maher (N5M5QPPB69)', hash='FC4EF9E1EDFAE25151A1E6A8911A084FC1B246BC', serialNumber='6AFACB33A60CA473FDD90B5286798487', certificateKinds='(
    "1.2.840.113635.100.6.1.12",
    "1.2.840.113635.100.6.1.2"
), issueDate='2025-01-16 09:51:48 +0000''>', entitlements='(null)', teamID='2536D9AR8F', identifier='org.cocoapods.PanModal', executablePath='<DVTFilePath:0x60012ccc89a0:'/Users/ahmedmaher/Library/Developer/Xcode/Archives/2025-01-23/CERQEL_TST 23-01-2025, 11.53 AM.xcarchive/Products/Applications/CERQEL.app/Frameworks/PanModal.framework/PanModal'>', hardenedRuntime='0'>'>: {
}
2025-01-23 10:03:06 +0000  Associated App Clip Identifiers Filter: Skipping because "com.apple.developer.associated-appclip-app-identifiers" is not present
2025-01-23 10:03:06 +0000  Entitlements for <IDEDistributionItem: 0x6001fc0dcf00; bundleID='org.cocoapods.PanModal', path='<DVTFilePath:0x600100f90460:'/Users/ahmedmaher/Library/Developer/Xcode/Archives/2025-01-23/CERQEL_TST 23-01-2025, 11.53 AM.xcarchive/Products/Applications/CERQEL.app/Frameworks/PanModal.framework'>', codeSigningInfo='<_DVTCodeSigningInformation_Path: 0x60010c4897c0; isSigned='1', isAdHocSigned='0', signingCertificate='<DVTSigningCertificate: 0x600059e16580; name='Apple Development: Ahmed Maher (N5M5QPPB69)', hash='FC4EF9E1EDFAE25151A1E6A8911A084FC1B246BC', serialNumber='6AFACB33A60CA473FDD90B5286798487', certificateKinds='(
    "1.2.840.113635.100.6.1.12",
    "1.2.840.113635.100.6.1.2"
), issueDate='2025-01-16 09:51:48 +0000''>', entitlements='(null)', teamID='2536D9AR8F', identifier='org.cocoapods.PanModal', executablePath='<DVTFilePath:0x60012ccc89a0:'/Users/ahmedmaher/Library/Developer/Xcode/Archives/2025-01-23/CERQEL_TST 23-01-2025, 11.53 AM.xcarchive/Products/Applications/CERQEL.app/Frameworks/PanModal.framework/PanModal'>', hardenedRuntime='0'>'> are: {
}
2025-01-23 10:03:06 +0000  Writing entitlements for <IDEDistributionItem: 0x6001fc0dcf00; bundleID='org.cocoapods.PanModal', path='<DVTFilePath:0x600100f90460:'/Users/ahmedmaher/Library/Developer/Xcode/Archives/2025-01-23/CERQEL_TST 23-01-2025, 11.53 AM.xcarchive/Products/Applications/CERQEL.app/Frameworks/PanModal.framework'>', codeSigningInfo='<_DVTCodeSigningInformation_Path: 0x60010c4897c0; isSigned='1', isAdHocSigned='0', signingCertificate='<DVTSigningCertificate: 0x6000991b86c0; name='Apple Development: Ahmed Maher (N5M5QPPB69)', hash='FC4EF9E1EDFAE25151A1E6A8911A084FC1B246BC', serialNumber='6AFACB33A60CA473FDD90B5286798487', certificateKinds='(
    "1.2.840.113635.100.6.1.12",
    "1.2.840.113635.100.6.1.2"
), issueDate='2025-01-16 09:51:48 +0000''>', entitlements='(null)', teamID='2536D9AR8F', identifier='org.cocoapods.PanModal', executablePath='<DVTFilePath:0x60012ccc89a0:'/Users/ahmedmaher/Library/Developer/Xcode/Archives/2025-01-23/CERQEL_TST 23-01-2025, 11.53 AM.xcarchive/Products/Applications/CERQEL.app/Frameworks/PanModal.framework/PanModal'>', hardenedRuntime='0'>'> to: /var/folders/c1/scr8lqss6bz1rlk85myhm_jc0000gn/T/XcodeDistPipeline.~~~WsWTzJ/entitlements~~~A28UKh
2025-01-23 10:03:06 +0000  Running /usr/bin/codesign '-vvv' '--force' '--sign' 'B74E043AB25CE9CDA63E6A99C27C04D4656978A2' '--entitlements' '/var/folders/c1/scr8lqss6bz1rlk85myhm_jc0000gn/T/XcodeDistPipeline.~~~WsWTzJ/entitlements~~~A28UKh' '--generate-entitlement-der' '--strip-disallowed-xattrs' '--preserve-metadata=identifier,flags,runtime' '/var/folders/c1/scr8lqss6bz1rlk85myhm_jc0000gn/T/XcodeDistPipeline.~~~WsWTzJ/Root/Payload/CERQEL.app/Frameworks/PanModal.framework'
2025-01-23 10:03:06 +0000  /var/folders/c1/scr8lqss6bz1rlk85myhm_jc0000gn/T/XcodeDistPipeline.~~~WsWTzJ/Root/Payload/CERQEL.app/Frameworks/PanModal.framework: replacing existing signature
2025-01-23 10:03:06 +0000  /var/folders/c1/scr8lqss6bz1rlk85myhm_jc0000gn/T/XcodeDistPipeline.~~~WsWTzJ/Root/Payload/CERQEL.app/Frameworks/PanModal.framework: signed bundle with Mach-O thin (arm64) [org.cocoapods.PanModal]
2025-01-23 10:03:06 +0000  /usr/bin/codesign exited with 0
2025-01-23 10:03:06 +0000  Entitlements for <IDEDistributionItem: 0x6000f8e17f00; bundleID='org.cocoapods.PhoneNumberKit', path='<DVTFilePath:0x60007cbf8080:'/Users/ahmedmaher/Library/Developer/Xcode/Archives/2025-01-23/CERQEL_TST 23-01-2025, 11.53 AM.xcarchive/Products/Applications/CERQEL.app/Frameworks/PhoneNumberKit.framework'>', codeSigningInfo='<_DVTCodeSigningInformation_Path: 0x6000f845d400; isSigned='1', isAdHocSigned='0', signingCertificate='<DVTSigningCertificate: 0x6000991b86c0; name='Apple Development: Ahmed Maher (N5M5QPPB69)', hash='FC4EF9E1EDFAE25151A1E6A8911A084FC1B246BC', serialNumber='6AFACB33A60CA473FDD90B5286798487', certificateKinds='(
    "1.2.840.113635.100.6.1.12",
    "1.2.840.113635.100.6.1.2"
), issueDate='2025-01-16 09:51:48 +0000''>', entitlements='(null)', teamID='2536D9AR8F', identifier='org.cocoapods.PhoneNumberKit', executablePath='<DVTFilePath:0x60012cc7d260:'/Users/ahmedmaher/Library/Developer/Xcode/Archives/2025-01-23/CERQEL_TST 23-01-2025, 11.53 AM.xcarchive/Products/Applications/CERQEL.app/Frameworks/PhoneNumberKit.framework/PhoneNumberKit'>', hardenedRuntime='0'>'>: {
}
2025-01-23 10:03:06 +0000  Associated App Clip Identifiers Filter: Skipping because "com.apple.developer.associated-appclip-app-identifiers" is not present
2025-01-23 10:03:06 +0000  Entitlements for <IDEDistributionItem: 0x6000f8e17f00; bundleID='org.cocoapods.PhoneNumberKit', path='<DVTFilePath:0x60007cbf8080:'/Users/ahmedmaher/Library/Developer/Xcode/Archives/2025-01-23/CERQEL_TST 23-01-2025, 11.53 AM.xcarchive/Products/Applications/CERQEL.app/Frameworks/PhoneNumberKit.framework'>', codeSigningInfo='<_DVTCodeSigningInformation_Path: 0x6000f845d400; isSigned='1', isAdHocSigned='0', signingCertificate='<DVTSigningCertificate: 0x600059e14f00; name='Apple Development: Ahmed Maher (N5M5QPPB69)', hash='FC4EF9E1EDFAE25151A1E6A8911A084FC1B246BC', serialNumber='6AFACB33A60CA473FDD90B5286798487', certificateKinds='(
    "1.2.840.113635.100.6.1.12",
    "1.2.840.113635.100.6.1.2"
), issueDate='2025-01-16 09:51:48 +0000''>', entitlements='(null)', teamID='2536D9AR8F', identifier='org.cocoapods.PhoneNumberKit', executablePath='<DVTFilePath:0x60012cc7d260:'/Users/ahmedmaher/Library/Developer/Xcode/Archives/2025-01-23/CERQEL_TST 23-01-2025, 11.53 AM.xcarchive/Products/Applications/CERQEL.app/Frameworks/PhoneNumberKit.framework/PhoneNumberKit'>', hardenedRuntime='0'>'> are: {
}
2025-01-23 10:03:06 +0000  Writing entitlements for <IDEDistributionItem: 0x6000f8e17f00; bundleID='org.cocoapods.PhoneNumberKit', path='<DVTFilePath:0x60007cbf8080:'/Users/ahmedmaher/Library/Developer/Xcode/Archives/2025-01-23/CERQEL_TST 23-01-2025, 11.53 AM.xcarchive/Products/Applications/CERQEL.app/Frameworks/PhoneNumberKit.framework'>', codeSigningInfo='<_DVTCodeSigningInformation_Path: 0x6000f845d400; isSigned='1', isAdHocSigned='0', signingCertificate='<DVTSigningCertificate: 0x6000991b9680; name='Apple Development: Ahmed Maher (N5M5QPPB69)', hash='FC4EF9E1EDFAE25151A1E6A8911A084FC1B246BC', serialNumber='6AFACB33A60CA473FDD90B5286798487', certificateKinds='(
    "1.2.840.113635.100.6.1.12",
    "1.2.840.113635.100.6.1.2"
), issueDate='2025-01-16 09:51:48 +0000''>', entitlements='(null)', teamID='2536D9AR8F', identifier='org.cocoapods.PhoneNumberKit', executablePath='<DVTFilePath:0x60012cc7d260:'/Users/ahmedmaher/Library/Developer/Xcode/Archives/2025-01-23/CERQEL_TST 23-01-2025, 11.53 AM.xcarchive/Products/Applications/CERQEL.app/Frameworks/PhoneNumberKit.framework/PhoneNumberKit'>', hardenedRuntime='0'>'> to: /var/folders/c1/scr8lqss6bz1rlk85myhm_jc0000gn/T/XcodeDistPipeline.~~~WsWTzJ/entitlements~~~oiRHyW
2025-01-23 10:03:06 +0000  Running /usr/bin/codesign '-vvv' '--force' '--sign' 'B74E043AB25CE9CDA63E6A99C27C04D4656978A2' '--entitlements' '/var/folders/c1/scr8lqss6bz1rlk85myhm_jc0000gn/T/XcodeDistPipeline.~~~WsWTzJ/entitlements~~~oiRHyW' '--generate-entitlement-der' '--strip-disallowed-xattrs' '--preserve-metadata=identifier,flags,runtime' '/var/folders/c1/scr8lqss6bz1rlk85myhm_jc0000gn/T/XcodeDistPipeline.~~~WsWTzJ/Root/Payload/CERQEL.app/Frameworks/PhoneNumberKit.framework'
2025-01-23 10:03:07 +0000  /var/folders/c1/scr8lqss6bz1rlk85myhm_jc0000gn/T/XcodeDistPipeline.~~~WsWTzJ/Root/Payload/CERQEL.app/Frameworks/PhoneNumberKit.framework: replacing existing signature
2025-01-23 10:03:07 +0000  /var/folders/c1/scr8lqss6bz1rlk85myhm_jc0000gn/T/XcodeDistPipeline.~~~WsWTzJ/Root/Payload/CERQEL.app/Frameworks/PhoneNumberKit.framework: signed bundle with Mach-O thin (arm64) [org.cocoapods.PhoneNumberKit]
2025-01-23 10:03:07 +0000  /usr/bin/codesign exited with 0
2025-01-23 10:03:07 +0000  Entitlements for <IDEDistributionItem: 0x6001fc0c0660; bundleID='org.cocoapods.PopupDialog', path='<DVTFilePath:0x60012cda55e0:'/Users/ahmedmaher/Library/Developer/Xcode/Archives/2025-01-23/CERQEL_TST 23-01-2025, 11.53 AM.xcarchive/Products/Applications/CERQEL.app/Frameworks/PopupDialog.framework'>', codeSigningInfo='<_DVTCodeSigningInformation_Path: 0x6000f845ead0; isSigned='1', isAdHocSigned='0', signingCertificate='<DVTSigningCertificate: 0x6000991b86c0; name='Apple Development: Ahmed Maher (N5M5QPPB69)', hash='FC4EF9E1EDFAE25151A1E6A8911A084FC1B246BC', serialNumber='6AFACB33A60CA473FDD90B5286798487', certificateKinds='(
    "1.2.840.113635.100.6.1.12",
    "1.2.840.113635.100.6.1.2"
), issueDate='2025-01-16 09:51:48 +0000''>', entitlements='(null)', teamID='2536D9AR8F', identifier='org.cocoapods.PopupDialog', executablePath='<DVTFilePath:0x600100fcba30:'/Users/ahmedmaher/Library/Developer/Xcode/Archives/2025-01-23/CERQEL_TST 23-01-2025, 11.53 AM.xcarchive/Products/Applications/CERQEL.app/Frameworks/PopupDialog.framework/PopupDialog'>', hardenedRuntime='0'>'>: {
}
2025-01-23 10:03:07 +0000  Associated App Clip Identifiers Filter: Skipping because "com.apple.developer.associated-appclip-app-identifiers" is not present
2025-01-23 10:03:07 +0000  Entitlements for <IDEDistributionItem: 0x6001fc0c0660; bundleID='org.cocoapods.PopupDialog', path='<DVTFilePath:0x60012cda55e0:'/Users/ahmedmaher/Library/Developer/Xcode/Archives/2025-01-23/CERQEL_TST 23-01-2025, 11.53 AM.xcarchive/Products/Applications/CERQEL.app/Frameworks/PopupDialog.framework'>', codeSigningInfo='<_DVTCodeSigningInformation_Path: 0x6000f845ead0; isSigned='1', isAdHocSigned='0', signingCertificate='<DVTSigningCertificate: 0x600059e14f00; name='Apple Development: Ahmed Maher (N5M5QPPB69)', hash='FC4EF9E1EDFAE25151A1E6A8911A084FC1B246BC', serialNumber='6AFACB33A60CA473FDD90B5286798487', certificateKinds='(
    "1.2.840.113635.100.6.1.12",
    "1.2.840.113635.100.6.1.2"
), issueDate='2025-01-16 09:51:48 +0000''>', entitlements='(null)', teamID='2536D9AR8F', identifier='org.cocoapods.PopupDialog', executablePath='<DVTFilePath:0x600100fcba30:'/Users/ahmedmaher/Library/Developer/Xcode/Archives/2025-01-23/CERQEL_TST 23-01-2025, 11.53 AM.xcarchive/Products/Applications/CERQEL.app/Frameworks/PopupDialog.framework/PopupDialog'>', hardenedRuntime='0'>'> are: {
}
2025-01-23 10:03:07 +0000  Writing entitlements for <IDEDistributionItem: 0x6001fc0c0660; bundleID='org.cocoapods.PopupDialog', path='<DVTFilePath:0x60012cda55e0:'/Users/ahmedmaher/Library/Developer/Xcode/Archives/2025-01-23/CERQEL_TST 23-01-2025, 11.53 AM.xcarchive/Products/Applications/CERQEL.app/Frameworks/PopupDialog.framework'>', codeSigningInfo='<_DVTCodeSigningInformation_Path: 0x6000f845ead0; isSigned='1', isAdHocSigned='0', signingCertificate='<DVTSigningCertificate: 0x6000991b9680; name='Apple Development: Ahmed Maher (N5M5QPPB69)', hash='FC4EF9E1EDFAE25151A1E6A8911A084FC1B246BC', serialNumber='6AFACB33A60CA473FDD90B5286798487', certificateKinds='(
    "1.2.840.113635.100.6.1.12",
    "1.2.840.113635.100.6.1.2"
), issueDate='2025-01-16 09:51:48 +0000''>', entitlements='(null)', teamID='2536D9AR8F', identifier='org.cocoapods.PopupDialog', executablePath='<DVTFilePath:0x600100fcba30:'/Users/ahmedmaher/Library/Developer/Xcode/Archives/2025-01-23/CERQEL_TST 23-01-2025, 11.53 AM.xcarchive/Products/Applications/CERQEL.app/Frameworks/PopupDialog.framework/PopupDialog'>', hardenedRuntime='0'>'> to: /var/folders/c1/scr8lqss6bz1rlk85myhm_jc0000gn/T/XcodeDistPipeline.~~~WsWTzJ/entitlements~~~TZhVTi
2025-01-23 10:03:07 +0000  Running /usr/bin/codesign '-vvv' '--force' '--sign' 'B74E043AB25CE9CDA63E6A99C27C04D4656978A2' '--entitlements' '/var/folders/c1/scr8lqss6bz1rlk85myhm_jc0000gn/T/XcodeDistPipeline.~~~WsWTzJ/entitlements~~~TZhVTi' '--generate-entitlement-der' '--strip-disallowed-xattrs' '--preserve-metadata=identifier,flags,runtime' '/var/folders/c1/scr8lqss6bz1rlk85myhm_jc0000gn/T/XcodeDistPipeline.~~~WsWTzJ/Root/Payload/CERQEL.app/Frameworks/PopupDialog.framework'
2025-01-23 10:03:07 +0000  /var/folders/c1/scr8lqss6bz1rlk85myhm_jc0000gn/T/XcodeDistPipeline.~~~WsWTzJ/Root/Payload/CERQEL.app/Frameworks/PopupDialog.framework: replacing existing signature
2025-01-23 10:03:07 +0000  /var/folders/c1/scr8lqss6bz1rlk85myhm_jc0000gn/T/XcodeDistPipeline.~~~WsWTzJ/Root/Payload/CERQEL.app/Frameworks/PopupDialog.framework: signed bundle with Mach-O thin (arm64) [org.cocoapods.PopupDialog]
2025-01-23 10:03:07 +0000  /usr/bin/codesign exited with 0
2025-01-23 10:03:07 +0000  Entitlements for <IDEDistributionItem: 0x6001fc0a2b80; bundleID='org.cocoapods.Promises', path='<DVTFilePath:0x600080f8e140:'/Users/ahmedmaher/Library/Developer/Xcode/Archives/2025-01-23/CERQEL_TST 23-01-2025, 11.53 AM.xcarchive/Products/Applications/CERQEL.app/Frameworks/Promises.framework'>', codeSigningInfo='<_DVTCodeSigningInformation_Path: 0x6000f845e210; isSigned='1', isAdHocSigned='0', signingCertificate='<DVTSigningCertificate: 0x6000991b86c0; name='Apple Development: Ahmed Maher (N5M5QPPB69)', hash='FC4EF9E1EDFAE25151A1E6A8911A084FC1B246BC', serialNumber='6AFACB33A60CA473FDD90B5286798487', certificateKinds='(
    "1.2.840.113635.100.6.1.12",
    "1.2.840.113635.100.6.1.2"
), issueDate='2025-01-16 09:51:48 +0000''>', entitlements='(null)', teamID='2536D9AR8F', identifier='org.cocoapods.Promises', executablePath='<DVTFilePath:0x600100ff6fb0:'/Users/ahmedmaher/Library/Developer/Xcode/Archives/2025-01-23/CERQEL_TST 23-01-2025, 11.53 AM.xcarchive/Products/Applications/CERQEL.app/Frameworks/Promises.framework/Promises'>', hardenedRuntime='0'>'>: {
}
2025-01-23 10:03:07 +0000  Associated App Clip Identifiers Filter: Skipping because "com.apple.developer.associated-appclip-app-identifiers" is not present
2025-01-23 10:03:07 +0000  Entitlements for <IDEDistributionItem: 0x6001fc0a2b80; bundleID='org.cocoapods.Promises', path='<DVTFilePath:0x600080f8e140:'/Users/ahmedmaher/Library/Developer/Xcode/Archives/2025-01-23/CERQEL_TST 23-01-2025, 11.53 AM.xcarchive/Products/Applications/CERQEL.app/Frameworks/Promises.framework'>', codeSigningInfo='<_DVTCodeSigningInformation_Path: 0x6000f845e210; isSigned='1', isAdHocSigned='0', signingCertificate='<DVTSigningCertificate: 0x600059e14f00; name='Apple Development: Ahmed Maher (N5M5QPPB69)', hash='FC4EF9E1EDFAE25151A1E6A8911A084FC1B246BC', serialNumber='6AFACB33A60CA473FDD90B5286798487', certificateKinds='(
    "1.2.840.113635.100.6.1.12",
    "1.2.840.113635.100.6.1.2"
), issueDate='2025-01-16 09:51:48 +0000''>', entitlements='(null)', teamID='2536D9AR8F', identifier='org.cocoapods.Promises', executablePath='<DVTFilePath:0x600100ff6fb0:'/Users/ahmedmaher/Library/Developer/Xcode/Archives/2025-01-23/CERQEL_TST 23-01-2025, 11.53 AM.xcarchive/Products/Applications/CERQEL.app/Frameworks/Promises.framework/Promises'>', hardenedRuntime='0'>'> are: {
}
2025-01-23 10:03:07 +0000  Writing entitlements for <IDEDistributionItem: 0x6001fc0a2b80; bundleID='org.cocoapods.Promises', path='<DVTFilePath:0x600080f8e140:'/Users/ahmedmaher/Library/Developer/Xcode/Archives/2025-01-23/CERQEL_TST 23-01-2025, 11.53 AM.xcarchive/Products/Applications/CERQEL.app/Frameworks/Promises.framework'>', codeSigningInfo='<_DVTCodeSigningInformation_Path: 0x6000f845e210; isSigned='1', isAdHocSigned='0', signingCertificate='<DVTSigningCertificate: 0x6000991b9680; name='Apple Development: Ahmed Maher (N5M5QPPB69)', hash='FC4EF9E1EDFAE25151A1E6A8911A084FC1B246BC', serialNumber='6AFACB33A60CA473FDD90B5286798487', certificateKinds='(
    "1.2.840.113635.100.6.1.12",
    "1.2.840.113635.100.6.1.2"
), issueDate='2025-01-16 09:51:48 +0000''>', entitlements='(null)', teamID='2536D9AR8F', identifier='org.cocoapods.Promises', executablePath='<DVTFilePath:0x600100ff6fb0:'/Users/ahmedmaher/Library/Developer/Xcode/Archives/2025-01-23/CERQEL_TST 23-01-2025, 11.53 AM.xcarchive/Products/Applications/CERQEL.app/Frameworks/Promises.framework/Promises'>', hardenedRuntime='0'>'> to: /var/folders/c1/scr8lqss6bz1rlk85myhm_jc0000gn/T/XcodeDistPipeline.~~~WsWTzJ/entitlements~~~ZMe1JS
2025-01-23 10:03:07 +0000  Running /usr/bin/codesign '-vvv' '--force' '--sign' 'B74E043AB25CE9CDA63E6A99C27C04D4656978A2' '--entitlements' '/var/folders/c1/scr8lqss6bz1rlk85myhm_jc0000gn/T/XcodeDistPipeline.~~~WsWTzJ/entitlements~~~ZMe1JS' '--generate-entitlement-der' '--strip-disallowed-xattrs' '--preserve-metadata=identifier,flags,runtime' '/var/folders/c1/scr8lqss6bz1rlk85myhm_jc0000gn/T/XcodeDistPipeline.~~~WsWTzJ/Root/Payload/CERQEL.app/Frameworks/Promises.framework'
2025-01-23 10:03:07 +0000  /var/folders/c1/scr8lqss6bz1rlk85myhm_jc0000gn/T/XcodeDistPipeline.~~~WsWTzJ/Root/Payload/CERQEL.app/Frameworks/Promises.framework: replacing existing signature
2025-01-23 10:03:07 +0000  /var/folders/c1/scr8lqss6bz1rlk85myhm_jc0000gn/T/XcodeDistPipeline.~~~WsWTzJ/Root/Payload/CERQEL.app/Frameworks/Promises.framework: signed bundle with Mach-O thin (arm64) [org.cocoapods.Promises]
2025-01-23 10:03:07 +0000  /usr/bin/codesign exited with 0
2025-01-23 10:03:07 +0000  Entitlements for <IDEDistributionItem: 0x6001fc0cee20; bundleID='org.cocoapods.PryntTrimmerView', path='<DVTFilePath:0x6001a4822780:'/Users/ahmedmaher/Library/Developer/Xcode/Archives/2025-01-23/CERQEL_TST 23-01-2025, 11.53 AM.xcarchive/Products/Applications/CERQEL.app/Frameworks/PryntTrimmerView.framework'>', codeSigningInfo='<_DVTCodeSigningInformation_Path: 0x6000d83084b0; isSigned='1', isAdHocSigned='0', signingCertificate='<DVTSigningCertificate: 0x600059e14f00; name='Apple Development: Ahmed Maher (N5M5QPPB69)', hash='FC4EF9E1EDFAE25151A1E6A8911A084FC1B246BC', serialNumber='6AFACB33A60CA473FDD90B5286798487', certificateKinds='(
    "1.2.840.113635.100.6.1.12",
    "1.2.840.113635.100.6.1.2"
), issueDate='2025-01-16 09:51:48 +0000''>', entitlements='(null)', teamID='2536D9AR8F', identifier='org.cocoapods.PryntTrimmerView', executablePath='<DVTFilePath:0x60012ccc16c0:'/Users/ahmedmaher/Library/Developer/Xcode/Archives/2025-01-23/CERQEL_TST 23-01-2025, 11.53 AM.xcarchive/Products/Applications/CERQEL.app/Frameworks/PryntTrimmerView.framework/PryntTrimmerView'>', hardenedRuntime='0'>'>: {
}
2025-01-23 10:03:07 +0000  Associated App Clip Identifiers Filter: Skipping because "com.apple.developer.associated-appclip-app-identifiers" is not present
2025-01-23 10:03:07 +0000  Entitlements for <IDEDistributionItem: 0x6001fc0cee20; bundleID='org.cocoapods.PryntTrimmerView', path='<DVTFilePath:0x6001a4822780:'/Users/ahmedmaher/Library/Developer/Xcode/Archives/2025-01-23/CERQEL_TST 23-01-2025, 11.53 AM.xcarchive/Products/Applications/CERQEL.app/Frameworks/PryntTrimmerView.framework'>', codeSigningInfo='<_DVTCodeSigningInformation_Path: 0x6000d83084b0; isSigned='1', isAdHocSigned='0', signingCertificate='<DVTSigningCertificate: 0x600059e16580; name='Apple Development: Ahmed Maher (N5M5QPPB69)', hash='FC4EF9E1EDFAE25151A1E6A8911A084FC1B246BC', serialNumber='6AFACB33A60CA473FDD90B5286798487', certificateKinds='(
    "1.2.840.113635.100.6.1.12",
    "1.2.840.113635.100.6.1.2"
), issueDate='2025-01-16 09:51:48 +0000''>', entitlements='(null)', teamID='2536D9AR8F', identifier='org.cocoapods.PryntTrimmerView', executablePath='<DVTFilePath:0x60012ccc16c0:'/Users/ahmedmaher/Library/Developer/Xcode/Archives/2025-01-23/CERQEL_TST 23-01-2025, 11.53 AM.xcarchive/Products/Applications/CERQEL.app/Frameworks/PryntTrimmerView.framework/PryntTrimmerView'>', hardenedRuntime='0'>'> are: {
}
2025-01-23 10:03:07 +0000  Writing entitlements for <IDEDistributionItem: 0x6001fc0cee20; bundleID='org.cocoapods.PryntTrimmerView', path='<DVTFilePath:0x6001a4822780:'/Users/ahmedmaher/Library/Developer/Xcode/Archives/2025-01-23/CERQEL_TST 23-01-2025, 11.53 AM.xcarchive/Products/Applications/CERQEL.app/Frameworks/PryntTrimmerView.framework'>', codeSigningInfo='<_DVTCodeSigningInformation_Path: 0x6000d83084b0; isSigned='1', isAdHocSigned='0', signingCertificate='<DVTSigningCertificate: 0x6000991b9680; name='Apple Development: Ahmed Maher (N5M5QPPB69)', hash='FC4EF9E1EDFAE25151A1E6A8911A084FC1B246BC', serialNumber='6AFACB33A60CA473FDD90B5286798487', certificateKinds='(
    "1.2.840.113635.100.6.1.12",
    "1.2.840.113635.100.6.1.2"
), issueDate='2025-01-16 09:51:48 +0000''>', entitlements='(null)', teamID='2536D9AR8F', identifier='org.cocoapods.PryntTrimmerView', executablePath='<DVTFilePath:0x60012ccc16c0:'/Users/ahmedmaher/Library/Developer/Xcode/Archives/2025-01-23/CERQEL_TST 23-01-2025, 11.53 AM.xcarchive/Products/Applications/CERQEL.app/Frameworks/PryntTrimmerView.framework/PryntTrimmerView'>', hardenedRuntime='0'>'> to: /var/folders/c1/scr8lqss6bz1rlk85myhm_jc0000gn/T/XcodeDistPipeline.~~~WsWTzJ/entitlements~~~W1M4Nx
2025-01-23 10:03:07 +0000  Running /usr/bin/codesign '-vvv' '--force' '--sign' 'B74E043AB25CE9CDA63E6A99C27C04D4656978A2' '--entitlements' '/var/folders/c1/scr8lqss6bz1rlk85myhm_jc0000gn/T/XcodeDistPipeline.~~~WsWTzJ/entitlements~~~W1M4Nx' '--generate-entitlement-der' '--strip-disallowed-xattrs' '--preserve-metadata=identifier,flags,runtime' '/var/folders/c1/scr8lqss6bz1rlk85myhm_jc0000gn/T/XcodeDistPipeline.~~~WsWTzJ/Root/Payload/CERQEL.app/Frameworks/PryntTrimmerView.framework'
2025-01-23 10:03:07 +0000  /var/folders/c1/scr8lqss6bz1rlk85myhm_jc0000gn/T/XcodeDistPipeline.~~~WsWTzJ/Root/Payload/CERQEL.app/Frameworks/PryntTrimmerView.framework: replacing existing signature
2025-01-23 10:03:07 +0000  /var/folders/c1/scr8lqss6bz1rlk85myhm_jc0000gn/T/XcodeDistPipeline.~~~WsWTzJ/Root/Payload/CERQEL.app/Frameworks/PryntTrimmerView.framework: signed bundle with Mach-O thin (arm64) [org.cocoapods.PryntTrimmerView]
2025-01-23 10:03:07 +0000  /usr/bin/codesign exited with 0
2025-01-23 10:03:07 +0000  Entitlements for <IDEDistributionItem: 0x6001fc0c2040; bundleID='org.cocoapods.Reachability', path='<DVTFilePath:0x600248d445b0:'/Users/ahmedmaher/Library/Developer/Xcode/Archives/2025-01-23/CERQEL_TST 23-01-2025, 11.53 AM.xcarchive/Products/Applications/CERQEL.app/Frameworks/Reachability.framework'>', codeSigningInfo='<_DVTCodeSigningInformation_Path: 0x60010c55b7a0; isSigned='1', isAdHocSigned='0', signingCertificate='<DVTSigningCertificate: 0x6000991b9680; name='Apple Development: Ahmed Maher (N5M5QPPB69)', hash='FC4EF9E1EDFAE25151A1E6A8911A084FC1B246BC', serialNumber='6AFACB33A60CA473FDD90B5286798487', certificateKinds='(
    "1.2.840.113635.100.6.1.12",
    "1.2.840.113635.100.6.1.2"
), issueDate='2025-01-16 09:51:48 +0000''>', entitlements='(null)', teamID='2536D9AR8F', identifier='org.cocoapods.Reachability', executablePath='<DVTFilePath:0x60012cfec380:'/Users/ahmedmaher/Library/Developer/Xcode/Archives/2025-01-23/CERQEL_TST 23-01-2025, 11.53 AM.xcarchive/Products/Applications/CERQEL.app/Frameworks/Reachability.framework/Reachability'>', hardenedRuntime='0'>'>: {
}
2025-01-23 10:03:07 +0000  Associated App Clip Identifiers Filter: Skipping because "com.apple.developer.associated-appclip-app-identifiers" is not present
2025-01-23 10:03:07 +0000  Entitlements for <IDEDistributionItem: 0x6001fc0c2040; bundleID='org.cocoapods.Reachability', path='<DVTFilePath:0x600248d445b0:'/Users/ahmedmaher/Library/Developer/Xcode/Archives/2025-01-23/CERQEL_TST 23-01-2025, 11.53 AM.xcarchive/Products/Applications/CERQEL.app/Frameworks/Reachability.framework'>', codeSigningInfo='<_DVTCodeSigningInformation_Path: 0x60010c55b7a0; isSigned='1', isAdHocSigned='0', signingCertificate='<DVTSigningCertificate: 0x600059e14f00; name='Apple Development: Ahmed Maher (N5M5QPPB69)', hash='FC4EF9E1EDFAE25151A1E6A8911A084FC1B246BC', serialNumber='6AFACB33A60CA473FDD90B5286798487', certificateKinds='(
    "1.2.840.113635.100.6.1.12",
    "1.2.840.113635.100.6.1.2"
), issueDate='2025-01-16 09:51:48 +0000''>', entitlements='(null)', teamID='2536D9AR8F', identifier='org.cocoapods.Reachability', executablePath='<DVTFilePath:0x60012cfec380:'/Users/ahmedmaher/Library/Developer/Xcode/Archives/2025-01-23/CERQEL_TST 23-01-2025, 11.53 AM.xcarchive/Products/Applications/CERQEL.app/Frameworks/Reachability.framework/Reachability'>', hardenedRuntime='0'>'> are: {
}
2025-01-23 10:03:07 +0000  Writing entitlements for <IDEDistributionItem: 0x6001fc0c2040; bundleID='org.cocoapods.Reachability', path='<DVTFilePath:0x600248d445b0:'/Users/ahmedmaher/Library/Developer/Xcode/Archives/2025-01-23/CERQEL_TST 23-01-2025, 11.53 AM.xcarchive/Products/Applications/CERQEL.app/Frameworks/Reachability.framework'>', codeSigningInfo='<_DVTCodeSigningInformation_Path: 0x60010c55b7a0; isSigned='1', isAdHocSigned='0', signingCertificate='<DVTSigningCertificate: 0x6000991b8180; name='Apple Development: Ahmed Maher (N5M5QPPB69)', hash='FC4EF9E1EDFAE25151A1E6A8911A084FC1B246BC', serialNumber='6AFACB33A60CA473FDD90B5286798487', certificateKinds='(
    "1.2.840.113635.100.6.1.12",
    "1.2.840.113635.100.6.1.2"
), issueDate='2025-01-16 09:51:48 +0000''>', entitlements='(null)', teamID='2536D9AR8F', identifier='org.cocoapods.Reachability', executablePath='<DVTFilePath:0x60012cfec380:'/Users/ahmedmaher/Library/Developer/Xcode/Archives/2025-01-23/CERQEL_TST 23-01-2025, 11.53 AM.xcarchive/Products/Applications/CERQEL.app/Frameworks/Reachability.framework/Reachability'>', hardenedRuntime='0'>'> to: /var/folders/c1/scr8lqss6bz1rlk85myhm_jc0000gn/T/XcodeDistPipeline.~~~WsWTzJ/entitlements~~~HAdNOm
2025-01-23 10:03:07 +0000  Running /usr/bin/codesign '-vvv' '--force' '--sign' 'B74E043AB25CE9CDA63E6A99C27C04D4656978A2' '--entitlements' '/var/folders/c1/scr8lqss6bz1rlk85myhm_jc0000gn/T/XcodeDistPipeline.~~~WsWTzJ/entitlements~~~HAdNOm' '--generate-entitlement-der' '--strip-disallowed-xattrs' '--preserve-metadata=identifier,flags,runtime' '/var/folders/c1/scr8lqss6bz1rlk85myhm_jc0000gn/T/XcodeDistPipeline.~~~WsWTzJ/Root/Payload/CERQEL.app/Frameworks/Reachability.framework'
2025-01-23 10:03:07 +0000  /var/folders/c1/scr8lqss6bz1rlk85myhm_jc0000gn/T/XcodeDistPipeline.~~~WsWTzJ/Root/Payload/CERQEL.app/Frameworks/Reachability.framework: replacing existing signature
2025-01-23 10:03:07 +0000  /var/folders/c1/scr8lqss6bz1rlk85myhm_jc0000gn/T/XcodeDistPipeline.~~~WsWTzJ/Root/Payload/CERQEL.app/Frameworks/Reachability.framework: signed bundle with Mach-O thin (arm64) [org.cocoapods.Reachability]
2025-01-23 10:03:07 +0000  /usr/bin/codesign exited with 0
2025-01-23 10:03:07 +0000  Entitlements for <IDEDistributionItem: 0x6000c0e27540; bundleID='org.cocoapods.RichEditorView', path='<DVTFilePath:0x6001a4822800:'/Users/ahmedmaher/Library/Developer/Xcode/Archives/2025-01-23/CERQEL_TST 23-01-2025, 11.53 AM.xcarchive/Products/Applications/CERQEL.app/Frameworks/RichEditorView.framework'>', codeSigningInfo='<_DVTCodeSigningInformation_Path: 0x6001005a6c10; isSigned='1', isAdHocSigned='0', signingCertificate='<DVTSigningCertificate: 0x6000991b9680; name='Apple Development: Ahmed Maher (N5M5QPPB69)', hash='FC4EF9E1EDFAE25151A1E6A8911A084FC1B246BC', serialNumber='6AFACB33A60CA473FDD90B5286798487', certificateKinds='(
    "1.2.840.113635.100.6.1.12",
    "1.2.840.113635.100.6.1.2"
), issueDate='2025-01-16 09:51:48 +0000''>', entitlements='(null)', teamID='2536D9AR8F', identifier='org.cocoapods.RichEditorView', executablePath='<DVTFilePath:0x60012cf971e0:'/Users/ahmedmaher/Library/Developer/Xcode/Archives/2025-01-23/CERQEL_TST 23-01-2025, 11.53 AM.xcarchive/Products/Applications/CERQEL.app/Frameworks/RichEditorView.framework/RichEditorView'>', hardenedRuntime='0'>'>: {
}
2025-01-23 10:03:07 +0000  Associated App Clip Identifiers Filter: Skipping because "com.apple.developer.associated-appclip-app-identifiers" is not present
2025-01-23 10:03:07 +0000  Entitlements for <IDEDistributionItem: 0x6000c0e27540; bundleID='org.cocoapods.RichEditorView', path='<DVTFilePath:0x6001a4822800:'/Users/ahmedmaher/Library/Developer/Xcode/Archives/2025-01-23/CERQEL_TST 23-01-2025, 11.53 AM.xcarchive/Products/Applications/CERQEL.app/Frameworks/RichEditorView.framework'>', codeSigningInfo='<_DVTCodeSigningInformation_Path: 0x6001005a6c10; isSigned='1', isAdHocSigned='0', signingCertificate='<DVTSigningCertificate: 0x6000391cb9c0; name='Apple Development: Ahmed Maher (N5M5QPPB69)', hash='FC4EF9E1EDFAE25151A1E6A8911A084FC1B246BC', serialNumber='6AFACB33A60CA473FDD90B5286798487', certificateKinds='(
    "1.2.840.113635.100.6.1.12",
    "1.2.840.113635.100.6.1.2"
), issueDate='2025-01-16 09:51:48 +0000''>', entitlements='(null)', teamID='2536D9AR8F', identifier='org.cocoapods.RichEditorView', executablePath='<DVTFilePath:0x60012cf971e0:'/Users/ahmedmaher/Library/Developer/Xcode/Archives/2025-01-23/CERQEL_TST 23-01-2025, 11.53 AM.xcarchive/Products/Applications/CERQEL.app/Frameworks/RichEditorView.framework/RichEditorView'>', hardenedRuntime='0'>'> are: {
}
2025-01-23 10:03:07 +0000  Writing entitlements for <IDEDistributionItem: 0x6000c0e27540; bundleID='org.cocoapods.RichEditorView', path='<DVTFilePath:0x6001a4822800:'/Users/ahmedmaher/Library/Developer/Xcode/Archives/2025-01-23/CERQEL_TST 23-01-2025, 11.53 AM.xcarchive/Products/Applications/CERQEL.app/Frameworks/RichEditorView.framework'>', codeSigningInfo='<_DVTCodeSigningInformation_Path: 0x6001005a6c10; isSigned='1', isAdHocSigned='0', signingCertificate='<DVTSigningCertificate: 0x6000391cb6c0; name='Apple Development: Ahmed Maher (N5M5QPPB69)', hash='FC4EF9E1EDFAE25151A1E6A8911A084FC1B246BC', serialNumber='6AFACB33A60CA473FDD90B5286798487', certificateKinds='(
    "1.2.840.113635.100.6.1.12",
    "1.2.840.113635.100.6.1.2"
), issueDate='2025-01-16 09:51:48 +0000''>', entitlements='(null)', teamID='2536D9AR8F', identifier='org.cocoapods.RichEditorView', executablePath='<DVTFilePath:0x60012cf971e0:'/Users/ahmedmaher/Library/Developer/Xcode/Archives/2025-01-23/CERQEL_TST 23-01-2025, 11.53 AM.xcarchive/Products/Applications/CERQEL.app/Frameworks/RichEditorView.framework/RichEditorView'>', hardenedRuntime='0'>'> to: /var/folders/c1/scr8lqss6bz1rlk85myhm_jc0000gn/T/XcodeDistPipeline.~~~WsWTzJ/entitlements~~~cm6rj8
2025-01-23 10:03:07 +0000  Running /usr/bin/codesign '-vvv' '--force' '--sign' 'B74E043AB25CE9CDA63E6A99C27C04D4656978A2' '--entitlements' '/var/folders/c1/scr8lqss6bz1rlk85myhm_jc0000gn/T/XcodeDistPipeline.~~~WsWTzJ/entitlements~~~cm6rj8' '--generate-entitlement-der' '--strip-disallowed-xattrs' '--preserve-metadata=identifier,flags,runtime' '/var/folders/c1/scr8lqss6bz1rlk85myhm_jc0000gn/T/XcodeDistPipeline.~~~WsWTzJ/Root/Payload/CERQEL.app/Frameworks/RichEditorView.framework'
2025-01-23 10:03:07 +0000  /var/folders/c1/scr8lqss6bz1rlk85myhm_jc0000gn/T/XcodeDistPipeline.~~~WsWTzJ/Root/Payload/CERQEL.app/Frameworks/RichEditorView.framework: replacing existing signature
2025-01-23 10:03:07 +0000  /var/folders/c1/scr8lqss6bz1rlk85myhm_jc0000gn/T/XcodeDistPipeline.~~~WsWTzJ/Root/Payload/CERQEL.app/Frameworks/RichEditorView.framework: signed bundle with Mach-O thin (arm64) [org.cocoapods.RichEditorView]
2025-01-23 10:03:07 +0000  /usr/bin/codesign exited with 0
2025-01-23 10:03:07 +0000  Entitlements for <IDEDistributionItem: 0x6000f8e0cd20; bundleID='org.cocoapods.RxAlamofire', path='<DVTFilePath:0x600080fdff00:'/Users/ahmedmaher/Library/Developer/Xcode/Archives/2025-01-23/CERQEL_TST 23-01-2025, 11.53 AM.xcarchive/Products/Applications/CERQEL.app/Frameworks/RxAlamofire.framework'>', codeSigningInfo='<_DVTCodeSigningInformation_Path: 0x6000d830b980; isSigned='1', isAdHocSigned='0', signingCertificate='<DVTSigningCertificate: 0x6000391cb9c0; name='Apple Development: Ahmed Maher (N5M5QPPB69)', hash='FC4EF9E1EDFAE25151A1E6A8911A084FC1B246BC', serialNumber='6AFACB33A60CA473FDD90B5286798487', certificateKinds='(
    "1.2.840.113635.100.6.1.12",
    "1.2.840.113635.100.6.1.2"
), issueDate='2025-01-16 09:51:48 +0000''>', entitlements='(null)', teamID='2536D9AR8F', identifier='org.cocoapods.RxAlamofire', executablePath='<DVTFilePath:0x60012cc0ec30:'/Users/ahmedmaher/Library/Developer/Xcode/Archives/2025-01-23/CERQEL_TST 23-01-2025, 11.53 AM.xcarchive/Products/Applications/CERQEL.app/Frameworks/RxAlamofire.framework/RxAlamofire'>', hardenedRuntime='0'>'>: {
}
2025-01-23 10:03:07 +0000  Associated App Clip Identifiers Filter: Skipping because "com.apple.developer.associated-appclip-app-identifiers" is not present
2025-01-23 10:03:07 +0000  Entitlements for <IDEDistributionItem: 0x6000f8e0cd20; bundleID='org.cocoapods.RxAlamofire', path='<DVTFilePath:0x600080fdff00:'/Users/ahmedmaher/Library/Developer/Xcode/Archives/2025-01-23/CERQEL_TST 23-01-2025, 11.53 AM.xcarchive/Products/Applications/CERQEL.app/Frameworks/RxAlamofire.framework'>', codeSigningInfo='<_DVTCodeSigningInformation_Path: 0x6000d830b980; isSigned='1', isAdHocSigned='0', signingCertificate='<DVTSigningCertificate: 0x6000391cb6c0; name='Apple Development: Ahmed Maher (N5M5QPPB69)', hash='FC4EF9E1EDFAE25151A1E6A8911A084FC1B246BC', serialNumber='6AFACB33A60CA473FDD90B5286798487', certificateKinds='(
    "1.2.840.113635.100.6.1.12",
    "1.2.840.113635.100.6.1.2"
), issueDate='2025-01-16 09:51:48 +0000''>', entitlements='(null)', teamID='2536D9AR8F', identifier='org.cocoapods.RxAlamofire', executablePath='<DVTFilePath:0x60012cc0ec30:'/Users/ahmedmaher/Library/Developer/Xcode/Archives/2025-01-23/CERQEL_TST 23-01-2025, 11.53 AM.xcarchive/Products/Applications/CERQEL.app/Frameworks/RxAlamofire.framework/RxAlamofire'>', hardenedRuntime='0'>'> are: {
}
2025-01-23 10:03:07 +0000  Writing entitlements for <IDEDistributionItem: 0x6000f8e0cd20; bundleID='org.cocoapods.RxAlamofire', path='<DVTFilePath:0x600080fdff00:'/Users/ahmedmaher/Library/Developer/Xcode/Archives/2025-01-23/CERQEL_TST 23-01-2025, 11.53 AM.xcarchive/Products/Applications/CERQEL.app/Frameworks/RxAlamofire.framework'>', codeSigningInfo='<_DVTCodeSigningInformation_Path: 0x6000d830b980; isSigned='1', isAdHocSigned='0', signingCertificate='<DVTSigningCertificate: 0x6000391c86c0; name='Apple Development: Ahmed Maher (N5M5QPPB69)', hash='FC4EF9E1EDFAE25151A1E6A8911A084FC1B246BC', serialNumber='6AFACB33A60CA473FDD90B5286798487', certificateKinds='(
    "1.2.840.113635.100.6.1.12",
    "1.2.840.113635.100.6.1.2"
), issueDate='2025-01-16 09:51:48 +0000''>', entitlements='(null)', teamID='2536D9AR8F', identifier='org.cocoapods.RxAlamofire', executablePath='<DVTFilePath:0x60012cc0ec30:'/Users/ahmedmaher/Library/Developer/Xcode/Archives/2025-01-23/CERQEL_TST 23-01-2025, 11.53 AM.xcarchive/Products/Applications/CERQEL.app/Frameworks/RxAlamofire.framework/RxAlamofire'>', hardenedRuntime='0'>'> to: /var/folders/c1/scr8lqss6bz1rlk85myhm_jc0000gn/T/XcodeDistPipeline.~~~WsWTzJ/entitlements~~~GHxWAw
2025-01-23 10:03:07 +0000  Running /usr/bin/codesign '-vvv' '--force' '--sign' 'B74E043AB25CE9CDA63E6A99C27C04D4656978A2' '--entitlements' '/var/folders/c1/scr8lqss6bz1rlk85myhm_jc0000gn/T/XcodeDistPipeline.~~~WsWTzJ/entitlements~~~GHxWAw' '--generate-entitlement-der' '--strip-disallowed-xattrs' '--preserve-metadata=identifier,flags,runtime' '/var/folders/c1/scr8lqss6bz1rlk85myhm_jc0000gn/T/XcodeDistPipeline.~~~WsWTzJ/Root/Payload/CERQEL.app/Frameworks/RxAlamofire.framework'
2025-01-23 10:03:07 +0000  /var/folders/c1/scr8lqss6bz1rlk85myhm_jc0000gn/T/XcodeDistPipeline.~~~WsWTzJ/Root/Payload/CERQEL.app/Frameworks/RxAlamofire.framework: replacing existing signature
2025-01-23 10:03:07 +0000  /var/folders/c1/scr8lqss6bz1rlk85myhm_jc0000gn/T/XcodeDistPipeline.~~~WsWTzJ/Root/Payload/CERQEL.app/Frameworks/RxAlamofire.framework: signed bundle with Mach-O thin (arm64) [org.cocoapods.RxAlamofire]
2025-01-23 10:03:07 +0000  /usr/bin/codesign exited with 0
2025-01-23 10:03:07 +0000  Entitlements for <IDEDistributionItem: 0x6001fc0be940; bundleID='org.cocoapods.RxCocoa', path='<DVTFilePath:0x600100f80230:'/Users/ahmedmaher/Library/Developer/Xcode/Archives/2025-01-23/CERQEL_TST 23-01-2025, 11.53 AM.xcarchive/Products/Applications/CERQEL.app/Frameworks/RxCocoa.framework'>', codeSigningInfo='<_DVTCodeSigningInformation_Path: 0x60010c76d9f0; isSigned='1', isAdHocSigned='0', signingCertificate='<DVTSigningCertificate: 0x600059e17b40; name='Apple Development: Ahmed Maher (N5M5QPPB69)', hash='FC4EF9E1EDFAE25151A1E6A8911A084FC1B246BC', serialNumber='6AFACB33A60CA473FDD90B5286798487', certificateKinds='(
    "1.2.840.113635.100.6.1.12",
    "1.2.840.113635.100.6.1.2"
), issueDate='2025-01-16 09:51:48 +0000''>', entitlements='(null)', teamID='2536D9AR8F', identifier='org.cocoapods.RxCocoa', executablePath='<DVTFilePath:0x6001fc076f40:'/Users/ahmedmaher/Library/Developer/Xcode/Archives/2025-01-23/CERQEL_TST 23-01-2025, 11.53 AM.xcarchive/Products/Applications/CERQEL.app/Frameworks/RxCocoa.framework/RxCocoa'>', hardenedRuntime='0'>'>: {
}
2025-01-23 10:03:07 +0000  Associated App Clip Identifiers Filter: Skipping because "com.apple.developer.associated-appclip-app-identifiers" is not present
2025-01-23 10:03:07 +0000  Entitlements for <IDEDistributionItem: 0x6001fc0be940; bundleID='org.cocoapods.RxCocoa', path='<DVTFilePath:0x600100f80230:'/Users/ahmedmaher/Library/Developer/Xcode/Archives/2025-01-23/CERQEL_TST 23-01-2025, 11.53 AM.xcarchive/Products/Applications/CERQEL.app/Frameworks/RxCocoa.framework'>', codeSigningInfo='<_DVTCodeSigningInformation_Path: 0x60010c76d9f0; isSigned='1', isAdHocSigned='0', signingCertificate='<DVTSigningCertificate: 0x6000991b9680; name='Apple Development: Ahmed Maher (N5M5QPPB69)', hash='FC4EF9E1EDFAE25151A1E6A8911A084FC1B246BC', serialNumber='6AFACB33A60CA473FDD90B5286798487', certificateKinds='(
    "1.2.840.113635.100.6.1.12",
    "1.2.840.113635.100.6.1.2"
), issueDate='2025-01-16 09:51:48 +0000''>', entitlements='(null)', teamID='2536D9AR8F', identifier='org.cocoapods.RxCocoa', executablePath='<DVTFilePath:0x6001fc076f40:'/Users/ahmedmaher/Library/Developer/Xcode/Archives/2025-01-23/CERQEL_TST 23-01-2025, 11.53 AM.xcarchive/Products/Applications/CERQEL.app/Frameworks/RxCocoa.framework/RxCocoa'>', hardenedRuntime='0'>'> are: {
}
2025-01-23 10:03:07 +0000  Writing entitlements for <IDEDistributionItem: 0x6001fc0be940; bundleID='org.cocoapods.RxCocoa', path='<DVTFilePath:0x600100f80230:'/Users/ahmedmaher/Library/Developer/Xcode/Archives/2025-01-23/CERQEL_TST 23-01-2025, 11.53 AM.xcarchive/Products/Applications/CERQEL.app/Frameworks/RxCocoa.framework'>', codeSigningInfo='<_DVTCodeSigningInformation_Path: 0x60010c76d9f0; isSigned='1', isAdHocSigned='0', signingCertificate='<DVTSigningCertificate: 0x6000991b8180; name='Apple Development: Ahmed Maher (N5M5QPPB69)', hash='FC4EF9E1EDFAE25151A1E6A8911A084FC1B246BC', serialNumber='6AFACB33A60CA473FDD90B5286798487', certificateKinds='(
    "1.2.840.113635.100.6.1.12",
    "1.2.840.113635.100.6.1.2"
), issueDate='2025-01-16 09:51:48 +0000''>', entitlements='(null)', teamID='2536D9AR8F', identifier='org.cocoapods.RxCocoa', executablePath='<DVTFilePath:0x6001fc076f40:'/Users/ahmedmaher/Library/Developer/Xcode/Archives/2025-01-23/CERQEL_TST 23-01-2025, 11.53 AM.xcarchive/Products/Applications/CERQEL.app/Frameworks/RxCocoa.framework/RxCocoa'>', hardenedRuntime='0'>'> to: /var/folders/c1/scr8lqss6bz1rlk85myhm_jc0000gn/T/XcodeDistPipeline.~~~WsWTzJ/entitlements~~~goWTl3
2025-01-23 10:03:07 +0000  Running /usr/bin/codesign '-vvv' '--force' '--sign' 'B74E043AB25CE9CDA63E6A99C27C04D4656978A2' '--entitlements' '/var/folders/c1/scr8lqss6bz1rlk85myhm_jc0000gn/T/XcodeDistPipeline.~~~WsWTzJ/entitlements~~~goWTl3' '--generate-entitlement-der' '--strip-disallowed-xattrs' '--preserve-metadata=identifier,flags,runtime' '/var/folders/c1/scr8lqss6bz1rlk85myhm_jc0000gn/T/XcodeDistPipeline.~~~WsWTzJ/Root/Payload/CERQEL.app/Frameworks/RxCocoa.framework'
2025-01-23 10:03:07 +0000  /var/folders/c1/scr8lqss6bz1rlk85myhm_jc0000gn/T/XcodeDistPipeline.~~~WsWTzJ/Root/Payload/CERQEL.app/Frameworks/RxCocoa.framework: replacing existing signature
2025-01-23 10:03:07 +0000  /var/folders/c1/scr8lqss6bz1rlk85myhm_jc0000gn/T/XcodeDistPipeline.~~~WsWTzJ/Root/Payload/CERQEL.app/Frameworks/RxCocoa.framework: signed bundle with Mach-O thin (arm64) [org.cocoapods.RxCocoa]
2025-01-23 10:03:07 +0000  /usr/bin/codesign exited with 0
2025-01-23 10:03:07 +0000  Entitlements for <IDEDistributionItem: 0x6000f8e0d6e0; bundleID='org.cocoapods.RxRelay', path='<DVTFilePath:0x600100f867d0:'/Users/ahmedmaher/Library/Developer/Xcode/Archives/2025-01-23/CERQEL_TST 23-01-2025, 11.53 AM.xcarchive/Products/Applications/CERQEL.app/Frameworks/RxRelay.framework'>', codeSigningInfo='<_DVTCodeSigningInformation_Path: 0x600104517980; isSigned='1', isAdHocSigned='0', signingCertificate='<DVTSigningCertificate: 0x6000991b9680; name='Apple Development: Ahmed Maher (N5M5QPPB69)', hash='FC4EF9E1EDFAE25151A1E6A8911A084FC1B246BC', serialNumber='6AFACB33A60CA473FDD90B5286798487', certificateKinds='(
    "1.2.840.113635.100.6.1.12",
    "1.2.840.113635.100.6.1.2"
), issueDate='2025-01-16 09:51:48 +0000''>', entitlements='(null)', teamID='2536D9AR8F', identifier='org.cocoapods.RxRelay', executablePath='<DVTFilePath:0x6000f81ceac0:'/Users/ahmedmaher/Library/Developer/Xcode/Archives/2025-01-23/CERQEL_TST 23-01-2025, 11.53 AM.xcarchive/Products/Applications/CERQEL.app/Frameworks/RxRelay.framework/RxRelay'>', hardenedRuntime='0'>'>: {
}
2025-01-23 10:03:07 +0000  Associated App Clip Identifiers Filter: Skipping because "com.apple.developer.associated-appclip-app-identifiers" is not present
2025-01-23 10:03:07 +0000  Entitlements for <IDEDistributionItem: 0x6000f8e0d6e0; bundleID='org.cocoapods.RxRelay', path='<DVTFilePath:0x600100f867d0:'/Users/ahmedmaher/Library/Developer/Xcode/Archives/2025-01-23/CERQEL_TST 23-01-2025, 11.53 AM.xcarchive/Products/Applications/CERQEL.app/Frameworks/RxRelay.framework'>', codeSigningInfo='<_DVTCodeSigningInformation_Path: 0x600104517980; isSigned='1', isAdHocSigned='0', signingCertificate='<DVTSigningCertificate: 0x6000991b8180; name='Apple Development: Ahmed Maher (N5M5QPPB69)', hash='FC4EF9E1EDFAE25151A1E6A8911A084FC1B246BC', serialNumber='6AFACB33A60CA473FDD90B5286798487', certificateKinds='(
    "1.2.840.113635.100.6.1.12",
    "1.2.840.113635.100.6.1.2"
), issueDate='2025-01-16 09:51:48 +0000''>', entitlements='(null)', teamID='2536D9AR8F', identifier='org.cocoapods.RxRelay', executablePath='<DVTFilePath:0x6000f81ceac0:'/Users/ahmedmaher/Library/Developer/Xcode/Archives/2025-01-23/CERQEL_TST 23-01-2025, 11.53 AM.xcarchive/Products/Applications/CERQEL.app/Frameworks/RxRelay.framework/RxRelay'>', hardenedRuntime='0'>'> are: {
}
2025-01-23 10:03:07 +0000  Writing entitlements for <IDEDistributionItem: 0x6000f8e0d6e0; bundleID='org.cocoapods.RxRelay', path='<DVTFilePath:0x600100f867d0:'/Users/ahmedmaher/Library/Developer/Xcode/Archives/2025-01-23/CERQEL_TST 23-01-2025, 11.53 AM.xcarchive/Products/Applications/CERQEL.app/Frameworks/RxRelay.framework'>', codeSigningInfo='<_DVTCodeSigningInformation_Path: 0x600104517980; isSigned='1', isAdHocSigned='0', signingCertificate='<DVTSigningCertificate: 0x6000991b89c0; name='Apple Development: Ahmed Maher (N5M5QPPB69)', hash='FC4EF9E1EDFAE25151A1E6A8911A084FC1B246BC', serialNumber='6AFACB33A60CA473FDD90B5286798487', certificateKinds='(
    "1.2.840.113635.100.6.1.12",
    "1.2.840.113635.100.6.1.2"
), issueDate='2025-01-16 09:51:48 +0000''>', entitlements='(null)', teamID='2536D9AR8F', identifier='org.cocoapods.RxRelay', executablePath='<DVTFilePath:0x6000f81ceac0:'/Users/ahmedmaher/Library/Developer/Xcode/Archives/2025-01-23/CERQEL_TST 23-01-2025, 11.53 AM.xcarchive/Products/Applications/CERQEL.app/Frameworks/RxRelay.framework/RxRelay'>', hardenedRuntime='0'>'> to: /var/folders/c1/scr8lqss6bz1rlk85myhm_jc0000gn/T/XcodeDistPipeline.~~~WsWTzJ/entitlements~~~Dv4sHD
2025-01-23 10:03:07 +0000  Running /usr/bin/codesign '-vvv' '--force' '--sign' 'B74E043AB25CE9CDA63E6A99C27C04D4656978A2' '--entitlements' '/var/folders/c1/scr8lqss6bz1rlk85myhm_jc0000gn/T/XcodeDistPipeline.~~~WsWTzJ/entitlements~~~Dv4sHD' '--generate-entitlement-der' '--strip-disallowed-xattrs' '--preserve-metadata=identifier,flags,runtime' '/var/folders/c1/scr8lqss6bz1rlk85myhm_jc0000gn/T/XcodeDistPipeline.~~~WsWTzJ/Root/Payload/CERQEL.app/Frameworks/RxRelay.framework'
2025-01-23 10:03:07 +0000  /var/folders/c1/scr8lqss6bz1rlk85myhm_jc0000gn/T/XcodeDistPipeline.~~~WsWTzJ/Root/Payload/CERQEL.app/Frameworks/RxRelay.framework: replacing existing signature
2025-01-23 10:03:07 +0000  /var/folders/c1/scr8lqss6bz1rlk85myhm_jc0000gn/T/XcodeDistPipeline.~~~WsWTzJ/Root/Payload/CERQEL.app/Frameworks/RxRelay.framework: signed bundle with Mach-O thin (arm64) [org.cocoapods.RxRelay]
2025-01-23 10:03:07 +0000  /usr/bin/codesign exited with 0
2025-01-23 10:03:07 +0000  Entitlements for <IDEDistributionItem: 0x6001fc0ba460; bundleID='org.cocoapods.RxSwift', path='<DVTFilePath:0x60012cda6300:'/Users/ahmedmaher/Library/Developer/Xcode/Archives/2025-01-23/CERQEL_TST 23-01-2025, 11.53 AM.xcarchive/Products/Applications/CERQEL.app/Frameworks/RxSwift.framework'>', codeSigningInfo='<_DVTCodeSigningInformation_Path: 0x60010c4c5bd0; isSigned='1', isAdHocSigned='0', signingCertificate='<DVTSigningCertificate: 0x6000991b8180; name='Apple Development: Ahmed Maher (N5M5QPPB69)', hash='FC4EF9E1EDFAE25151A1E6A8911A084FC1B246BC', serialNumber='6AFACB33A60CA473FDD90B5286798487', certificateKinds='(
    "1.2.840.113635.100.6.1.12",
    "1.2.840.113635.100.6.1.2"
), issueDate='2025-01-16 09:51:48 +0000''>', entitlements='(null)', teamID='2536D9AR8F', identifier='org.cocoapods.RxSwift', executablePath='<DVTFilePath:0x6001fc0a38a0:'/Users/ahmedmaher/Library/Developer/Xcode/Archives/2025-01-23/CERQEL_TST 23-01-2025, 11.53 AM.xcarchive/Products/Applications/CERQEL.app/Frameworks/RxSwift.framework/RxSwift'>', hardenedRuntime='0'>'>: {
}
2025-01-23 10:03:07 +0000  Associated App Clip Identifiers Filter: Skipping because "com.apple.developer.associated-appclip-app-identifiers" is not present
2025-01-23 10:03:07 +0000  Entitlements for <IDEDistributionItem: 0x6001fc0ba460; bundleID='org.cocoapods.RxSwift', path='<DVTFilePath:0x60012cda6300:'/Users/ahmedmaher/Library/Developer/Xcode/Archives/2025-01-23/CERQEL_TST 23-01-2025, 11.53 AM.xcarchive/Products/Applications/CERQEL.app/Frameworks/RxSwift.framework'>', codeSigningInfo='<_DVTCodeSigningInformation_Path: 0x60010c4c5bd0; isSigned='1', isAdHocSigned='0', signingCertificate='<DVTSigningCertificate: 0x600059e17b40; name='Apple Development: Ahmed Maher (N5M5QPPB69)', hash='FC4EF9E1EDFAE25151A1E6A8911A084FC1B246BC', serialNumber='6AFACB33A60CA473FDD90B5286798487', certificateKinds='(
    "1.2.840.113635.100.6.1.12",
    "1.2.840.113635.100.6.1.2"
), issueDate='2025-01-16 09:51:48 +0000''>', entitlements='(null)', teamID='2536D9AR8F', identifier='org.cocoapods.RxSwift', executablePath='<DVTFilePath:0x6001fc0a38a0:'/Users/ahmedmaher/Library/Developer/Xcode/Archives/2025-01-23/CERQEL_TST 23-01-2025, 11.53 AM.xcarchive/Products/Applications/CERQEL.app/Frameworks/RxSwift.framework/RxSwift'>', hardenedRuntime='0'>'> are: {
}
2025-01-23 10:03:07 +0000  Writing entitlements for <IDEDistributionItem: 0x6001fc0ba460; bundleID='org.cocoapods.RxSwift', path='<DVTFilePath:0x60012cda6300:'/Users/ahmedmaher/Library/Developer/Xcode/Archives/2025-01-23/CERQEL_TST 23-01-2025, 11.53 AM.xcarchive/Products/Applications/CERQEL.app/Frameworks/RxSwift.framework'>', codeSigningInfo='<_DVTCodeSigningInformation_Path: 0x60010c4c5bd0; isSigned='1', isAdHocSigned='0', signingCertificate='<DVTSigningCertificate: 0x600059e16f40; name='Apple Development: Ahmed Maher (N5M5QPPB69)', hash='FC4EF9E1EDFAE25151A1E6A8911A084FC1B246BC', serialNumber='6AFACB33A60CA473FDD90B5286798487', certificateKinds='(
    "1.2.840.113635.100.6.1.12",
    "1.2.840.113635.100.6.1.2"
), issueDate='2025-01-16 09:51:48 +0000''>', entitlements='(null)', teamID='2536D9AR8F', identifier='org.cocoapods.RxSwift', executablePath='<DVTFilePath:0x6001fc0a38a0:'/Users/ahmedmaher/Library/Developer/Xcode/Archives/2025-01-23/CERQEL_TST 23-01-2025, 11.53 AM.xcarchive/Products/Applications/CERQEL.app/Frameworks/RxSwift.framework/RxSwift'>', hardenedRuntime='0'>'> to: /var/folders/c1/scr8lqss6bz1rlk85myhm_jc0000gn/T/XcodeDistPipeline.~~~WsWTzJ/entitlements~~~VMMQNd
2025-01-23 10:03:07 +0000  Running /usr/bin/codesign '-vvv' '--force' '--sign' 'B74E043AB25CE9CDA63E6A99C27C04D4656978A2' '--entitlements' '/var/folders/c1/scr8lqss6bz1rlk85myhm_jc0000gn/T/XcodeDistPipeline.~~~WsWTzJ/entitlements~~~VMMQNd' '--generate-entitlement-der' '--strip-disallowed-xattrs' '--preserve-metadata=identifier,flags,runtime' '/var/folders/c1/scr8lqss6bz1rlk85myhm_jc0000gn/T/XcodeDistPipeline.~~~WsWTzJ/Root/Payload/CERQEL.app/Frameworks/RxSwift.framework'
2025-01-23 10:03:07 +0000  /var/folders/c1/scr8lqss6bz1rlk85myhm_jc0000gn/T/XcodeDistPipeline.~~~WsWTzJ/Root/Payload/CERQEL.app/Frameworks/RxSwift.framework: replacing existing signature
2025-01-23 10:03:07 +0000  /var/folders/c1/scr8lqss6bz1rlk85myhm_jc0000gn/T/XcodeDistPipeline.~~~WsWTzJ/Root/Payload/CERQEL.app/Frameworks/RxSwift.framework: signed bundle with Mach-O thin (arm64) [org.cocoapods.RxSwift]
2025-01-23 10:03:07 +0000  /usr/bin/codesign exited with 0
2025-01-23 10:03:07 +0000  Entitlements for <IDEDistributionItem: 0x6000f8e0c6c0; bundleID='org.cocoapods.SVGKit', path='<DVTFilePath:0x60012cda67d0:'/Users/ahmedmaher/Library/Developer/Xcode/Archives/2025-01-23/CERQEL_TST 23-01-2025, 11.53 AM.xcarchive/Products/Applications/CERQEL.app/Frameworks/SVGKit.framework'>', codeSigningInfo='<_DVTCodeSigningInformation_Path: 0x6000d83091d0; isSigned='1', isAdHocSigned='0', signingCertificate='<DVTSigningCertificate: 0x600059e17b40; name='Apple Development: Ahmed Maher (N5M5QPPB69)', hash='FC4EF9E1EDFAE25151A1E6A8911A084FC1B246BC', serialNumber='6AFACB33A60CA473FDD90B5286798487', certificateKinds='(
    "1.2.840.113635.100.6.1.12",
    "1.2.840.113635.100.6.1.2"
), issueDate='2025-01-16 09:51:48 +0000''>', entitlements='(null)', teamID='2536D9AR8F', identifier='org.cocoapods.SVGKit', executablePath='<DVTFilePath:0x6000f81be760:'/Users/ahmedmaher/Library/Developer/Xcode/Archives/2025-01-23/CERQEL_TST 23-01-2025, 11.53 AM.xcarchive/Products/Applications/CERQEL.app/Frameworks/SVGKit.framework/SVGKit'>', hardenedRuntime='0'>'>: {
}
2025-01-23 10:03:07 +0000  Associated App Clip Identifiers Filter: Skipping because "com.apple.developer.associated-appclip-app-identifiers" is not present
2025-01-23 10:03:07 +0000  Entitlements for <IDEDistributionItem: 0x6000f8e0c6c0; bundleID='org.cocoapods.SVGKit', path='<DVTFilePath:0x60012cda67d0:'/Users/ahmedmaher/Library/Developer/Xcode/Archives/2025-01-23/CERQEL_TST 23-01-2025, 11.53 AM.xcarchive/Products/Applications/CERQEL.app/Frameworks/SVGKit.framework'>', codeSigningInfo='<_DVTCodeSigningInformation_Path: 0x6000d83091d0; isSigned='1', isAdHocSigned='0', signingCertificate='<DVTSigningCertificate: 0x600059e16f40; name='Apple Development: Ahmed Maher (N5M5QPPB69)', hash='FC4EF9E1EDFAE25151A1E6A8911A084FC1B246BC', serialNumber='6AFACB33A60CA473FDD90B5286798487', certificateKinds='(
    "1.2.840.113635.100.6.1.12",
    "1.2.840.113635.100.6.1.2"
), issueDate='2025-01-16 09:51:48 +0000''>', entitlements='(null)', teamID='2536D9AR8F', identifier='org.cocoapods.SVGKit', executablePath='<DVTFilePath:0x6000f81be760:'/Users/ahmedmaher/Library/Developer/Xcode/Archives/2025-01-23/CERQEL_TST 23-01-2025, 11.53 AM.xcarchive/Products/Applications/CERQEL.app/Frameworks/SVGKit.framework/SVGKit'>', hardenedRuntime='0'>'> are: {
}
2025-01-23 10:03:07 +0000  Writing entitlements for <IDEDistributionItem: 0x6000f8e0c6c0; bundleID='org.cocoapods.SVGKit', path='<DVTFilePath:0x60012cda67d0:'/Users/ahmedmaher/Library/Developer/Xcode/Archives/2025-01-23/CERQEL_TST 23-01-2025, 11.53 AM.xcarchive/Products/Applications/CERQEL.app/Frameworks/SVGKit.framework'>', codeSigningInfo='<_DVTCodeSigningInformation_Path: 0x6000d83091d0; isSigned='1', isAdHocSigned='0', signingCertificate='<DVTSigningCertificate: 0x6000991b8180; name='Apple Development: Ahmed Maher (N5M5QPPB69)', hash='FC4EF9E1EDFAE25151A1E6A8911A084FC1B246BC', serialNumber='6AFACB33A60CA473FDD90B5286798487', certificateKinds='(
    "1.2.840.113635.100.6.1.12",
    "1.2.840.113635.100.6.1.2"
), issueDate='2025-01-16 09:51:48 +0000''>', entitlements='(null)', teamID='2536D9AR8F', identifier='org.cocoapods.SVGKit', executablePath='<DVTFilePath:0x6000f81be760:'/Users/ahmedmaher/Library/Developer/Xcode/Archives/2025-01-23/CERQEL_TST 23-01-2025, 11.53 AM.xcarchive/Products/Applications/CERQEL.app/Frameworks/SVGKit.framework/SVGKit'>', hardenedRuntime='0'>'> to: /var/folders/c1/scr8lqss6bz1rlk85myhm_jc0000gn/T/XcodeDistPipeline.~~~WsWTzJ/entitlements~~~RGsCTI
2025-01-23 10:03:07 +0000  Running /usr/bin/codesign '-vvv' '--force' '--sign' 'B74E043AB25CE9CDA63E6A99C27C04D4656978A2' '--entitlements' '/var/folders/c1/scr8lqss6bz1rlk85myhm_jc0000gn/T/XcodeDistPipeline.~~~WsWTzJ/entitlements~~~RGsCTI' '--generate-entitlement-der' '--strip-disallowed-xattrs' '--preserve-metadata=identifier,flags,runtime' '/var/folders/c1/scr8lqss6bz1rlk85myhm_jc0000gn/T/XcodeDistPipeline.~~~WsWTzJ/Root/Payload/CERQEL.app/Frameworks/SVGKit.framework'
2025-01-23 10:03:07 +0000  /var/folders/c1/scr8lqss6bz1rlk85myhm_jc0000gn/T/XcodeDistPipeline.~~~WsWTzJ/Root/Payload/CERQEL.app/Frameworks/SVGKit.framework: replacing existing signature
2025-01-23 10:03:07 +0000  /var/folders/c1/scr8lqss6bz1rlk85myhm_jc0000gn/T/XcodeDistPipeline.~~~WsWTzJ/Root/Payload/CERQEL.app/Frameworks/SVGKit.framework: signed bundle with Mach-O thin (arm64) [org.cocoapods.SVGKit]
2025-01-23 10:03:07 +0000  /usr/bin/codesign exited with 0
2025-01-23 10:03:07 +0000  Entitlements for <IDEDistributionItem: 0x6001fc0a3f00; bundleID='org.cocoapods.SideMenuSwift', path='<DVTFilePath:0x600100f88930:'/Users/ahmedmaher/Library/Developer/Xcode/Archives/2025-01-23/CERQEL_TST 23-01-2025, 11.53 AM.xcarchive/Products/Applications/CERQEL.app/Frameworks/SideMenuSwift.framework'>', codeSigningInfo='<_DVTCodeSigningInformation_Path: 0x60010c71a3f0; isSigned='1', isAdHocSigned='0', signingCertificate='<DVTSigningCertificate: 0x6000991b8180; name='Apple Development: Ahmed Maher (N5M5QPPB69)', hash='FC4EF9E1EDFAE25151A1E6A8911A084FC1B246BC', serialNumber='6AFACB33A60CA473FDD90B5286798487', certificateKinds='(
    "1.2.840.113635.100.6.1.12",
    "1.2.840.113635.100.6.1.2"
), issueDate='2025-01-16 09:51:48 +0000''>', entitlements='(null)', teamID='2536D9AR8F', identifier='org.cocoapods.SideMenuSwift', executablePath='<DVTFilePath:0x600100c02bc0:'/Users/ahmedmaher/Library/Developer/Xcode/Archives/2025-01-23/CERQEL_TST 23-01-2025, 11.53 AM.xcarchive/Products/Applications/CERQEL.app/Frameworks/SideMenuSwift.framework/SideMenuSwift'>', hardenedRuntime='0'>'>: {
}
2025-01-23 10:03:07 +0000  Associated App Clip Identifiers Filter: Skipping because "com.apple.developer.associated-appclip-app-identifiers" is not present
2025-01-23 10:03:07 +0000  Entitlements for <IDEDistributionItem: 0x6001fc0a3f00; bundleID='org.cocoapods.SideMenuSwift', path='<DVTFilePath:0x600100f88930:'/Users/ahmedmaher/Library/Developer/Xcode/Archives/2025-01-23/CERQEL_TST 23-01-2025, 11.53 AM.xcarchive/Products/Applications/CERQEL.app/Frameworks/SideMenuSwift.framework'>', codeSigningInfo='<_DVTCodeSigningInformation_Path: 0x60010c71a3f0; isSigned='1', isAdHocSigned='0', signingCertificate='<DVTSigningCertificate: 0x600059e17b40; name='Apple Development: Ahmed Maher (N5M5QPPB69)', hash='FC4EF9E1EDFAE25151A1E6A8911A084FC1B246BC', serialNumber='6AFACB33A60CA473FDD90B5286798487', certificateKinds='(
    "1.2.840.113635.100.6.1.12",
    "1.2.840.113635.100.6.1.2"
), issueDate='2025-01-16 09:51:48 +0000''>', entitlements='(null)', teamID='2536D9AR8F', identifier='org.cocoapods.SideMenuSwift', executablePath='<DVTFilePath:0x600100c02bc0:'/Users/ahmedmaher/Library/Developer/Xcode/Archives/2025-01-23/CERQEL_TST 23-01-2025, 11.53 AM.xcarchive/Products/Applications/CERQEL.app/Frameworks/SideMenuSwift.framework/SideMenuSwift'>', hardenedRuntime='0'>'> are: {
}
2025-01-23 10:03:07 +0000  Writing entitlements for <IDEDistributionItem: 0x6001fc0a3f00; bundleID='org.cocoapods.SideMenuSwift', path='<DVTFilePath:0x600100f88930:'/Users/ahmedmaher/Library/Developer/Xcode/Archives/2025-01-23/CERQEL_TST 23-01-2025, 11.53 AM.xcarchive/Products/Applications/CERQEL.app/Frameworks/SideMenuSwift.framework'>', codeSigningInfo='<_DVTCodeSigningInformation_Path: 0x60010c71a3f0; isSigned='1', isAdHocSigned='0', signingCertificate='<DVTSigningCertificate: 0x6000991b89c0; name='Apple Development: Ahmed Maher (N5M5QPPB69)', hash='FC4EF9E1EDFAE25151A1E6A8911A084FC1B246BC', serialNumber='6AFACB33A60CA473FDD90B5286798487', certificateKinds='(
    "1.2.840.113635.100.6.1.12",
    "1.2.840.113635.100.6.1.2"
), issueDate='2025-01-16 09:51:48 +0000''>', entitlements='(null)', teamID='2536D9AR8F', identifier='org.cocoapods.SideMenuSwift', executablePath='<DVTFilePath:0x600100c02bc0:'/Users/ahmedmaher/Library/Developer/Xcode/Archives/2025-01-23/CERQEL_TST 23-01-2025, 11.53 AM.xcarchive/Products/Applications/CERQEL.app/Frameworks/SideMenuSwift.framework/SideMenuSwift'>', hardenedRuntime='0'>'> to: /var/folders/c1/scr8lqss6bz1rlk85myhm_jc0000gn/T/XcodeDistPipeline.~~~WsWTzJ/entitlements~~~rgaPpt
2025-01-23 10:03:07 +0000  Running /usr/bin/codesign '-vvv' '--force' '--sign' 'B74E043AB25CE9CDA63E6A99C27C04D4656978A2' '--entitlements' '/var/folders/c1/scr8lqss6bz1rlk85myhm_jc0000gn/T/XcodeDistPipeline.~~~WsWTzJ/entitlements~~~rgaPpt' '--generate-entitlement-der' '--strip-disallowed-xattrs' '--preserve-metadata=identifier,flags,runtime' '/var/folders/c1/scr8lqss6bz1rlk85myhm_jc0000gn/T/XcodeDistPipeline.~~~WsWTzJ/Root/Payload/CERQEL.app/Frameworks/SideMenuSwift.framework'
2025-01-23 10:03:07 +0000  /var/folders/c1/scr8lqss6bz1rlk85myhm_jc0000gn/T/XcodeDistPipeline.~~~WsWTzJ/Root/Payload/CERQEL.app/Frameworks/SideMenuSwift.framework: replacing existing signature
2025-01-23 10:03:08 +0000  /var/folders/c1/scr8lqss6bz1rlk85myhm_jc0000gn/T/XcodeDistPipeline.~~~WsWTzJ/Root/Payload/CERQEL.app/Frameworks/SideMenuSwift.framework: signed bundle with Mach-O thin (arm64) [org.cocoapods.SideMenuSwift]
2025-01-23 10:03:08 +0000  /usr/bin/codesign exited with 0
2025-01-23 10:03:08 +0000  Entitlements for <IDEDistributionItem: 0x6001fc0d9320; bundleID='org.cocoapods.SkeletonView', path='<DVTFilePath:0x60012cda65a0:'/Users/ahmedmaher/Library/Developer/Xcode/Archives/2025-01-23/CERQEL_TST 23-01-2025, 11.53 AM.xcarchive/Products/Applications/CERQEL.app/Frameworks/SkeletonView.framework'>', codeSigningInfo='<_DVTCodeSigningInformation_Path: 0x60010c7485a0; isSigned='1', isAdHocSigned='0', signingCertificate='<DVTSigningCertificate: 0x6000991b8180; name='Apple Development: Ahmed Maher (N5M5QPPB69)', hash='FC4EF9E1EDFAE25151A1E6A8911A084FC1B246BC', serialNumber='6AFACB33A60CA473FDD90B5286798487', certificateKinds='(
    "1.2.840.113635.100.6.1.12",
    "1.2.840.113635.100.6.1.2"
), issueDate='2025-01-16 09:51:48 +0000''>', entitlements='(null)', teamID='2536D9AR8F', identifier='org.cocoapods.SkeletonView', executablePath='<DVTFilePath:0x600248c81b20:'/Users/ahmedmaher/Library/Developer/Xcode/Archives/2025-01-23/CERQEL_TST 23-01-2025, 11.53 AM.xcarchive/Products/Applications/CERQEL.app/Frameworks/SkeletonView.framework/SkeletonView'>', hardenedRuntime='0'>'>: {
}
2025-01-23 10:03:08 +0000  Associated App Clip Identifiers Filter: Skipping because "com.apple.developer.associated-appclip-app-identifiers" is not present
2025-01-23 10:03:08 +0000  Entitlements for <IDEDistributionItem: 0x6001fc0d9320; bundleID='org.cocoapods.SkeletonView', path='<DVTFilePath:0x60012cda65a0:'/Users/ahmedmaher/Library/Developer/Xcode/Archives/2025-01-23/CERQEL_TST 23-01-2025, 11.53 AM.xcarchive/Products/Applications/CERQEL.app/Frameworks/SkeletonView.framework'>', codeSigningInfo='<_DVTCodeSigningInformation_Path: 0x60010c7485a0; isSigned='1', isAdHocSigned='0', signingCertificate='<DVTSigningCertificate: 0x600059e17b40; name='Apple Development: Ahmed Maher (N5M5QPPB69)', hash='FC4EF9E1EDFAE25151A1E6A8911A084FC1B246BC', serialNumber='6AFACB33A60CA473FDD90B5286798487', certificateKinds='(
    "1.2.840.113635.100.6.1.12",
    "1.2.840.113635.100.6.1.2"
), issueDate='2025-01-16 09:51:48 +0000''>', entitlements='(null)', teamID='2536D9AR8F', identifier='org.cocoapods.SkeletonView', executablePath='<DVTFilePath:0x600248c81b20:'/Users/ahmedmaher/Library/Developer/Xcode/Archives/2025-01-23/CERQEL_TST 23-01-2025, 11.53 AM.xcarchive/Products/Applications/CERQEL.app/Frameworks/SkeletonView.framework/SkeletonView'>', hardenedRuntime='0'>'> are: {
}
2025-01-23 10:03:08 +0000  Writing entitlements for <IDEDistributionItem: 0x6001fc0d9320; bundleID='org.cocoapods.SkeletonView', path='<DVTFilePath:0x60012cda65a0:'/Users/ahmedmaher/Library/Developer/Xcode/Archives/2025-01-23/CERQEL_TST 23-01-2025, 11.53 AM.xcarchive/Products/Applications/CERQEL.app/Frameworks/SkeletonView.framework'>', codeSigningInfo='<_DVTCodeSigningInformation_Path: 0x60010c7485a0; isSigned='1', isAdHocSigned='0', signingCertificate='<DVTSigningCertificate: 0x600059e16f40; name='Apple Development: Ahmed Maher (N5M5QPPB69)', hash='FC4EF9E1EDFAE25151A1E6A8911A084FC1B246BC', serialNumber='6AFACB33A60CA473FDD90B5286798487', certificateKinds='(
    "1.2.840.113635.100.6.1.12",
    "1.2.840.113635.100.6.1.2"
), issueDate='2025-01-16 09:51:48 +0000''>', entitlements='(null)', teamID='2536D9AR8F', identifier='org.cocoapods.SkeletonView', executablePath='<DVTFilePath:0x600248c81b20:'/Users/ahmedmaher/Library/Developer/Xcode/Archives/2025-01-23/CERQEL_TST 23-01-2025, 11.53 AM.xcarchive/Products/Applications/CERQEL.app/Frameworks/SkeletonView.framework/SkeletonView'>', hardenedRuntime='0'>'> to: /var/folders/c1/scr8lqss6bz1rlk85myhm_jc0000gn/T/XcodeDistPipeline.~~~WsWTzJ/entitlements~~~Iwyriq
2025-01-23 10:03:08 +0000  Running /usr/bin/codesign '-vvv' '--force' '--sign' 'B74E043AB25CE9CDA63E6A99C27C04D4656978A2' '--entitlements' '/var/folders/c1/scr8lqss6bz1rlk85myhm_jc0000gn/T/XcodeDistPipeline.~~~WsWTzJ/entitlements~~~Iwyriq' '--generate-entitlement-der' '--strip-disallowed-xattrs' '--preserve-metadata=identifier,flags,runtime' '/var/folders/c1/scr8lqss6bz1rlk85myhm_jc0000gn/T/XcodeDistPipeline.~~~WsWTzJ/Root/Payload/CERQEL.app/Frameworks/SkeletonView.framework'
2025-01-23 10:03:08 +0000  /var/folders/c1/scr8lqss6bz1rlk85myhm_jc0000gn/T/XcodeDistPipeline.~~~WsWTzJ/Root/Payload/CERQEL.app/Frameworks/SkeletonView.framework: replacing existing signature
2025-01-23 10:03:08 +0000  /var/folders/c1/scr8lqss6bz1rlk85myhm_jc0000gn/T/XcodeDistPipeline.~~~WsWTzJ/Root/Payload/CERQEL.app/Frameworks/SkeletonView.framework: signed bundle with Mach-O thin (arm64) [org.cocoapods.SkeletonView]
2025-01-23 10:03:08 +0000  /usr/bin/codesign exited with 0
2025-01-23 10:03:08 +0000  Entitlements for <IDEDistributionItem: 0x6001fc0a1500; bundleID='org.cocoapods.Stevia', path='<DVTFilePath:0x600248d449a0:'/Users/ahmedmaher/Library/Developer/Xcode/Archives/2025-01-23/CERQEL_TST 23-01-2025, 11.53 AM.xcarchive/Products/Applications/CERQEL.app/Frameworks/Stevia.framework'>', codeSigningInfo='<_DVTCodeSigningInformation_Path: 0x6000d830b250; isSigned='1', isAdHocSigned='0', signingCertificate='<DVTSigningCertificate: 0x6000991b8180; name='Apple Development: Ahmed Maher (N5M5QPPB69)', hash='FC4EF9E1EDFAE25151A1E6A8911A084FC1B246BC', serialNumber='6AFACB33A60CA473FDD90B5286798487', certificateKinds='(
    "1.2.840.113635.100.6.1.12",
    "1.2.840.113635.100.6.1.2"
), issueDate='2025-01-16 09:51:48 +0000''>', entitlements='(null)', teamID='2536D9AR8F', identifier='org.cocoapods.Stevia', executablePath='<DVTFilePath:0x6001fc09c4e0:'/Users/ahmedmaher/Library/Developer/Xcode/Archives/2025-01-23/CERQEL_TST 23-01-2025, 11.53 AM.xcarchive/Products/Applications/CERQEL.app/Frameworks/Stevia.framework/Stevia'>', hardenedRuntime='0'>'>: {
}
2025-01-23 10:03:08 +0000  Associated App Clip Identifiers Filter: Skipping because "com.apple.developer.associated-appclip-app-identifiers" is not present
2025-01-23 10:03:08 +0000  Entitlements for <IDEDistributionItem: 0x6001fc0a1500; bundleID='org.cocoapods.Stevia', path='<DVTFilePath:0x600248d449a0:'/Users/ahmedmaher/Library/Developer/Xcode/Archives/2025-01-23/CERQEL_TST 23-01-2025, 11.53 AM.xcarchive/Products/Applications/CERQEL.app/Frameworks/Stevia.framework'>', codeSigningInfo='<_DVTCodeSigningInformation_Path: 0x6000d830b250; isSigned='1', isAdHocSigned='0', signingCertificate='<DVTSigningCertificate: 0x600059e17b40; name='Apple Development: Ahmed Maher (N5M5QPPB69)', hash='FC4EF9E1EDFAE25151A1E6A8911A084FC1B246BC', serialNumber='6AFACB33A60CA473FDD90B5286798487', certificateKinds='(
    "1.2.840.113635.100.6.1.12",
    "1.2.840.113635.100.6.1.2"
), issueDate='2025-01-16 09:51:48 +0000''>', entitlements='(null)', teamID='2536D9AR8F', identifier='org.cocoapods.Stevia', executablePath='<DVTFilePath:0x6001fc09c4e0:'/Users/ahmedmaher/Library/Developer/Xcode/Archives/2025-01-23/CERQEL_TST 23-01-2025, 11.53 AM.xcarchive/Products/Applications/CERQEL.app/Frameworks/Stevia.framework/Stevia'>', hardenedRuntime='0'>'> are: {
}
2025-01-23 10:03:08 +0000  Writing entitlements for <IDEDistributionItem: 0x6001fc0a1500; bundleID='org.cocoapods.Stevia', path='<DVTFilePath:0x600248d449a0:'/Users/ahmedmaher/Library/Developer/Xcode/Archives/2025-01-23/CERQEL_TST 23-01-2025, 11.53 AM.xcarchive/Products/Applications/CERQEL.app/Frameworks/Stevia.framework'>', codeSigningInfo='<_DVTCodeSigningInformation_Path: 0x6000d830b250; isSigned='1', isAdHocSigned='0', signingCertificate='<DVTSigningCertificate: 0x600059e16f40; name='Apple Development: Ahmed Maher (N5M5QPPB69)', hash='FC4EF9E1EDFAE25151A1E6A8911A084FC1B246BC', serialNumber='6AFACB33A60CA473FDD90B5286798487', certificateKinds='(
    "1.2.840.113635.100.6.1.12",
    "1.2.840.113635.100.6.1.2"
), issueDate='2025-01-16 09:51:48 +0000''>', entitlements='(null)', teamID='2536D9AR8F', identifier='org.cocoapods.Stevia', executablePath='<DVTFilePath:0x6001fc09c4e0:'/Users/ahmedmaher/Library/Developer/Xcode/Archives/2025-01-23/CERQEL_TST 23-01-2025, 11.53 AM.xcarchive/Products/Applications/CERQEL.app/Frameworks/Stevia.framework/Stevia'>', hardenedRuntime='0'>'> to: /var/folders/c1/scr8lqss6bz1rlk85myhm_jc0000gn/T/XcodeDistPipeline.~~~WsWTzJ/entitlements~~~CPkrGM
2025-01-23 10:03:08 +0000  Running /usr/bin/codesign '-vvv' '--force' '--sign' 'B74E043AB25CE9CDA63E6A99C27C04D4656978A2' '--entitlements' '/var/folders/c1/scr8lqss6bz1rlk85myhm_jc0000gn/T/XcodeDistPipeline.~~~WsWTzJ/entitlements~~~CPkrGM' '--generate-entitlement-der' '--strip-disallowed-xattrs' '--preserve-metadata=identifier,flags,runtime' '/var/folders/c1/scr8lqss6bz1rlk85myhm_jc0000gn/T/XcodeDistPipeline.~~~WsWTzJ/Root/Payload/CERQEL.app/Frameworks/Stevia.framework'
2025-01-23 10:03:08 +0000  /var/folders/c1/scr8lqss6bz1rlk85myhm_jc0000gn/T/XcodeDistPipeline.~~~WsWTzJ/Root/Payload/CERQEL.app/Frameworks/Stevia.framework: replacing existing signature
2025-01-23 10:03:08 +0000  /var/folders/c1/scr8lqss6bz1rlk85myhm_jc0000gn/T/XcodeDistPipeline.~~~WsWTzJ/Root/Payload/CERQEL.app/Frameworks/Stevia.framework: signed bundle with Mach-O thin (arm64) [org.cocoapods.Stevia]
2025-01-23 10:03:08 +0000  /usr/bin/codesign exited with 0
2025-01-23 10:03:08 +0000  Entitlements for <IDEDistributionItem: 0x6001fc0b92c0; bundleID='org.cocoapods.SweeterSwift', path='<DVTFilePath:0x60012cda6a70:'/Users/ahmedmaher/Library/Developer/Xcode/Archives/2025-01-23/CERQEL_TST 23-01-2025, 11.53 AM.xcarchive/Products/Applications/CERQEL.app/Frameworks/SweeterSwift.framework'>', codeSigningInfo='<_DVTCodeSigningInformation_Path: 0x60010c513570; isSigned='1', isAdHocSigned='0', signingCertificate='<DVTSigningCertificate: 0x6000991b8180; name='Apple Development: Ahmed Maher (N5M5QPPB69)', hash='FC4EF9E1EDFAE25151A1E6A8911A084FC1B246BC', serialNumber='6AFACB33A60CA473FDD90B5286798487', certificateKinds='(
    "1.2.840.113635.100.6.1.12",
    "1.2.840.113635.100.6.1.2"
), issueDate='2025-01-16 09:51:48 +0000''>', entitlements='(null)', teamID='2536D9AR8F', identifier='org.cocoapods.SweeterSwift', executablePath='<DVTFilePath:0x600248c81810:'/Users/ahmedmaher/Library/Developer/Xcode/Archives/2025-01-23/CERQEL_TST 23-01-2025, 11.53 AM.xcarchive/Products/Applications/CERQEL.app/Frameworks/SweeterSwift.framework/SweeterSwift'>', hardenedRuntime='0'>'>: {
}
2025-01-23 10:03:08 +0000  Associated App Clip Identifiers Filter: Skipping because "com.apple.developer.associated-appclip-app-identifiers" is not present
2025-01-23 10:03:08 +0000  Entitlements for <IDEDistributionItem: 0x6001fc0b92c0; bundleID='org.cocoapods.SweeterSwift', path='<DVTFilePath:0x60012cda6a70:'/Users/ahmedmaher/Library/Developer/Xcode/Archives/2025-01-23/CERQEL_TST 23-01-2025, 11.53 AM.xcarchive/Products/Applications/CERQEL.app/Frameworks/SweeterSwift.framework'>', codeSigningInfo='<_DVTCodeSigningInformation_Path: 0x60010c513570; isSigned='1', isAdHocSigned='0', signingCertificate='<DVTSigningCertificate: 0x600059e17b40; name='Apple Development: Ahmed Maher (N5M5QPPB69)', hash='FC4EF9E1EDFAE25151A1E6A8911A084FC1B246BC', serialNumber='6AFACB33A60CA473FDD90B5286798487', certificateKinds='(
    "1.2.840.113635.100.6.1.12",
    "1.2.840.113635.100.6.1.2"
), issueDate='2025-01-16 09:51:48 +0000''>', entitlements='(null)', teamID='2536D9AR8F', identifier='org.cocoapods.SweeterSwift', executablePath='<DVTFilePath:0x600248c81810:'/Users/ahmedmaher/Library/Developer/Xcode/Archives/2025-01-23/CERQEL_TST 23-01-2025, 11.53 AM.xcarchive/Products/Applications/CERQEL.app/Frameworks/SweeterSwift.framework/SweeterSwift'>', hardenedRuntime='0'>'> are: {
}
2025-01-23 10:03:08 +0000  Writing entitlements for <IDEDistributionItem: 0x6001fc0b92c0; bundleID='org.cocoapods.SweeterSwift', path='<DVTFilePath:0x60012cda6a70:'/Users/ahmedmaher/Library/Developer/Xcode/Archives/2025-01-23/CERQEL_TST 23-01-2025, 11.53 AM.xcarchive/Products/Applications/CERQEL.app/Frameworks/SweeterSwift.framework'>', codeSigningInfo='<_DVTCodeSigningInformation_Path: 0x60010c513570; isSigned='1', isAdHocSigned='0', signingCertificate='<DVTSigningCertificate: 0x600059e16f40; name='Apple Development: Ahmed Maher (N5M5QPPB69)', hash='FC4EF9E1EDFAE25151A1E6A8911A084FC1B246BC', serialNumber='6AFACB33A60CA473FDD90B5286798487', certificateKinds='(
    "1.2.840.113635.100.6.1.12",
    "1.2.840.113635.100.6.1.2"
), issueDate='2025-01-16 09:51:48 +0000''>', entitlements='(null)', teamID='2536D9AR8F', identifier='org.cocoapods.SweeterSwift', executablePath='<DVTFilePath:0x600248c81810:'/Users/ahmedmaher/Library/Developer/Xcode/Archives/2025-01-23/CERQEL_TST 23-01-2025, 11.53 AM.xcarchive/Products/Applications/CERQEL.app/Frameworks/SweeterSwift.framework/SweeterSwift'>', hardenedRuntime='0'>'> to: /var/folders/c1/scr8lqss6bz1rlk85myhm_jc0000gn/T/XcodeDistPipeline.~~~WsWTzJ/entitlements~~~nsObl3
2025-01-23 10:03:08 +0000  Running /usr/bin/codesign '-vvv' '--force' '--sign' 'B74E043AB25CE9CDA63E6A99C27C04D4656978A2' '--entitlements' '/var/folders/c1/scr8lqss6bz1rlk85myhm_jc0000gn/T/XcodeDistPipeline.~~~WsWTzJ/entitlements~~~nsObl3' '--generate-entitlement-der' '--strip-disallowed-xattrs' '--preserve-metadata=identifier,flags,runtime' '/var/folders/c1/scr8lqss6bz1rlk85myhm_jc0000gn/T/XcodeDistPipeline.~~~WsWTzJ/Root/Payload/CERQEL.app/Frameworks/SweeterSwift.framework'
2025-01-23 10:03:08 +0000  /var/folders/c1/scr8lqss6bz1rlk85myhm_jc0000gn/T/XcodeDistPipeline.~~~WsWTzJ/Root/Payload/CERQEL.app/Frameworks/SweeterSwift.framework: replacing existing signature
2025-01-23 10:03:08 +0000  /var/folders/c1/scr8lqss6bz1rlk85myhm_jc0000gn/T/XcodeDistPipeline.~~~WsWTzJ/Root/Payload/CERQEL.app/Frameworks/SweeterSwift.framework: signed bundle with Mach-O thin (arm64) [org.cocoapods.SweeterSwift]
2025-01-23 10:03:08 +0000  /usr/bin/codesign exited with 0
2025-01-23 10:03:08 +0000  Entitlements for <IDEDistributionItem: 0x6000f8e0a880; bundleID='org.cocoapods.SwiftMessages', path='<DVTFilePath:0x600248d44d90:'/Users/ahmedmaher/Library/Developer/Xcode/Archives/2025-01-23/CERQEL_TST 23-01-2025, 11.53 AM.xcarchive/Products/Applications/CERQEL.app/Frameworks/SwiftMessages.framework'>', codeSigningInfo='<_DVTCodeSigningInformation_Path: 0x60010c55abc0; isSigned='1', isAdHocSigned='0', signingCertificate='<DVTSigningCertificate: 0x6000991b8180; name='Apple Development: Ahmed Maher (N5M5QPPB69)', hash='FC4EF9E1EDFAE25151A1E6A8911A084FC1B246BC', serialNumber='6AFACB33A60CA473FDD90B5286798487', certificateKinds='(
    "1.2.840.113635.100.6.1.12",
    "1.2.840.113635.100.6.1.2"
), issueDate='2025-01-16 09:51:48 +0000''>', entitlements='(null)', teamID='2536D9AR8F', identifier='org.cocoapods.SwiftMessages', executablePath='<DVTFilePath:0x60012cccd260:'/Users/ahmedmaher/Library/Developer/Xcode/Archives/2025-01-23/CERQEL_TST 23-01-2025, 11.53 AM.xcarchive/Products/Applications/CERQEL.app/Frameworks/SwiftMessages.framework/SwiftMessages'>', hardenedRuntime='0'>'>: {
}
2025-01-23 10:03:08 +0000  Associated App Clip Identifiers Filter: Skipping because "com.apple.developer.associated-appclip-app-identifiers" is not present
2025-01-23 10:03:08 +0000  Entitlements for <IDEDistributionItem: 0x6000f8e0a880; bundleID='org.cocoapods.SwiftMessages', path='<DVTFilePath:0x600248d44d90:'/Users/ahmedmaher/Library/Developer/Xcode/Archives/2025-01-23/CERQEL_TST 23-01-2025, 11.53 AM.xcarchive/Products/Applications/CERQEL.app/Frameworks/SwiftMessages.framework'>', codeSigningInfo='<_DVTCodeSigningInformation_Path: 0x60010c55abc0; isSigned='1', isAdHocSigned='0', signingCertificate='<DVTSigningCertificate: 0x600059e16f40; name='Apple Development: Ahmed Maher (N5M5QPPB69)', hash='FC4EF9E1EDFAE25151A1E6A8911A084FC1B246BC', serialNumber='6AFACB33A60CA473FDD90B5286798487', certificateKinds='(
    "1.2.840.113635.100.6.1.12",
    "1.2.840.113635.100.6.1.2"
), issueDate='2025-01-16 09:51:48 +0000''>', entitlements='(null)', teamID='2536D9AR8F', identifier='org.cocoapods.SwiftMessages', executablePath='<DVTFilePath:0x60012cccd260:'/Users/ahmedmaher/Library/Developer/Xcode/Archives/2025-01-23/CERQEL_TST 23-01-2025, 11.53 AM.xcarchive/Products/Applications/CERQEL.app/Frameworks/SwiftMessages.framework/SwiftMessages'>', hardenedRuntime='0'>'> are: {
}
2025-01-23 10:03:08 +0000  Writing entitlements for <IDEDistributionItem: 0x6000f8e0a880; bundleID='org.cocoapods.SwiftMessages', path='<DVTFilePath:0x600248d44d90:'/Users/ahmedmaher/Library/Developer/Xcode/Archives/2025-01-23/CERQEL_TST 23-01-2025, 11.53 AM.xcarchive/Products/Applications/CERQEL.app/Frameworks/SwiftMessages.framework'>', codeSigningInfo='<_DVTCodeSigningInformation_Path: 0x60010c55abc0; isSigned='1', isAdHocSigned='0', signingCertificate='<DVTSigningCertificate: 0x6000991b8e40; name='Apple Development: Ahmed Maher (N5M5QPPB69)', hash='FC4EF9E1EDFAE25151A1E6A8911A084FC1B246BC', serialNumber='6AFACB33A60CA473FDD90B5286798487', certificateKinds='(
    "1.2.840.113635.100.6.1.12",
    "1.2.840.113635.100.6.1.2"
), issueDate='2025-01-16 09:51:48 +0000''>', entitlements='(null)', teamID='2536D9AR8F', identifier='org.cocoapods.SwiftMessages', executablePath='<DVTFilePath:0x60012cccd260:'/Users/ahmedmaher/Library/Developer/Xcode/Archives/2025-01-23/CERQEL_TST 23-01-2025, 11.53 AM.xcarchive/Products/Applications/CERQEL.app/Frameworks/SwiftMessages.framework/SwiftMessages'>', hardenedRuntime='0'>'> to: /var/folders/c1/scr8lqss6bz1rlk85myhm_jc0000gn/T/XcodeDistPipeline.~~~WsWTzJ/entitlements~~~UZ6xIK
2025-01-23 10:03:08 +0000  Running /usr/bin/codesign '-vvv' '--force' '--sign' 'B74E043AB25CE9CDA63E6A99C27C04D4656978A2' '--entitlements' '/var/folders/c1/scr8lqss6bz1rlk85myhm_jc0000gn/T/XcodeDistPipeline.~~~WsWTzJ/entitlements~~~UZ6xIK' '--generate-entitlement-der' '--strip-disallowed-xattrs' '--preserve-metadata=identifier,flags,runtime' '/var/folders/c1/scr8lqss6bz1rlk85myhm_jc0000gn/T/XcodeDistPipeline.~~~WsWTzJ/Root/Payload/CERQEL.app/Frameworks/SwiftMessages.framework'
2025-01-23 10:03:08 +0000  /var/folders/c1/scr8lqss6bz1rlk85myhm_jc0000gn/T/XcodeDistPipeline.~~~WsWTzJ/Root/Payload/CERQEL.app/Frameworks/SwiftMessages.framework: replacing existing signature
2025-01-23 10:03:08 +0000  /var/folders/c1/scr8lqss6bz1rlk85myhm_jc0000gn/T/XcodeDistPipeline.~~~WsWTzJ/Root/Payload/CERQEL.app/Frameworks/SwiftMessages.framework: signed bundle with Mach-O thin (arm64) [org.cocoapods.SwiftMessages]
2025-01-23 10:03:08 +0000  /usr/bin/codesign exited with 0
2025-01-23 10:03:08 +0000  Entitlements for <IDEDistributionItem: 0x6001fc0b6c40; bundleID='org.cocoapods.SwiftyJSON', path='<DVTFilePath:0x600248d460d0:'/Users/ahmedmaher/Library/Developer/Xcode/Archives/2025-01-23/CERQEL_TST 23-01-2025, 11.53 AM.xcarchive/Products/Applications/CERQEL.app/Frameworks/SwiftyJSON.framework'>', codeSigningInfo='<_DVTCodeSigningInformation_Path: 0x60010c70c050; isSigned='1', isAdHocSigned='0', signingCertificate='<DVTSigningCertificate: 0x6000991b8180; name='Apple Development: Ahmed Maher (N5M5QPPB69)', hash='FC4EF9E1EDFAE25151A1E6A8911A084FC1B246BC', serialNumber='6AFACB33A60CA473FDD90B5286798487', certificateKinds='(
    "1.2.840.113635.100.6.1.12",
    "1.2.840.113635.100.6.1.2"
), issueDate='2025-01-16 09:51:48 +0000''>', entitlements='(null)', teamID='2536D9AR8F', identifier='org.cocoapods.SwiftyJSON', executablePath='<DVTFilePath:0x60012cc0dc70:'/Users/ahmedmaher/Library/Developer/Xcode/Archives/2025-01-23/CERQEL_TST 23-01-2025, 11.53 AM.xcarchive/Products/Applications/CERQEL.app/Frameworks/SwiftyJSON.framework/SwiftyJSON'>', hardenedRuntime='0'>'>: {
}
2025-01-23 10:03:08 +0000  Associated App Clip Identifiers Filter: Skipping because "com.apple.developer.associated-appclip-app-identifiers" is not present
2025-01-23 10:03:08 +0000  Entitlements for <IDEDistributionItem: 0x6001fc0b6c40; bundleID='org.cocoapods.SwiftyJSON', path='<DVTFilePath:0x600248d460d0:'/Users/ahmedmaher/Library/Developer/Xcode/Archives/2025-01-23/CERQEL_TST 23-01-2025, 11.53 AM.xcarchive/Products/Applications/CERQEL.app/Frameworks/SwiftyJSON.framework'>', codeSigningInfo='<_DVTCodeSigningInformation_Path: 0x60010c70c050; isSigned='1', isAdHocSigned='0', signingCertificate='<DVTSigningCertificate: 0x600059e16f40; name='Apple Development: Ahmed Maher (N5M5QPPB69)', hash='FC4EF9E1EDFAE25151A1E6A8911A084FC1B246BC', serialNumber='6AFACB33A60CA473FDD90B5286798487', certificateKinds='(
    "1.2.840.113635.100.6.1.12",
    "1.2.840.113635.100.6.1.2"
), issueDate='2025-01-16 09:51:48 +0000''>', entitlements='(null)', teamID='2536D9AR8F', identifier='org.cocoapods.SwiftyJSON', executablePath='<DVTFilePath:0x60012cc0dc70:'/Users/ahmedmaher/Library/Developer/Xcode/Archives/2025-01-23/CERQEL_TST 23-01-2025, 11.53 AM.xcarchive/Products/Applications/CERQEL.app/Frameworks/SwiftyJSON.framework/SwiftyJSON'>', hardenedRuntime='0'>'> are: {
}
2025-01-23 10:03:08 +0000  Writing entitlements for <IDEDistributionItem: 0x6001fc0b6c40; bundleID='org.cocoapods.SwiftyJSON', path='<DVTFilePath:0x600248d460d0:'/Users/ahmedmaher/Library/Developer/Xcode/Archives/2025-01-23/CERQEL_TST 23-01-2025, 11.53 AM.xcarchive/Products/Applications/CERQEL.app/Frameworks/SwiftyJSON.framework'>', codeSigningInfo='<_DVTCodeSigningInformation_Path: 0x60010c70c050; isSigned='1', isAdHocSigned='0', signingCertificate='<DVTSigningCertificate: 0x600059e14f00; name='Apple Development: Ahmed Maher (N5M5QPPB69)', hash='FC4EF9E1EDFAE25151A1E6A8911A084FC1B246BC', serialNumber='6AFACB33A60CA473FDD90B5286798487', certificateKinds='(
    "1.2.840.113635.100.6.1.12",
    "1.2.840.113635.100.6.1.2"
), issueDate='2025-01-16 09:51:48 +0000''>', entitlements='(null)', teamID='2536D9AR8F', identifier='org.cocoapods.SwiftyJSON', executablePath='<DVTFilePath:0x60012cc0dc70:'/Users/ahmedmaher/Library/Developer/Xcode/Archives/2025-01-23/CERQEL_TST 23-01-2025, 11.53 AM.xcarchive/Products/Applications/CERQEL.app/Frameworks/SwiftyJSON.framework/SwiftyJSON'>', hardenedRuntime='0'>'> to: /var/folders/c1/scr8lqss6bz1rlk85myhm_jc0000gn/T/XcodeDistPipeline.~~~WsWTzJ/entitlements~~~MKyo2a
2025-01-23 10:03:08 +0000  Running /usr/bin/codesign '-vvv' '--force' '--sign' 'B74E043AB25CE9CDA63E6A99C27C04D4656978A2' '--entitlements' '/var/folders/c1/scr8lqss6bz1rlk85myhm_jc0000gn/T/XcodeDistPipeline.~~~WsWTzJ/entitlements~~~MKyo2a' '--generate-entitlement-der' '--strip-disallowed-xattrs' '--preserve-metadata=identifier,flags,runtime' '/var/folders/c1/scr8lqss6bz1rlk85myhm_jc0000gn/T/XcodeDistPipeline.~~~WsWTzJ/Root/Payload/CERQEL.app/Frameworks/SwiftyJSON.framework'
2025-01-23 10:03:08 +0000  /var/folders/c1/scr8lqss6bz1rlk85myhm_jc0000gn/T/XcodeDistPipeline.~~~WsWTzJ/Root/Payload/CERQEL.app/Frameworks/SwiftyJSON.framework: replacing existing signature
2025-01-23 10:03:08 +0000  /var/folders/c1/scr8lqss6bz1rlk85myhm_jc0000gn/T/XcodeDistPipeline.~~~WsWTzJ/Root/Payload/CERQEL.app/Frameworks/SwiftyJSON.framework: signed bundle with Mach-O thin (arm64) [org.cocoapods.SwiftyJSON]
2025-01-23 10:03:08 +0000  /usr/bin/codesign exited with 0
2025-01-23 10:03:08 +0000  Entitlements for <IDEDistributionItem: 0x6000f81f3300; bundleID='org.cocoapods.TOCropViewController', path='<DVTFilePath:0x60007cbfbe00:'/Users/ahmedmaher/Library/Developer/Xcode/Archives/2025-01-23/CERQEL_TST 23-01-2025, 11.53 AM.xcarchive/Products/Applications/CERQEL.app/Frameworks/TOCropViewController.framework'>', codeSigningInfo='<_DVTCodeSigningInformation_Path: 0x60010c55bac0; isSigned='1', isAdHocSigned='0', signingCertificate='<DVTSigningCertificate: 0x600059e16f40; name='Apple Development: Ahmed Maher (N5M5QPPB69)', hash='FC4EF9E1EDFAE25151A1E6A8911A084FC1B246BC', serialNumber='6AFACB33A60CA473FDD90B5286798487', certificateKinds='(
    "1.2.840.113635.100.6.1.12",
    "1.2.840.113635.100.6.1.2"
), issueDate='2025-01-16 09:51:48 +0000''>', entitlements='(null)', teamID='2536D9AR8F', identifier='org.cocoapods.TOCropViewController', executablePath='<DVTFilePath:0x600100fe2a00:'/Users/ahmedmaher/Library/Developer/Xcode/Archives/2025-01-23/CERQEL_TST 23-01-2025, 11.53 AM.xcarchive/Products/Applications/CERQEL.app/Frameworks/TOCropViewController.framework/TOCropViewController'>', hardenedRuntime='0'>'>: {
}
2025-01-23 10:03:08 +0000  Associated App Clip Identifiers Filter: Skipping because "com.apple.developer.associated-appclip-app-identifiers" is not present
2025-01-23 10:03:08 +0000  Entitlements for <IDEDistributionItem: 0x6000f81f3300; bundleID='org.cocoapods.TOCropViewController', path='<DVTFilePath:0x60007cbfbe00:'/Users/ahmedmaher/Library/Developer/Xcode/Archives/2025-01-23/CERQEL_TST 23-01-2025, 11.53 AM.xcarchive/Products/Applications/CERQEL.app/Frameworks/TOCropViewController.framework'>', codeSigningInfo='<_DVTCodeSigningInformation_Path: 0x60010c55bac0; isSigned='1', isAdHocSigned='0', signingCertificate='<DVTSigningCertificate: 0x600059e14f00; name='Apple Development: Ahmed Maher (N5M5QPPB69)', hash='FC4EF9E1EDFAE25151A1E6A8911A084FC1B246BC', serialNumber='6AFACB33A60CA473FDD90B5286798487', certificateKinds='(
    "1.2.840.113635.100.6.1.12",
    "1.2.840.113635.100.6.1.2"
), issueDate='2025-01-16 09:51:48 +0000''>', entitlements='(null)', teamID='2536D9AR8F', identifier='org.cocoapods.TOCropViewController', executablePath='<DVTFilePath:0x600100fe2a00:'/Users/ahmedmaher/Library/Developer/Xcode/Archives/2025-01-23/CERQEL_TST 23-01-2025, 11.53 AM.xcarchive/Products/Applications/CERQEL.app/Frameworks/TOCropViewController.framework/TOCropViewController'>', hardenedRuntime='0'>'> are: {
}
2025-01-23 10:03:08 +0000  Writing entitlements for <IDEDistributionItem: 0x6000f81f3300; bundleID='org.cocoapods.TOCropViewController', path='<DVTFilePath:0x60007cbfbe00:'/Users/ahmedmaher/Library/Developer/Xcode/Archives/2025-01-23/CERQEL_TST 23-01-2025, 11.53 AM.xcarchive/Products/Applications/CERQEL.app/Frameworks/TOCropViewController.framework'>', codeSigningInfo='<_DVTCodeSigningInformation_Path: 0x60010c55bac0; isSigned='1', isAdHocSigned='0', signingCertificate='<DVTSigningCertificate: 0x600059e14900; name='Apple Development: Ahmed Maher (N5M5QPPB69)', hash='FC4EF9E1EDFAE25151A1E6A8911A084FC1B246BC', serialNumber='6AFACB33A60CA473FDD90B5286798487', certificateKinds='(
    "1.2.840.113635.100.6.1.12",
    "1.2.840.113635.100.6.1.2"
), issueDate='2025-01-16 09:51:48 +0000''>', entitlements='(null)', teamID='2536D9AR8F', identifier='org.cocoapods.TOCropViewController', executablePath='<DVTFilePath:0x600100fe2a00:'/Users/ahmedmaher/Library/Developer/Xcode/Archives/2025-01-23/CERQEL_TST 23-01-2025, 11.53 AM.xcarchive/Products/Applications/CERQEL.app/Frameworks/TOCropViewController.framework/TOCropViewController'>', hardenedRuntime='0'>'> to: /var/folders/c1/scr8lqss6bz1rlk85myhm_jc0000gn/T/XcodeDistPipeline.~~~WsWTzJ/entitlements~~~ZL7iUi
2025-01-23 10:03:08 +0000  Running /usr/bin/codesign '-vvv' '--force' '--sign' 'B74E043AB25CE9CDA63E6A99C27C04D4656978A2' '--entitlements' '/var/folders/c1/scr8lqss6bz1rlk85myhm_jc0000gn/T/XcodeDistPipeline.~~~WsWTzJ/entitlements~~~ZL7iUi' '--generate-entitlement-der' '--strip-disallowed-xattrs' '--preserve-metadata=identifier,flags,runtime' '/var/folders/c1/scr8lqss6bz1rlk85myhm_jc0000gn/T/XcodeDistPipeline.~~~WsWTzJ/Root/Payload/CERQEL.app/Frameworks/TOCropViewController.framework'
2025-01-23 10:03:08 +0000  /var/folders/c1/scr8lqss6bz1rlk85myhm_jc0000gn/T/XcodeDistPipeline.~~~WsWTzJ/Root/Payload/CERQEL.app/Frameworks/TOCropViewController.framework: replacing existing signature
2025-01-23 10:03:08 +0000  /var/folders/c1/scr8lqss6bz1rlk85myhm_jc0000gn/T/XcodeDistPipeline.~~~WsWTzJ/Root/Payload/CERQEL.app/Frameworks/TOCropViewController.framework: signed bundle with Mach-O thin (arm64) [org.cocoapods.TOCropViewController]
2025-01-23 10:03:08 +0000  /usr/bin/codesign exited with 0
2025-01-23 10:03:08 +0000  Entitlements for <IDEDistributionItem: 0x6000f8e0c420; bundleID='org.cocoapods.TagListView', path='<DVTFilePath:0x60012cda6f40:'/Users/ahmedmaher/Library/Developer/Xcode/Archives/2025-01-23/CERQEL_TST 23-01-2025, 11.53 AM.xcarchive/Products/Applications/CERQEL.app/Frameworks/TagListView.framework'>', codeSigningInfo='<_DVTCodeSigningInformation_Path: 0x6000d830af80; isSigned='1', isAdHocSigned='0', signingCertificate='<DVTSigningCertificate: 0x6000991b9680; name='Apple Development: Ahmed Maher (N5M5QPPB69)', hash='FC4EF9E1EDFAE25151A1E6A8911A084FC1B246BC', serialNumber='6AFACB33A60CA473FDD90B5286798487', certificateKinds='(
    "1.2.840.113635.100.6.1.12",
    "1.2.840.113635.100.6.1.2"
), issueDate='2025-01-16 09:51:48 +0000''>', entitlements='(null)', teamID='2536D9AR8F', identifier='org.cocoapods.TagListView', executablePath='<DVTFilePath:0x600248c83b80:'/Users/ahmedmaher/Library/Developer/Xcode/Archives/2025-01-23/CERQEL_TST 23-01-2025, 11.53 AM.xcarchive/Products/Applications/CERQEL.app/Frameworks/TagListView.framework/TagListView'>', hardenedRuntime='0'>'>: {
}
2025-01-23 10:03:08 +0000  Associated App Clip Identifiers Filter: Skipping because "com.apple.developer.associated-appclip-app-identifiers" is not present
2025-01-23 10:03:08 +0000  Entitlements for <IDEDistributionItem: 0x6000f8e0c420; bundleID='org.cocoapods.TagListView', path='<DVTFilePath:0x60012cda6f40:'/Users/ahmedmaher/Library/Developer/Xcode/Archives/2025-01-23/CERQEL_TST 23-01-2025, 11.53 AM.xcarchive/Products/Applications/CERQEL.app/Frameworks/TagListView.framework'>', codeSigningInfo='<_DVTCodeSigningInformation_Path: 0x6000d830af80; isSigned='1', isAdHocSigned='0', signingCertificate='<DVTSigningCertificate: 0x600059e16f40; name='Apple Development: Ahmed Maher (N5M5QPPB69)', hash='FC4EF9E1EDFAE25151A1E6A8911A084FC1B246BC', serialNumber='6AFACB33A60CA473FDD90B5286798487', certificateKinds='(
    "1.2.840.113635.100.6.1.12",
    "1.2.840.113635.100.6.1.2"
), issueDate='2025-01-16 09:51:48 +0000''>', entitlements='(null)', teamID='2536D9AR8F', identifier='org.cocoapods.TagListView', executablePath='<DVTFilePath:0x600248c83b80:'/Users/ahmedmaher/Library/Developer/Xcode/Archives/2025-01-23/CERQEL_TST 23-01-2025, 11.53 AM.xcarchive/Products/Applications/CERQEL.app/Frameworks/TagListView.framework/TagListView'>', hardenedRuntime='0'>'> are: {
}
2025-01-23 10:03:08 +0000  Writing entitlements for <IDEDistributionItem: 0x6000f8e0c420; bundleID='org.cocoapods.TagListView', path='<DVTFilePath:0x60012cda6f40:'/Users/ahmedmaher/Library/Developer/Xcode/Archives/2025-01-23/CERQEL_TST 23-01-2025, 11.53 AM.xcarchive/Products/Applications/CERQEL.app/Frameworks/TagListView.framework'>', codeSigningInfo='<_DVTCodeSigningInformation_Path: 0x6000d830af80; isSigned='1', isAdHocSigned='0', signingCertificate='<DVTSigningCertificate: 0x6000991b8180; name='Apple Development: Ahmed Maher (N5M5QPPB69)', hash='FC4EF9E1EDFAE25151A1E6A8911A084FC1B246BC', serialNumber='6AFACB33A60CA473FDD90B5286798487', certificateKinds='(
    "1.2.840.113635.100.6.1.12",
    "1.2.840.113635.100.6.1.2"
), issueDate='2025-01-16 09:51:48 +0000''>', entitlements='(null)', teamID='2536D9AR8F', identifier='org.cocoapods.TagListView', executablePath='<DVTFilePath:0x600248c83b80:'/Users/ahmedmaher/Library/Developer/Xcode/Archives/2025-01-23/CERQEL_TST 23-01-2025, 11.53 AM.xcarchive/Products/Applications/CERQEL.app/Frameworks/TagListView.framework/TagListView'>', hardenedRuntime='0'>'> to: /var/folders/c1/scr8lqss6bz1rlk85myhm_jc0000gn/T/XcodeDistPipeline.~~~WsWTzJ/entitlements~~~k91laE
2025-01-23 10:03:08 +0000  Running /usr/bin/codesign '-vvv' '--force' '--sign' 'B74E043AB25CE9CDA63E6A99C27C04D4656978A2' '--entitlements' '/var/folders/c1/scr8lqss6bz1rlk85myhm_jc0000gn/T/XcodeDistPipeline.~~~WsWTzJ/entitlements~~~k91laE' '--generate-entitlement-der' '--strip-disallowed-xattrs' '--preserve-metadata=identifier,flags,runtime' '/var/folders/c1/scr8lqss6bz1rlk85myhm_jc0000gn/T/XcodeDistPipeline.~~~WsWTzJ/Root/Payload/CERQEL.app/Frameworks/TagListView.framework'
2025-01-23 10:03:08 +0000  /var/folders/c1/scr8lqss6bz1rlk85myhm_jc0000gn/T/XcodeDistPipeline.~~~WsWTzJ/Root/Payload/CERQEL.app/Frameworks/TagListView.framework: replacing existing signature
2025-01-23 10:03:08 +0000  /var/folders/c1/scr8lqss6bz1rlk85myhm_jc0000gn/T/XcodeDistPipeline.~~~WsWTzJ/Root/Payload/CERQEL.app/Frameworks/TagListView.framework: signed bundle with Mach-O thin (arm64) [org.cocoapods.TagListView]
2025-01-23 10:03:08 +0000  /usr/bin/codesign exited with 0
2025-01-23 10:03:08 +0000  Entitlements for <IDEDistributionItem: 0x6000f8e0c060; bundleID='org.cocoapods.Toast-Swift', path='<DVTFilePath:0x600100f8ddc0:'/Users/ahmedmaher/Library/Developer/Xcode/Archives/2025-01-23/CERQEL_TST 23-01-2025, 11.53 AM.xcarchive/Products/Applications/CERQEL.app/Frameworks/Toast_Swift.framework'>', codeSigningInfo='<_DVTCodeSigningInformation_Path: 0x6000f845e1c0; isSigned='1', isAdHocSigned='0', signingCertificate='<DVTSigningCertificate: 0x600059e16f40; name='Apple Development: Ahmed Maher (N5M5QPPB69)', hash='FC4EF9E1EDFAE25151A1E6A8911A084FC1B246BC', serialNumber='6AFACB33A60CA473FDD90B5286798487', certificateKinds='(
    "1.2.840.113635.100.6.1.12",
    "1.2.840.113635.100.6.1.2"
), issueDate='2025-01-16 09:51:48 +0000''>', entitlements='(null)', teamID='2536D9AR8F', identifier='org.cocoapods.Toast-Swift', executablePath='<DVTFilePath:0x60012ccc8cb0:'/Users/ahmedmaher/Library/Developer/Xcode/Archives/2025-01-23/CERQEL_TST 23-01-2025, 11.53 AM.xcarchive/Products/Applications/CERQEL.app/Frameworks/Toast_Swift.framework/Toast_Swift'>', hardenedRuntime='0'>'>: {
}
2025-01-23 10:03:08 +0000  Associated App Clip Identifiers Filter: Skipping because "com.apple.developer.associated-appclip-app-identifiers" is not present
2025-01-23 10:03:08 +0000  Entitlements for <IDEDistributionItem: 0x6000f8e0c060; bundleID='org.cocoapods.Toast-Swift', path='<DVTFilePath:0x600100f8ddc0:'/Users/ahmedmaher/Library/Developer/Xcode/Archives/2025-01-23/CERQEL_TST 23-01-2025, 11.53 AM.xcarchive/Products/Applications/CERQEL.app/Frameworks/Toast_Swift.framework'>', codeSigningInfo='<_DVTCodeSigningInformation_Path: 0x6000f845e1c0; isSigned='1', isAdHocSigned='0', signingCertificate='<DVTSigningCertificate: 0x600059e14f00; name='Apple Development: Ahmed Maher (N5M5QPPB69)', hash='FC4EF9E1EDFAE25151A1E6A8911A084FC1B246BC', serialNumber='6AFACB33A60CA473FDD90B5286798487', certificateKinds='(
    "1.2.840.113635.100.6.1.12",
    "1.2.840.113635.100.6.1.2"
), issueDate='2025-01-16 09:51:48 +0000''>', entitlements='(null)', teamID='2536D9AR8F', identifier='org.cocoapods.Toast-Swift', executablePath='<DVTFilePath:0x60012ccc8cb0:'/Users/ahmedmaher/Library/Developer/Xcode/Archives/2025-01-23/CERQEL_TST 23-01-2025, 11.53 AM.xcarchive/Products/Applications/CERQEL.app/Frameworks/Toast_Swift.framework/Toast_Swift'>', hardenedRuntime='0'>'> are: {
}
2025-01-23 10:03:08 +0000  Writing entitlements for <IDEDistributionItem: 0x6000f8e0c060; bundleID='org.cocoapods.Toast-Swift', path='<DVTFilePath:0x600100f8ddc0:'/Users/ahmedmaher/Library/Developer/Xcode/Archives/2025-01-23/CERQEL_TST 23-01-2025, 11.53 AM.xcarchive/Products/Applications/CERQEL.app/Frameworks/Toast_Swift.framework'>', codeSigningInfo='<_DVTCodeSigningInformation_Path: 0x6000f845e1c0; isSigned='1', isAdHocSigned='0', signingCertificate='<DVTSigningCertificate: 0x6000991b9680; name='Apple Development: Ahmed Maher (N5M5QPPB69)', hash='FC4EF9E1EDFAE25151A1E6A8911A084FC1B246BC', serialNumber='6AFACB33A60CA473FDD90B5286798487', certificateKinds='(
    "1.2.840.113635.100.6.1.12",
    "1.2.840.113635.100.6.1.2"
), issueDate='2025-01-16 09:51:48 +0000''>', entitlements='(null)', teamID='2536D9AR8F', identifier='org.cocoapods.Toast-Swift', executablePath='<DVTFilePath:0x60012ccc8cb0:'/Users/ahmedmaher/Library/Developer/Xcode/Archives/2025-01-23/CERQEL_TST 23-01-2025, 11.53 AM.xcarchive/Products/Applications/CERQEL.app/Frameworks/Toast_Swift.framework/Toast_Swift'>', hardenedRuntime='0'>'> to: /var/folders/c1/scr8lqss6bz1rlk85myhm_jc0000gn/T/XcodeDistPipeline.~~~WsWTzJ/entitlements~~~n19oR5
2025-01-23 10:03:08 +0000  Running /usr/bin/codesign '-vvv' '--force' '--sign' 'B74E043AB25CE9CDA63E6A99C27C04D4656978A2' '--entitlements' '/var/folders/c1/scr8lqss6bz1rlk85myhm_jc0000gn/T/XcodeDistPipeline.~~~WsWTzJ/entitlements~~~n19oR5' '--generate-entitlement-der' '--strip-disallowed-xattrs' '--preserve-metadata=identifier,flags,runtime' '/var/folders/c1/scr8lqss6bz1rlk85myhm_jc0000gn/T/XcodeDistPipeline.~~~WsWTzJ/Root/Payload/CERQEL.app/Frameworks/Toast_Swift.framework'
2025-01-23 10:03:08 +0000  /var/folders/c1/scr8lqss6bz1rlk85myhm_jc0000gn/T/XcodeDistPipeline.~~~WsWTzJ/Root/Payload/CERQEL.app/Frameworks/Toast_Swift.framework: replacing existing signature
2025-01-23 10:03:08 +0000  /var/folders/c1/scr8lqss6bz1rlk85myhm_jc0000gn/T/XcodeDistPipeline.~~~WsWTzJ/Root/Payload/CERQEL.app/Frameworks/Toast_Swift.framework: signed bundle with Mach-O thin (arm64) [org.cocoapods.Toast-Swift]
2025-01-23 10:03:08 +0000  /usr/bin/codesign exited with 0
2025-01-23 10:03:08 +0000  Entitlements for <IDEDistributionItem: 0x6001fc0b7540; bundleID='org.cocoapods.TransitionButton', path='<DVTFilePath:0x600254be3100:'/Users/ahmedmaher/Library/Developer/Xcode/Archives/2025-01-23/CERQEL_TST 23-01-2025, 11.53 AM.xcarchive/Products/Applications/CERQEL.app/Frameworks/TransitionButton.framework'>', codeSigningInfo='<_DVTCodeSigningInformation_Path: 0x60010c5384b0; isSigned='1', isAdHocSigned='0', signingCertificate='<DVTSigningCertificate: 0x6000991b9680; name='Apple Development: Ahmed Maher (N5M5QPPB69)', hash='FC4EF9E1EDFAE25151A1E6A8911A084FC1B246BC', serialNumber='6AFACB33A60CA473FDD90B5286798487', certificateKinds='(
    "1.2.840.113635.100.6.1.12",
    "1.2.840.113635.100.6.1.2"
), issueDate='2025-01-16 09:51:48 +0000''>', entitlements='(null)', teamID='2536D9AR8F', identifier='org.cocoapods.TransitionButton', executablePath='<DVTFilePath:0x600100fc8000:'/Users/ahmedmaher/Library/Developer/Xcode/Archives/2025-01-23/CERQEL_TST 23-01-2025, 11.53 AM.xcarchive/Products/Applications/CERQEL.app/Frameworks/TransitionButton.framework/TransitionButton'>', hardenedRuntime='0'>'>: {
}
2025-01-23 10:03:08 +0000  Associated App Clip Identifiers Filter: Skipping because "com.apple.developer.associated-appclip-app-identifiers" is not present
2025-01-23 10:03:08 +0000  Entitlements for <IDEDistributionItem: 0x6001fc0b7540; bundleID='org.cocoapods.TransitionButton', path='<DVTFilePath:0x600254be3100:'/Users/ahmedmaher/Library/Developer/Xcode/Archives/2025-01-23/CERQEL_TST 23-01-2025, 11.53 AM.xcarchive/Products/Applications/CERQEL.app/Frameworks/TransitionButton.framework'>', codeSigningInfo='<_DVTCodeSigningInformation_Path: 0x60010c5384b0; isSigned='1', isAdHocSigned='0', signingCertificate='<DVTSigningCertificate: 0x6000991b8180; name='Apple Development: Ahmed Maher (N5M5QPPB69)', hash='FC4EF9E1EDFAE25151A1E6A8911A084FC1B246BC', serialNumber='6AFACB33A60CA473FDD90B5286798487', certificateKinds='(
    "1.2.840.113635.100.6.1.12",
    "1.2.840.113635.100.6.1.2"
), issueDate='2025-01-16 09:51:48 +0000''>', entitlements='(null)', teamID='2536D9AR8F', identifier='org.cocoapods.TransitionButton', executablePath='<DVTFilePath:0x600100fc8000:'/Users/ahmedmaher/Library/Developer/Xcode/Archives/2025-01-23/CERQEL_TST 23-01-2025, 11.53 AM.xcarchive/Products/Applications/CERQEL.app/Frameworks/TransitionButton.framework/TransitionButton'>', hardenedRuntime='0'>'> are: {
}
2025-01-23 10:03:08 +0000  Writing entitlements for <IDEDistributionItem: 0x6001fc0b7540; bundleID='org.cocoapods.TransitionButton', path='<DVTFilePath:0x600254be3100:'/Users/ahmedmaher/Library/Developer/Xcode/Archives/2025-01-23/CERQEL_TST 23-01-2025, 11.53 AM.xcarchive/Products/Applications/CERQEL.app/Frameworks/TransitionButton.framework'>', codeSigningInfo='<_DVTCodeSigningInformation_Path: 0x60010c5384b0; isSigned='1', isAdHocSigned='0', signingCertificate='<DVTSigningCertificate: 0x6000991b8e40; name='Apple Development: Ahmed Maher (N5M5QPPB69)', hash='FC4EF9E1EDFAE25151A1E6A8911A084FC1B246BC', serialNumber='6AFACB33A60CA473FDD90B5286798487', certificateKinds='(
    "1.2.840.113635.100.6.1.12",
    "1.2.840.113635.100.6.1.2"
), issueDate='2025-01-16 09:51:48 +0000''>', entitlements='(null)', teamID='2536D9AR8F', identifier='org.cocoapods.TransitionButton', executablePath='<DVTFilePath:0x600100fc8000:'/Users/ahmedmaher/Library/Developer/Xcode/Archives/2025-01-23/CERQEL_TST 23-01-2025, 11.53 AM.xcarchive/Products/Applications/CERQEL.app/Frameworks/TransitionButton.framework/TransitionButton'>', hardenedRuntime='0'>'> to: /var/folders/c1/scr8lqss6bz1rlk85myhm_jc0000gn/T/XcodeDistPipeline.~~~WsWTzJ/entitlements~~~85CodT
2025-01-23 10:03:08 +0000  Running /usr/bin/codesign '-vvv' '--force' '--sign' 'B74E043AB25CE9CDA63E6A99C27C04D4656978A2' '--entitlements' '/var/folders/c1/scr8lqss6bz1rlk85myhm_jc0000gn/T/XcodeDistPipeline.~~~WsWTzJ/entitlements~~~85CodT' '--generate-entitlement-der' '--strip-disallowed-xattrs' '--preserve-metadata=identifier,flags,runtime' '/var/folders/c1/scr8lqss6bz1rlk85myhm_jc0000gn/T/XcodeDistPipeline.~~~WsWTzJ/Root/Payload/CERQEL.app/Frameworks/TransitionButton.framework'
2025-01-23 10:03:08 +0000  /var/folders/c1/scr8lqss6bz1rlk85myhm_jc0000gn/T/XcodeDistPipeline.~~~WsWTzJ/Root/Payload/CERQEL.app/Frameworks/TransitionButton.framework: replacing existing signature
2025-01-23 10:03:08 +0000  /var/folders/c1/scr8lqss6bz1rlk85myhm_jc0000gn/T/XcodeDistPipeline.~~~WsWTzJ/Root/Payload/CERQEL.app/Frameworks/TransitionButton.framework: signed bundle with Mach-O thin (arm64) [org.cocoapods.TransitionButton]
2025-01-23 10:03:08 +0000  /usr/bin/codesign exited with 0
2025-01-23 10:03:08 +0000  Entitlements for <IDEDistributionItem: 0x6000f8e0c660; bundleID='org.cocoapods.XLPagerTabStrip', path='<DVTFilePath:0x6001a4821e00:'/Users/ahmedmaher/Library/Developer/Xcode/Archives/2025-01-23/CERQEL_TST 23-01-2025, 11.53 AM.xcarchive/Products/Applications/CERQEL.app/Frameworks/XLPagerTabStrip.framework'>', codeSigningInfo='<_DVTCodeSigningInformation_Path: 0x6000f845dbd0; isSigned='1', isAdHocSigned='0', signingCertificate='<DVTSigningCertificate: 0x6000991b9680; name='Apple Development: Ahmed Maher (N5M5QPPB69)', hash='FC4EF9E1EDFAE25151A1E6A8911A084FC1B246BC', serialNumber='6AFACB33A60CA473FDD90B5286798487', certificateKinds='(
    "1.2.840.113635.100.6.1.12",
    "1.2.840.113635.100.6.1.2"
), issueDate='2025-01-16 09:51:48 +0000''>', entitlements='(null)', teamID='2536D9AR8F', identifier='org.cocoapods.XLPagerTabStrip', executablePath='<DVTFilePath:0x600100ff7db0:'/Users/ahmedmaher/Library/Developer/Xcode/Archives/2025-01-23/CERQEL_TST 23-01-2025, 11.53 AM.xcarchive/Products/Applications/CERQEL.app/Frameworks/XLPagerTabStrip.framework/XLPagerTabStrip'>', hardenedRuntime='0'>'>: {
}
2025-01-23 10:03:08 +0000  Associated App Clip Identifiers Filter: Skipping because "com.apple.developer.associated-appclip-app-identifiers" is not present
2025-01-23 10:03:08 +0000  Entitlements for <IDEDistributionItem: 0x6000f8e0c660; bundleID='org.cocoapods.XLPagerTabStrip', path='<DVTFilePath:0x6001a4821e00:'/Users/ahmedmaher/Library/Developer/Xcode/Archives/2025-01-23/CERQEL_TST 23-01-2025, 11.53 AM.xcarchive/Products/Applications/CERQEL.app/Frameworks/XLPagerTabStrip.framework'>', codeSigningInfo='<_DVTCodeSigningInformation_Path: 0x6000f845dbd0; isSigned='1', isAdHocSigned='0', signingCertificate='<DVTSigningCertificate: 0x6000991b8180; name='Apple Development: Ahmed Maher (N5M5QPPB69)', hash='FC4EF9E1EDFAE25151A1E6A8911A084FC1B246BC', serialNumber='6AFACB33A60CA473FDD90B5286798487', certificateKinds='(
    "1.2.840.113635.100.6.1.12",
    "1.2.840.113635.100.6.1.2"
), issueDate='2025-01-16 09:51:48 +0000''>', entitlements='(null)', teamID='2536D9AR8F', identifier='org.cocoapods.XLPagerTabStrip', executablePath='<DVTFilePath:0x600100ff7db0:'/Users/ahmedmaher/Library/Developer/Xcode/Archives/2025-01-23/CERQEL_TST 23-01-2025, 11.53 AM.xcarchive/Products/Applications/CERQEL.app/Frameworks/XLPagerTabStrip.framework/XLPagerTabStrip'>', hardenedRuntime='0'>'> are: {
}
2025-01-23 10:03:08 +0000  Writing entitlements for <IDEDistributionItem: 0x6000f8e0c660; bundleID='org.cocoapods.XLPagerTabStrip', path='<DVTFilePath:0x6001a4821e00:'/Users/ahmedmaher/Library/Developer/Xcode/Archives/2025-01-23/CERQEL_TST 23-01-2025, 11.53 AM.xcarchive/Products/Applications/CERQEL.app/Frameworks/XLPagerTabStrip.framework'>', codeSigningInfo='<_DVTCodeSigningInformation_Path: 0x6000f845dbd0; isSigned='1', isAdHocSigned='0', signingCertificate='<DVTSigningCertificate: 0x6000991b8e40; name='Apple Development: Ahmed Maher (N5M5QPPB69)', hash='FC4EF9E1EDFAE25151A1E6A8911A084FC1B246BC', serialNumber='6AFACB33A60CA473FDD90B5286798487', certificateKinds='(
    "1.2.840.113635.100.6.1.12",
    "1.2.840.113635.100.6.1.2"
), issueDate='2025-01-16 09:51:48 +0000''>', entitlements='(null)', teamID='2536D9AR8F', identifier='org.cocoapods.XLPagerTabStrip', executablePath='<DVTFilePath:0x600100ff7db0:'/Users/ahmedmaher/Library/Developer/Xcode/Archives/2025-01-23/CERQEL_TST 23-01-2025, 11.53 AM.xcarchive/Products/Applications/CERQEL.app/Frameworks/XLPagerTabStrip.framework/XLPagerTabStrip'>', hardenedRuntime='0'>'> to: /var/folders/c1/scr8lqss6bz1rlk85myhm_jc0000gn/T/XcodeDistPipeline.~~~WsWTzJ/entitlements~~~aqoSSI
2025-01-23 10:03:08 +0000  Running /usr/bin/codesign '-vvv' '--force' '--sign' 'B74E043AB25CE9CDA63E6A99C27C04D4656978A2' '--entitlements' '/var/folders/c1/scr8lqss6bz1rlk85myhm_jc0000gn/T/XcodeDistPipeline.~~~WsWTzJ/entitlements~~~aqoSSI' '--generate-entitlement-der' '--strip-disallowed-xattrs' '--preserve-metadata=identifier,flags,runtime' '/var/folders/c1/scr8lqss6bz1rlk85myhm_jc0000gn/T/XcodeDistPipeline.~~~WsWTzJ/Root/Payload/CERQEL.app/Frameworks/XLPagerTabStrip.framework'
2025-01-23 10:03:08 +0000  /var/folders/c1/scr8lqss6bz1rlk85myhm_jc0000gn/T/XcodeDistPipeline.~~~WsWTzJ/Root/Payload/CERQEL.app/Frameworks/XLPagerTabStrip.framework: replacing existing signature
2025-01-23 10:03:08 +0000  /var/folders/c1/scr8lqss6bz1rlk85myhm_jc0000gn/T/XcodeDistPipeline.~~~WsWTzJ/Root/Payload/CERQEL.app/Frameworks/XLPagerTabStrip.framework: signed bundle with Mach-O thin (arm64) [org.cocoapods.XLPagerTabStrip]
2025-01-23 10:03:08 +0000  /usr/bin/codesign exited with 0
2025-01-23 10:03:08 +0000  Entitlements for <IDEDistributionItem: 0x6000f8e17360; bundleID='org.cocoapods.YPImagePicker', path='<DVTFilePath:0x600248d46ed0:'/Users/ahmedmaher/Library/Developer/Xcode/Archives/2025-01-23/CERQEL_TST 23-01-2025, 11.53 AM.xcarchive/Products/Applications/CERQEL.app/Frameworks/YPImagePicker.framework'>', codeSigningInfo='<_DVTCodeSigningInformation_Path: 0x60010c55b9d0; isSigned='1', isAdHocSigned='0', signingCertificate='<DVTSigningCertificate: 0x600059e17b40; name='Apple Development: Ahmed Maher (N5M5QPPB69)', hash='FC4EF9E1EDFAE25151A1E6A8911A084FC1B246BC', serialNumber='6AFACB33A60CA473FDD90B5286798487', certificateKinds='(
    "1.2.840.113635.100.6.1.12",
    "1.2.840.113635.100.6.1.2"
), issueDate='2025-01-16 09:51:48 +0000''>', entitlements='(null)', teamID='2536D9AR8F', identifier='org.cocoapods.YPImagePicker', executablePath='<DVTFilePath:0x60012ccc13b0:'/Users/ahmedmaher/Library/Developer/Xcode/Archives/2025-01-23/CERQEL_TST 23-01-2025, 11.53 AM.xcarchive/Products/Applications/CERQEL.app/Frameworks/YPImagePicker.framework/YPImagePicker'>', hardenedRuntime='0'>'>: {
}
2025-01-23 10:03:08 +0000  Associated App Clip Identifiers Filter: Skipping because "com.apple.developer.associated-appclip-app-identifiers" is not present
2025-01-23 10:03:08 +0000  Entitlements for <IDEDistributionItem: 0x6000f8e17360; bundleID='org.cocoapods.YPImagePicker', path='<DVTFilePath:0x600248d46ed0:'/Users/ahmedmaher/Library/Developer/Xcode/Archives/2025-01-23/CERQEL_TST 23-01-2025, 11.53 AM.xcarchive/Products/Applications/CERQEL.app/Frameworks/YPImagePicker.framework'>', codeSigningInfo='<_DVTCodeSigningInformation_Path: 0x60010c55b9d0; isSigned='1', isAdHocSigned='0', signingCertificate='<DVTSigningCertificate: 0x6000991b9680; name='Apple Development: Ahmed Maher (N5M5QPPB69)', hash='FC4EF9E1EDFAE25151A1E6A8911A084FC1B246BC', serialNumber='6AFACB33A60CA473FDD90B5286798487', certificateKinds='(
    "1.2.840.113635.100.6.1.12",
    "1.2.840.113635.100.6.1.2"
), issueDate='2025-01-16 09:51:48 +0000''>', entitlements='(null)', teamID='2536D9AR8F', identifier='org.cocoapods.YPImagePicker', executablePath='<DVTFilePath:0x60012ccc13b0:'/Users/ahmedmaher/Library/Developer/Xcode/Archives/2025-01-23/CERQEL_TST 23-01-2025, 11.53 AM.xcarchive/Products/Applications/CERQEL.app/Frameworks/YPImagePicker.framework/YPImagePicker'>', hardenedRuntime='0'>'> are: {
}
2025-01-23 10:03:08 +0000  Writing entitlements for <IDEDistributionItem: 0x6000f8e17360; bundleID='org.cocoapods.YPImagePicker', path='<DVTFilePath:0x600248d46ed0:'/Users/ahmedmaher/Library/Developer/Xcode/Archives/2025-01-23/CERQEL_TST 23-01-2025, 11.53 AM.xcarchive/Products/Applications/CERQEL.app/Frameworks/YPImagePicker.framework'>', codeSigningInfo='<_DVTCodeSigningInformation_Path: 0x60010c55b9d0; isSigned='1', isAdHocSigned='0', signingCertificate='<DVTSigningCertificate: 0x6000991b8180; name='Apple Development: Ahmed Maher (N5M5QPPB69)', hash='FC4EF9E1EDFAE25151A1E6A8911A084FC1B246BC', serialNumber='6AFACB33A60CA473FDD90B5286798487', certificateKinds='(
    "1.2.840.113635.100.6.1.12",
    "1.2.840.113635.100.6.1.2"
), issueDate='2025-01-16 09:51:48 +0000''>', entitlements='(null)', teamID='2536D9AR8F', identifier='org.cocoapods.YPImagePicker', executablePath='<DVTFilePath:0x60012ccc13b0:'/Users/ahmedmaher/Library/Developer/Xcode/Archives/2025-01-23/CERQEL_TST 23-01-2025, 11.53 AM.xcarchive/Products/Applications/CERQEL.app/Frameworks/YPImagePicker.framework/YPImagePicker'>', hardenedRuntime='0'>'> to: /var/folders/c1/scr8lqss6bz1rlk85myhm_jc0000gn/T/XcodeDistPipeline.~~~WsWTzJ/entitlements~~~knsjh2
2025-01-23 10:03:08 +0000  Running /usr/bin/codesign '-vvv' '--force' '--sign' 'B74E043AB25CE9CDA63E6A99C27C04D4656978A2' '--entitlements' '/var/folders/c1/scr8lqss6bz1rlk85myhm_jc0000gn/T/XcodeDistPipeline.~~~WsWTzJ/entitlements~~~knsjh2' '--generate-entitlement-der' '--strip-disallowed-xattrs' '--preserve-metadata=identifier,flags,runtime' '/var/folders/c1/scr8lqss6bz1rlk85myhm_jc0000gn/T/XcodeDistPipeline.~~~WsWTzJ/Root/Payload/CERQEL.app/Frameworks/YPImagePicker.framework'
2025-01-23 10:03:08 +0000  /var/folders/c1/scr8lqss6bz1rlk85myhm_jc0000gn/T/XcodeDistPipeline.~~~WsWTzJ/Root/Payload/CERQEL.app/Frameworks/YPImagePicker.framework: replacing existing signature
2025-01-23 10:03:08 +0000  /var/folders/c1/scr8lqss6bz1rlk85myhm_jc0000gn/T/XcodeDistPipeline.~~~WsWTzJ/Root/Payload/CERQEL.app/Frameworks/YPImagePicker.framework: signed bundle with Mach-O thin (arm64) [org.cocoapods.YPImagePicker]
2025-01-23 10:03:08 +0000  /usr/bin/codesign exited with 0
2025-01-23 10:03:08 +0000  Entitlements for <IDEDistributionItem: 0x6000f8e14ea0; bundleID='org.cocoapods.absl', path='<DVTFilePath:0x600080fb4f50:'/Users/ahmedmaher/Library/Developer/Xcode/Archives/2025-01-23/CERQEL_TST 23-01-2025, 11.53 AM.xcarchive/Products/Applications/CERQEL.app/Frameworks/absl.framework'>', codeSigningInfo='<_DVTCodeSigningInformation_Path: 0x6000d8300230; isSigned='1', isAdHocSigned='0', signingCertificate='<DVTSigningCertificate: 0x600059e17b40; name='Apple Development: Ahmed Maher (N5M5QPPB69)', hash='FC4EF9E1EDFAE25151A1E6A8911A084FC1B246BC', serialNumber='6AFACB33A60CA473FDD90B5286798487', certificateKinds='(
    "1.2.840.113635.100.6.1.12",
    "1.2.840.113635.100.6.1.2"
), issueDate='2025-01-16 09:51:48 +0000''>', entitlements='(null)', teamID='2536D9AR8F', identifier='org.cocoapods.absl', executablePath='<DVTFilePath:0x6001fc0e83c0:'/Users/ahmedmaher/Library/Developer/Xcode/Archives/2025-01-23/CERQEL_TST 23-01-2025, 11.53 AM.xcarchive/Products/Applications/CERQEL.app/Frameworks/absl.framework/absl'>', hardenedRuntime='0'>'>: {
}
2025-01-23 10:03:08 +0000  Associated App Clip Identifiers Filter: Skipping because "com.apple.developer.associated-appclip-app-identifiers" is not present
2025-01-23 10:03:08 +0000  Entitlements for <IDEDistributionItem: 0x6000f8e14ea0; bundleID='org.cocoapods.absl', path='<DVTFilePath:0x600080fb4f50:'/Users/ahmedmaher/Library/Developer/Xcode/Archives/2025-01-23/CERQEL_TST 23-01-2025, 11.53 AM.xcarchive/Products/Applications/CERQEL.app/Frameworks/absl.framework'>', codeSigningInfo='<_DVTCodeSigningInformation_Path: 0x6000d8300230; isSigned='1', isAdHocSigned='0', signingCertificate='<DVTSigningCertificate: 0x600059e14f00; name='Apple Development: Ahmed Maher (N5M5QPPB69)', hash='FC4EF9E1EDFAE25151A1E6A8911A084FC1B246BC', serialNumber='6AFACB33A60CA473FDD90B5286798487', certificateKinds='(
    "1.2.840.113635.100.6.1.12",
    "1.2.840.113635.100.6.1.2"
), issueDate='2025-01-16 09:51:48 +0000''>', entitlements='(null)', teamID='2536D9AR8F', identifier='org.cocoapods.absl', executablePath='<DVTFilePath:0x6001fc0e83c0:'/Users/ahmedmaher/Library/Developer/Xcode/Archives/2025-01-23/CERQEL_TST 23-01-2025, 11.53 AM.xcarchive/Products/Applications/CERQEL.app/Frameworks/absl.framework/absl'>', hardenedRuntime='0'>'> are: {
}
2025-01-23 10:03:08 +0000  Writing entitlements for <IDEDistributionItem: 0x6000f8e14ea0; bundleID='org.cocoapods.absl', path='<DVTFilePath:0x600080fb4f50:'/Users/ahmedmaher/Library/Developer/Xcode/Archives/2025-01-23/CERQEL_TST 23-01-2025, 11.53 AM.xcarchive/Products/Applications/CERQEL.app/Frameworks/absl.framework'>', codeSigningInfo='<_DVTCodeSigningInformation_Path: 0x6000d8300230; isSigned='1', isAdHocSigned='0', signingCertificate='<DVTSigningCertificate: 0x600059e14900; name='Apple Development: Ahmed Maher (N5M5QPPB69)', hash='FC4EF9E1EDFAE25151A1E6A8911A084FC1B246BC', serialNumber='6AFACB33A60CA473FDD90B5286798487', certificateKinds='(
    "1.2.840.113635.100.6.1.12",
    "1.2.840.113635.100.6.1.2"
), issueDate='2025-01-16 09:51:48 +0000''>', entitlements='(null)', teamID='2536D9AR8F', identifier='org.cocoapods.absl', executablePath='<DVTFilePath:0x6001fc0e83c0:'/Users/ahmedmaher/Library/Developer/Xcode/Archives/2025-01-23/CERQEL_TST 23-01-2025, 11.53 AM.xcarchive/Products/Applications/CERQEL.app/Frameworks/absl.framework/absl'>', hardenedRuntime='0'>'> to: /var/folders/c1/scr8lqss6bz1rlk85myhm_jc0000gn/T/XcodeDistPipeline.~~~WsWTzJ/entitlements~~~QF0BLV
2025-01-23 10:03:08 +0000  Running /usr/bin/codesign '-vvv' '--force' '--sign' 'B74E043AB25CE9CDA63E6A99C27C04D4656978A2' '--entitlements' '/var/folders/c1/scr8lqss6bz1rlk85myhm_jc0000gn/T/XcodeDistPipeline.~~~WsWTzJ/entitlements~~~QF0BLV' '--generate-entitlement-der' '--strip-disallowed-xattrs' '--preserve-metadata=identifier,flags,runtime' '/var/folders/c1/scr8lqss6bz1rlk85myhm_jc0000gn/T/XcodeDistPipeline.~~~WsWTzJ/Root/Payload/CERQEL.app/Frameworks/absl.framework'
2025-01-23 10:03:09 +0000  /var/folders/c1/scr8lqss6bz1rlk85myhm_jc0000gn/T/XcodeDistPipeline.~~~WsWTzJ/Root/Payload/CERQEL.app/Frameworks/absl.framework: replacing existing signature
2025-01-23 10:03:09 +0000  /var/folders/c1/scr8lqss6bz1rlk85myhm_jc0000gn/T/XcodeDistPipeline.~~~WsWTzJ/Root/Payload/CERQEL.app/Frameworks/absl.framework: signed bundle with Mach-O thin (arm64) [org.cocoapods.absl]
2025-01-23 10:03:09 +0000  /usr/bin/codesign exited with 0
2025-01-23 10:03:09 +0000  Entitlements for <IDEDistributionItem: 0x6000f8e0d680; bundleID='org.cocoapods.grpc', path='<DVTFilePath:0x600248d43100:'/Users/ahmedmaher/Library/Developer/Xcode/Archives/2025-01-23/CERQEL_TST 23-01-2025, 11.53 AM.xcarchive/Products/Applications/CERQEL.app/Frameworks/grpc.framework'>', codeSigningInfo='<_DVTCodeSigningInformation_Path: 0x60010c541fe0; isSigned='1', isAdHocSigned='0', signingCertificate='<DVTSigningCertificate: 0x6000991b86c0; name='Apple Development: Ahmed Maher (N5M5QPPB69)', hash='FC4EF9E1EDFAE25151A1E6A8911A084FC1B246BC', serialNumber='6AFACB33A60CA473FDD90B5286798487', certificateKinds='(
    "1.2.840.113635.100.6.1.12",
    "1.2.840.113635.100.6.1.2"
), issueDate='2025-01-16 09:51:48 +0000''>', entitlements='(null)', teamID='2536D9AR8F', identifier='org.cocoapods.grpc', executablePath='<DVTFilePath:0x6000c0e26820:'/Users/ahmedmaher/Library/Developer/Xcode/Archives/2025-01-23/CERQEL_TST 23-01-2025, 11.53 AM.xcarchive/Products/Applications/CERQEL.app/Frameworks/grpc.framework/grpc'>', hardenedRuntime='0'>'>: {
}
2025-01-23 10:03:09 +0000  Associated App Clip Identifiers Filter: Skipping because "com.apple.developer.associated-appclip-app-identifiers" is not present
2025-01-23 10:03:09 +0000  Entitlements for <IDEDistributionItem: 0x6000f8e0d680; bundleID='org.cocoapods.grpc', path='<DVTFilePath:0x600248d43100:'/Users/ahmedmaher/Library/Developer/Xcode/Archives/2025-01-23/CERQEL_TST 23-01-2025, 11.53 AM.xcarchive/Products/Applications/CERQEL.app/Frameworks/grpc.framework'>', codeSigningInfo='<_DVTCodeSigningInformation_Path: 0x60010c541fe0; isSigned='1', isAdHocSigned='0', signingCertificate='<DVTSigningCertificate: 0x600059e17b40; name='Apple Development: Ahmed Maher (N5M5QPPB69)', hash='FC4EF9E1EDFAE25151A1E6A8911A084FC1B246BC', serialNumber='6AFACB33A60CA473FDD90B5286798487', certificateKinds='(
    "1.2.840.113635.100.6.1.12",
    "1.2.840.113635.100.6.1.2"
), issueDate='2025-01-16 09:51:48 +0000''>', entitlements='(null)', teamID='2536D9AR8F', identifier='org.cocoapods.grpc', executablePath='<DVTFilePath:0x6000c0e26820:'/Users/ahmedmaher/Library/Developer/Xcode/Archives/2025-01-23/CERQEL_TST 23-01-2025, 11.53 AM.xcarchive/Products/Applications/CERQEL.app/Frameworks/grpc.framework/grpc'>', hardenedRuntime='0'>'> are: {
}
2025-01-23 10:03:09 +0000  Writing entitlements for <IDEDistributionItem: 0x6000f8e0d680; bundleID='org.cocoapods.grpc', path='<DVTFilePath:0x600248d43100:'/Users/ahmedmaher/Library/Developer/Xcode/Archives/2025-01-23/CERQEL_TST 23-01-2025, 11.53 AM.xcarchive/Products/Applications/CERQEL.app/Frameworks/grpc.framework'>', codeSigningInfo='<_DVTCodeSigningInformation_Path: 0x60010c541fe0; isSigned='1', isAdHocSigned='0', signingCertificate='<DVTSigningCertificate: 0x6000991b9680; name='Apple Development: Ahmed Maher (N5M5QPPB69)', hash='FC4EF9E1EDFAE25151A1E6A8911A084FC1B246BC', serialNumber='6AFACB33A60CA473FDD90B5286798487', certificateKinds='(
    "1.2.840.113635.100.6.1.12",
    "1.2.840.113635.100.6.1.2"
), issueDate='2025-01-16 09:51:48 +0000''>', entitlements='(null)', teamID='2536D9AR8F', identifier='org.cocoapods.grpc', executablePath='<DVTFilePath:0x6000c0e26820:'/Users/ahmedmaher/Library/Developer/Xcode/Archives/2025-01-23/CERQEL_TST 23-01-2025, 11.53 AM.xcarchive/Products/Applications/CERQEL.app/Frameworks/grpc.framework/grpc'>', hardenedRuntime='0'>'> to: /var/folders/c1/scr8lqss6bz1rlk85myhm_jc0000gn/T/XcodeDistPipeline.~~~WsWTzJ/entitlements~~~H3PIQ7
2025-01-23 10:03:09 +0000  Running /usr/bin/codesign '-vvv' '--force' '--sign' 'B74E043AB25CE9CDA63E6A99C27C04D4656978A2' '--entitlements' '/var/folders/c1/scr8lqss6bz1rlk85myhm_jc0000gn/T/XcodeDistPipeline.~~~WsWTzJ/entitlements~~~H3PIQ7' '--generate-entitlement-der' '--strip-disallowed-xattrs' '--preserve-metadata=identifier,flags,runtime' '/var/folders/c1/scr8lqss6bz1rlk85myhm_jc0000gn/T/XcodeDistPipeline.~~~WsWTzJ/Root/Payload/CERQEL.app/Frameworks/grpc.framework'
2025-01-23 10:03:09 +0000  /var/folders/c1/scr8lqss6bz1rlk85myhm_jc0000gn/T/XcodeDistPipeline.~~~WsWTzJ/Root/Payload/CERQEL.app/Frameworks/grpc.framework: replacing existing signature
2025-01-23 10:03:09 +0000  /var/folders/c1/scr8lqss6bz1rlk85myhm_jc0000gn/T/XcodeDistPipeline.~~~WsWTzJ/Root/Payload/CERQEL.app/Frameworks/grpc.framework: signed bundle with Mach-O thin (arm64) [org.cocoapods.grpc]
2025-01-23 10:03:09 +0000  /usr/bin/codesign exited with 0
2025-01-23 10:03:09 +0000  Entitlements for <IDEDistributionItem: 0x6001fc0d8ba0; bundleID='org.cocoapods.grpcpp', path='<DVTFilePath:0x60012cda3800:'/Users/ahmedmaher/Library/Developer/Xcode/Archives/2025-01-23/CERQEL_TST 23-01-2025, 11.53 AM.xcarchive/Products/Applications/CERQEL.app/Frameworks/grpcpp.framework'>', codeSigningInfo='<_DVTCodeSigningInformation_Path: 0x60010c727480; isSigned='1', isAdHocSigned='0', signingCertificate='<DVTSigningCertificate: 0x6000991b86c0; name='Apple Development: Ahmed Maher (N5M5QPPB69)', hash='FC4EF9E1EDFAE25151A1E6A8911A084FC1B246BC', serialNumber='6AFACB33A60CA473FDD90B5286798487', certificateKinds='(
    "1.2.840.113635.100.6.1.12",
    "1.2.840.113635.100.6.1.2"
), issueDate='2025-01-16 09:51:48 +0000''>', entitlements='(null)', teamID='2536D9AR8F', identifier='org.cocoapods.grpcpp', executablePath='<DVTFilePath:0x6000f8e021c0:'/Users/ahmedmaher/Library/Developer/Xcode/Archives/2025-01-23/CERQEL_TST 23-01-2025, 11.53 AM.xcarchive/Products/Applications/CERQEL.app/Frameworks/grpcpp.framework/grpcpp'>', hardenedRuntime='0'>'>: {
}
2025-01-23 10:03:09 +0000  Associated App Clip Identifiers Filter: Skipping because "com.apple.developer.associated-appclip-app-identifiers" is not present
2025-01-23 10:03:09 +0000  Entitlements for <IDEDistributionItem: 0x6001fc0d8ba0; bundleID='org.cocoapods.grpcpp', path='<DVTFilePath:0x60012cda3800:'/Users/ahmedmaher/Library/Developer/Xcode/Archives/2025-01-23/CERQEL_TST 23-01-2025, 11.53 AM.xcarchive/Products/Applications/CERQEL.app/Frameworks/grpcpp.framework'>', codeSigningInfo='<_DVTCodeSigningInformation_Path: 0x60010c727480; isSigned='1', isAdHocSigned='0', signingCertificate='<DVTSigningCertificate: 0x600059e17b40; name='Apple Development: Ahmed Maher (N5M5QPPB69)', hash='FC4EF9E1EDFAE25151A1E6A8911A084FC1B246BC', serialNumber='6AFACB33A60CA473FDD90B5286798487', certificateKinds='(
    "1.2.840.113635.100.6.1.12",
    "1.2.840.113635.100.6.1.2"
), issueDate='2025-01-16 09:51:48 +0000''>', entitlements='(null)', teamID='2536D9AR8F', identifier='org.cocoapods.grpcpp', executablePath='<DVTFilePath:0x6000f8e021c0:'/Users/ahmedmaher/Library/Developer/Xcode/Archives/2025-01-23/CERQEL_TST 23-01-2025, 11.53 AM.xcarchive/Products/Applications/CERQEL.app/Frameworks/grpcpp.framework/grpcpp'>', hardenedRuntime='0'>'> are: {
}
2025-01-23 10:03:09 +0000  Writing entitlements for <IDEDistributionItem: 0x6001fc0d8ba0; bundleID='org.cocoapods.grpcpp', path='<DVTFilePath:0x60012cda3800:'/Users/ahmedmaher/Library/Developer/Xcode/Archives/2025-01-23/CERQEL_TST 23-01-2025, 11.53 AM.xcarchive/Products/Applications/CERQEL.app/Frameworks/grpcpp.framework'>', codeSigningInfo='<_DVTCodeSigningInformation_Path: 0x60010c727480; isSigned='1', isAdHocSigned='0', signingCertificate='<DVTSigningCertificate: 0x600059e14f00; name='Apple Development: Ahmed Maher (N5M5QPPB69)', hash='FC4EF9E1EDFAE25151A1E6A8911A084FC1B246BC', serialNumber='6AFACB33A60CA473FDD90B5286798487', certificateKinds='(
    "1.2.840.113635.100.6.1.12",
    "1.2.840.113635.100.6.1.2"
), issueDate='2025-01-16 09:51:48 +0000''>', entitlements='(null)', teamID='2536D9AR8F', identifier='org.cocoapods.grpcpp', executablePath='<DVTFilePath:0x6000f8e021c0:'/Users/ahmedmaher/Library/Developer/Xcode/Archives/2025-01-23/CERQEL_TST 23-01-2025, 11.53 AM.xcarchive/Products/Applications/CERQEL.app/Frameworks/grpcpp.framework/grpcpp'>', hardenedRuntime='0'>'> to: /var/folders/c1/scr8lqss6bz1rlk85myhm_jc0000gn/T/XcodeDistPipeline.~~~WsWTzJ/entitlements~~~G0Qvn7
2025-01-23 10:03:09 +0000  Running /usr/bin/codesign '-vvv' '--force' '--sign' 'B74E043AB25CE9CDA63E6A99C27C04D4656978A2' '--entitlements' '/var/folders/c1/scr8lqss6bz1rlk85myhm_jc0000gn/T/XcodeDistPipeline.~~~WsWTzJ/entitlements~~~G0Qvn7' '--generate-entitlement-der' '--strip-disallowed-xattrs' '--preserve-metadata=identifier,flags,runtime' '/var/folders/c1/scr8lqss6bz1rlk85myhm_jc0000gn/T/XcodeDistPipeline.~~~WsWTzJ/Root/Payload/CERQEL.app/Frameworks/grpcpp.framework'
2025-01-23 10:03:09 +0000  /var/folders/c1/scr8lqss6bz1rlk85myhm_jc0000gn/T/XcodeDistPipeline.~~~WsWTzJ/Root/Payload/CERQEL.app/Frameworks/grpcpp.framework: replacing existing signature
2025-01-23 10:03:09 +0000  /var/folders/c1/scr8lqss6bz1rlk85myhm_jc0000gn/T/XcodeDistPipeline.~~~WsWTzJ/Root/Payload/CERQEL.app/Frameworks/grpcpp.framework: signed bundle with Mach-O thin (arm64) [org.cocoapods.grpcpp]
2025-01-23 10:03:09 +0000  /usr/bin/codesign exited with 0
2025-01-23 10:03:09 +0000  Entitlements for <IDEDistributionItem: 0x6000f8e16100; bundleID='org.cocoapods.leveldb', path='<DVTFilePath:0x600100f93800:'/Users/ahmedmaher/Library/Developer/Xcode/Archives/2025-01-23/CERQEL_TST 23-01-2025, 11.53 AM.xcarchive/Products/Applications/CERQEL.app/Frameworks/leveldb.framework'>', codeSigningInfo='<_DVTCodeSigningInformation_Path: 0x6000d8302080; isSigned='1', isAdHocSigned='0', signingCertificate='<DVTSigningCertificate: 0x6000991b86c0; name='Apple Development: Ahmed Maher (N5M5QPPB69)', hash='FC4EF9E1EDFAE25151A1E6A8911A084FC1B246BC', serialNumber='6AFACB33A60CA473FDD90B5286798487', certificateKinds='(
    "1.2.840.113635.100.6.1.12",
    "1.2.840.113635.100.6.1.2"
), issueDate='2025-01-16 09:51:48 +0000''>', entitlements='(null)', teamID='2536D9AR8F', identifier='org.cocoapods.leveldb', executablePath='<DVTFilePath:0x6000c0e27480:'/Users/ahmedmaher/Library/Developer/Xcode/Archives/2025-01-23/CERQEL_TST 23-01-2025, 11.53 AM.xcarchive/Products/Applications/CERQEL.app/Frameworks/leveldb.framework/leveldb'>', hardenedRuntime='0'>'>: {
}
2025-01-23 10:03:09 +0000  Associated App Clip Identifiers Filter: Skipping because "com.apple.developer.associated-appclip-app-identifiers" is not present
2025-01-23 10:03:09 +0000  Entitlements for <IDEDistributionItem: 0x6000f8e16100; bundleID='org.cocoapods.leveldb', path='<DVTFilePath:0x600100f93800:'/Users/ahmedmaher/Library/Developer/Xcode/Archives/2025-01-23/CERQEL_TST 23-01-2025, 11.53 AM.xcarchive/Products/Applications/CERQEL.app/Frameworks/leveldb.framework'>', codeSigningInfo='<_DVTCodeSigningInformation_Path: 0x6000d8302080; isSigned='1', isAdHocSigned='0', signingCertificate='<DVTSigningCertificate: 0x600059e17b40; name='Apple Development: Ahmed Maher (N5M5QPPB69)', hash='FC4EF9E1EDFAE25151A1E6A8911A084FC1B246BC', serialNumber='6AFACB33A60CA473FDD90B5286798487', certificateKinds='(
    "1.2.840.113635.100.6.1.12",
    "1.2.840.113635.100.6.1.2"
), issueDate='2025-01-16 09:51:48 +0000''>', entitlements='(null)', teamID='2536D9AR8F', identifier='org.cocoapods.leveldb', executablePath='<DVTFilePath:0x6000c0e27480:'/Users/ahmedmaher/Library/Developer/Xcode/Archives/2025-01-23/CERQEL_TST 23-01-2025, 11.53 AM.xcarchive/Products/Applications/CERQEL.app/Frameworks/leveldb.framework/leveldb'>', hardenedRuntime='0'>'> are: {
}
2025-01-23 10:03:09 +0000  Writing entitlements for <IDEDistributionItem: 0x6000f8e16100; bundleID='org.cocoapods.leveldb', path='<DVTFilePath:0x600100f93800:'/Users/ahmedmaher/Library/Developer/Xcode/Archives/2025-01-23/CERQEL_TST 23-01-2025, 11.53 AM.xcarchive/Products/Applications/CERQEL.app/Frameworks/leveldb.framework'>', codeSigningInfo='<_DVTCodeSigningInformation_Path: 0x6000d8302080; isSigned='1', isAdHocSigned='0', signingCertificate='<DVTSigningCertificate: 0x6000991b9680; name='Apple Development: Ahmed Maher (N5M5QPPB69)', hash='FC4EF9E1EDFAE25151A1E6A8911A084FC1B246BC', serialNumber='6AFACB33A60CA473FDD90B5286798487', certificateKinds='(
    "1.2.840.113635.100.6.1.12",
    "1.2.840.113635.100.6.1.2"
), issueDate='2025-01-16 09:51:48 +0000''>', entitlements='(null)', teamID='2536D9AR8F', identifier='org.cocoapods.leveldb', executablePath='<DVTFilePath:0x6000c0e27480:'/Users/ahmedmaher/Library/Developer/Xcode/Archives/2025-01-23/CERQEL_TST 23-01-2025, 11.53 AM.xcarchive/Products/Applications/CERQEL.app/Frameworks/leveldb.framework/leveldb'>', hardenedRuntime='0'>'> to: /var/folders/c1/scr8lqss6bz1rlk85myhm_jc0000gn/T/XcodeDistPipeline.~~~WsWTzJ/entitlements~~~mvwg9I
2025-01-23 10:03:09 +0000  Running /usr/bin/codesign '-vvv' '--force' '--sign' 'B74E043AB25CE9CDA63E6A99C27C04D4656978A2' '--entitlements' '/var/folders/c1/scr8lqss6bz1rlk85myhm_jc0000gn/T/XcodeDistPipeline.~~~WsWTzJ/entitlements~~~mvwg9I' '--generate-entitlement-der' '--strip-disallowed-xattrs' '--preserve-metadata=identifier,flags,runtime' '/var/folders/c1/scr8lqss6bz1rlk85myhm_jc0000gn/T/XcodeDistPipeline.~~~WsWTzJ/Root/Payload/CERQEL.app/Frameworks/leveldb.framework'
2025-01-23 10:03:09 +0000  /var/folders/c1/scr8lqss6bz1rlk85myhm_jc0000gn/T/XcodeDistPipeline.~~~WsWTzJ/Root/Payload/CERQEL.app/Frameworks/leveldb.framework: replacing existing signature
2025-01-23 10:03:09 +0000  /var/folders/c1/scr8lqss6bz1rlk85myhm_jc0000gn/T/XcodeDistPipeline.~~~WsWTzJ/Root/Payload/CERQEL.app/Frameworks/leveldb.framework: signed bundle with Mach-O thin (arm64) [org.cocoapods.leveldb]
2025-01-23 10:03:09 +0000  /usr/bin/codesign exited with 0
2025-01-23 10:03:09 +0000  Entitlements for <IDEDistributionItem: 0x6001fc0bc8a0; bundleID='org.cocoapods.nanopb', path='<DVTFilePath:0x600080f8f5d0:'/Users/ahmedmaher/Library/Developer/Xcode/Archives/2025-01-23/CERQEL_TST 23-01-2025, 11.53 AM.xcarchive/Products/Applications/CERQEL.app/Frameworks/nanopb.framework'>', codeSigningInfo='<_DVTCodeSigningInformation_Path: 0x6000d82f6440; isSigned='1', isAdHocSigned='0', signingCertificate='<DVTSigningCertificate: 0x6000991b9680; name='Apple Development: Ahmed Maher (N5M5QPPB69)', hash='FC4EF9E1EDFAE25151A1E6A8911A084FC1B246BC', serialNumber='6AFACB33A60CA473FDD90B5286798487', certificateKinds='(
    "1.2.840.113635.100.6.1.12",
    "1.2.840.113635.100.6.1.2"
), issueDate='2025-01-16 09:51:48 +0000''>', entitlements='(null)', teamID='2536D9AR8F', identifier='org.cocoapods.nanopb', executablePath='<DVTFilePath:0x6001fc03dc80:'/Users/ahmedmaher/Library/Developer/Xcode/Archives/2025-01-23/CERQEL_TST 23-01-2025, 11.53 AM.xcarchive/Products/Applications/CERQEL.app/Frameworks/nanopb.framework/nanopb'>', hardenedRuntime='0'>'>: {
}
2025-01-23 10:03:09 +0000  Associated App Clip Identifiers Filter: Skipping because "com.apple.developer.associated-appclip-app-identifiers" is not present
2025-01-23 10:03:09 +0000  Entitlements for <IDEDistributionItem: 0x6001fc0bc8a0; bundleID='org.cocoapods.nanopb', path='<DVTFilePath:0x600080f8f5d0:'/Users/ahmedmaher/Library/Developer/Xcode/Archives/2025-01-23/CERQEL_TST 23-01-2025, 11.53 AM.xcarchive/Products/Applications/CERQEL.app/Frameworks/nanopb.framework'>', codeSigningInfo='<_DVTCodeSigningInformation_Path: 0x6000d82f6440; isSigned='1', isAdHocSigned='0', signingCertificate='<DVTSigningCertificate: 0x600059e17b40; name='Apple Development: Ahmed Maher (N5M5QPPB69)', hash='FC4EF9E1EDFAE25151A1E6A8911A084FC1B246BC', serialNumber='6AFACB33A60CA473FDD90B5286798487', certificateKinds='(
    "1.2.840.113635.100.6.1.12",
    "1.2.840.113635.100.6.1.2"
), issueDate='2025-01-16 09:51:48 +0000''>', entitlements='(null)', teamID='2536D9AR8F', identifier='org.cocoapods.nanopb', executablePath='<DVTFilePath:0x6001fc03dc80:'/Users/ahmedmaher/Library/Developer/Xcode/Archives/2025-01-23/CERQEL_TST 23-01-2025, 11.53 AM.xcarchive/Products/Applications/CERQEL.app/Frameworks/nanopb.framework/nanopb'>', hardenedRuntime='0'>'> are: {
}
2025-01-23 10:03:09 +0000  Writing entitlements for <IDEDistributionItem: 0x6001fc0bc8a0; bundleID='org.cocoapods.nanopb', path='<DVTFilePath:0x600080f8f5d0:'/Users/ahmedmaher/Library/Developer/Xcode/Archives/2025-01-23/CERQEL_TST 23-01-2025, 11.53 AM.xcarchive/Products/Applications/CERQEL.app/Frameworks/nanopb.framework'>', codeSigningInfo='<_DVTCodeSigningInformation_Path: 0x6000d82f6440; isSigned='1', isAdHocSigned='0', signingCertificate='<DVTSigningCertificate: 0x6000991b9800; name='Apple Development: Ahmed Maher (N5M5QPPB69)', hash='FC4EF9E1EDFAE25151A1E6A8911A084FC1B246BC', serialNumber='6AFACB33A60CA473FDD90B5286798487', certificateKinds='(
    "1.2.840.113635.100.6.1.12",
    "1.2.840.113635.100.6.1.2"
), issueDate='2025-01-16 09:51:48 +0000''>', entitlements='(null)', teamID='2536D9AR8F', identifier='org.cocoapods.nanopb', executablePath='<DVTFilePath:0x6001fc03dc80:'/Users/ahmedmaher/Library/Developer/Xcode/Archives/2025-01-23/CERQEL_TST 23-01-2025, 11.53 AM.xcarchive/Products/Applications/CERQEL.app/Frameworks/nanopb.framework/nanopb'>', hardenedRuntime='0'>'> to: /var/folders/c1/scr8lqss6bz1rlk85myhm_jc0000gn/T/XcodeDistPipeline.~~~WsWTzJ/entitlements~~~yUyQ49
2025-01-23 10:03:09 +0000  Running /usr/bin/codesign '-vvv' '--force' '--sign' 'B74E043AB25CE9CDA63E6A99C27C04D4656978A2' '--entitlements' '/var/folders/c1/scr8lqss6bz1rlk85myhm_jc0000gn/T/XcodeDistPipeline.~~~WsWTzJ/entitlements~~~yUyQ49' '--generate-entitlement-der' '--strip-disallowed-xattrs' '--preserve-metadata=identifier,flags,runtime' '/var/folders/c1/scr8lqss6bz1rlk85myhm_jc0000gn/T/XcodeDistPipeline.~~~WsWTzJ/Root/Payload/CERQEL.app/Frameworks/nanopb.framework'
2025-01-23 10:03:09 +0000  /var/folders/c1/scr8lqss6bz1rlk85myhm_jc0000gn/T/XcodeDistPipeline.~~~WsWTzJ/Root/Payload/CERQEL.app/Frameworks/nanopb.framework: replacing existing signature
2025-01-23 10:03:09 +0000  /var/folders/c1/scr8lqss6bz1rlk85myhm_jc0000gn/T/XcodeDistPipeline.~~~WsWTzJ/Root/Payload/CERQEL.app/Frameworks/nanopb.framework: signed bundle with Mach-O thin (arm64) [org.cocoapods.nanopb]
2025-01-23 10:03:09 +0000  /usr/bin/codesign exited with 0
2025-01-23 10:03:09 +0000  Entitlements for <IDEDistributionItem: 0x6001fc0da7c0; bundleID='org.cocoapods.netfox', path='<DVTFilePath:0x600100f81ab0:'/Users/ahmedmaher/Library/Developer/Xcode/Archives/2025-01-23/CERQEL_TST 23-01-2025, 11.53 AM.xcarchive/Products/Applications/CERQEL.app/Frameworks/netfox.framework'>', codeSigningInfo='<_DVTCodeSigningInformation_Path: 0x60010c7699a0; isSigned='1', isAdHocSigned='0', signingCertificate='<DVTSigningCertificate: 0x6000991b9680; name='Apple Development: Ahmed Maher (N5M5QPPB69)', hash='FC4EF9E1EDFAE25151A1E6A8911A084FC1B246BC', serialNumber='6AFACB33A60CA473FDD90B5286798487', certificateKinds='(
    "1.2.840.113635.100.6.1.12",
    "1.2.840.113635.100.6.1.2"
), issueDate='2025-01-16 09:51:48 +0000''>', entitlements='(null)', teamID='2536D9AR8F', identifier='org.cocoapods.netfox', executablePath='<DVTFilePath:0x6001fc00f2a0:'/Users/ahmedmaher/Library/Developer/Xcode/Archives/2025-01-23/CERQEL_TST 23-01-2025, 11.53 AM.xcarchive/Products/Applications/CERQEL.app/Frameworks/netfox.framework/netfox'>', hardenedRuntime='0'>'>: {
}
2025-01-23 10:03:09 +0000  Associated App Clip Identifiers Filter: Skipping because "com.apple.developer.associated-appclip-app-identifiers" is not present
2025-01-23 10:03:09 +0000  Entitlements for <IDEDistributionItem: 0x6001fc0da7c0; bundleID='org.cocoapods.netfox', path='<DVTFilePath:0x600100f81ab0:'/Users/ahmedmaher/Library/Developer/Xcode/Archives/2025-01-23/CERQEL_TST 23-01-2025, 11.53 AM.xcarchive/Products/Applications/CERQEL.app/Frameworks/netfox.framework'>', codeSigningInfo='<_DVTCodeSigningInformation_Path: 0x60010c7699a0; isSigned='1', isAdHocSigned='0', signingCertificate='<DVTSigningCertificate: 0x600059e17b40; name='Apple Development: Ahmed Maher (N5M5QPPB69)', hash='FC4EF9E1EDFAE25151A1E6A8911A084FC1B246BC', serialNumber='6AFACB33A60CA473FDD90B5286798487', certificateKinds='(
    "1.2.840.113635.100.6.1.12",
    "1.2.840.113635.100.6.1.2"
), issueDate='2025-01-16 09:51:48 +0000''>', entitlements='(null)', teamID='2536D9AR8F', identifier='org.cocoapods.netfox', executablePath='<DVTFilePath:0x6001fc00f2a0:'/Users/ahmedmaher/Library/Developer/Xcode/Archives/2025-01-23/CERQEL_TST 23-01-2025, 11.53 AM.xcarchive/Products/Applications/CERQEL.app/Frameworks/netfox.framework/netfox'>', hardenedRuntime='0'>'> are: {
}
2025-01-23 10:03:09 +0000  Writing entitlements for <IDEDistributionItem: 0x6001fc0da7c0; bundleID='org.cocoapods.netfox', path='<DVTFilePath:0x600100f81ab0:'/Users/ahmedmaher/Library/Developer/Xcode/Archives/2025-01-23/CERQEL_TST 23-01-2025, 11.53 AM.xcarchive/Products/Applications/CERQEL.app/Frameworks/netfox.framework'>', codeSigningInfo='<_DVTCodeSigningInformation_Path: 0x60010c7699a0; isSigned='1', isAdHocSigned='0', signingCertificate='<DVTSigningCertificate: 0x600059e14f00; name='Apple Development: Ahmed Maher (N5M5QPPB69)', hash='FC4EF9E1EDFAE25151A1E6A8911A084FC1B246BC', serialNumber='6AFACB33A60CA473FDD90B5286798487', certificateKinds='(
    "1.2.840.113635.100.6.1.12",
    "1.2.840.113635.100.6.1.2"
), issueDate='2025-01-16 09:51:48 +0000''>', entitlements='(null)', teamID='2536D9AR8F', identifier='org.cocoapods.netfox', executablePath='<DVTFilePath:0x6001fc00f2a0:'/Users/ahmedmaher/Library/Developer/Xcode/Archives/2025-01-23/CERQEL_TST 23-01-2025, 11.53 AM.xcarchive/Products/Applications/CERQEL.app/Frameworks/netfox.framework/netfox'>', hardenedRuntime='0'>'> to: /var/folders/c1/scr8lqss6bz1rlk85myhm_jc0000gn/T/XcodeDistPipeline.~~~WsWTzJ/entitlements~~~UY4085
2025-01-23 10:03:09 +0000  Running /usr/bin/codesign '-vvv' '--force' '--sign' 'B74E043AB25CE9CDA63E6A99C27C04D4656978A2' '--entitlements' '/var/folders/c1/scr8lqss6bz1rlk85myhm_jc0000gn/T/XcodeDistPipeline.~~~WsWTzJ/entitlements~~~UY4085' '--generate-entitlement-der' '--strip-disallowed-xattrs' '--preserve-metadata=identifier,flags,runtime' '/var/folders/c1/scr8lqss6bz1rlk85myhm_jc0000gn/T/XcodeDistPipeline.~~~WsWTzJ/Root/Payload/CERQEL.app/Frameworks/netfox.framework'
2025-01-23 10:03:09 +0000  /var/folders/c1/scr8lqss6bz1rlk85myhm_jc0000gn/T/XcodeDistPipeline.~~~WsWTzJ/Root/Payload/CERQEL.app/Frameworks/netfox.framework: replacing existing signature
2025-01-23 10:03:09 +0000  /var/folders/c1/scr8lqss6bz1rlk85myhm_jc0000gn/T/XcodeDistPipeline.~~~WsWTzJ/Root/Payload/CERQEL.app/Frameworks/netfox.framework: signed bundle with Mach-O thin (arm64) [org.cocoapods.netfox]
2025-01-23 10:03:09 +0000  /usr/bin/codesign exited with 0
2025-01-23 10:03:09 +0000  Entitlements for <IDEDistributionItem: 0x6001fc0c2a00; bundleID='org.cocoapods.openssl-grpc', path='<DVTFilePath:0x60012cda5110:'/Users/ahmedmaher/Library/Developer/Xcode/Archives/2025-01-23/CERQEL_TST 23-01-2025, 11.53 AM.xcarchive/Products/Applications/CERQEL.app/Frameworks/openssl_grpc.framework'>', codeSigningInfo='<_DVTCodeSigningInformation_Path: 0x60010c541ea0; isSigned='1', isAdHocSigned='0', signingCertificate='<DVTSigningCertificate: 0x6000991b9680; name='Apple Development: Ahmed Maher (N5M5QPPB69)', hash='FC4EF9E1EDFAE25151A1E6A8911A084FC1B246BC', serialNumber='6AFACB33A60CA473FDD90B5286798487', certificateKinds='(
    "1.2.840.113635.100.6.1.12",
    "1.2.840.113635.100.6.1.2"
), issueDate='2025-01-16 09:51:48 +0000''>', entitlements='(null)', teamID='2536D9AR8F', identifier='org.cocoapods.openssl-grpc', executablePath='<DVTFilePath:0x60012cc84540:'/Users/ahmedmaher/Library/Developer/Xcode/Archives/2025-01-23/CERQEL_TST 23-01-2025, 11.53 AM.xcarchive/Products/Applications/CERQEL.app/Frameworks/openssl_grpc.framework/openssl_grpc'>', hardenedRuntime='0'>'>: {
}
2025-01-23 10:03:09 +0000  Associated App Clip Identifiers Filter: Skipping because "com.apple.developer.associated-appclip-app-identifiers" is not present
2025-01-23 10:03:09 +0000  Entitlements for <IDEDistributionItem: 0x6001fc0c2a00; bundleID='org.cocoapods.openssl-grpc', path='<DVTFilePath:0x60012cda5110:'/Users/ahmedmaher/Library/Developer/Xcode/Archives/2025-01-23/CERQEL_TST 23-01-2025, 11.53 AM.xcarchive/Products/Applications/CERQEL.app/Frameworks/openssl_grpc.framework'>', codeSigningInfo='<_DVTCodeSigningInformation_Path: 0x60010c541ea0; isSigned='1', isAdHocSigned='0', signingCertificate='<DVTSigningCertificate: 0x600059e17b40; name='Apple Development: Ahmed Maher (N5M5QPPB69)', hash='FC4EF9E1EDFAE25151A1E6A8911A084FC1B246BC', serialNumber='6AFACB33A60CA473FDD90B5286798487', certificateKinds='(
    "1.2.840.113635.100.6.1.12",
    "1.2.840.113635.100.6.1.2"
), issueDate='2025-01-16 09:51:48 +0000''>', entitlements='(null)', teamID='2536D9AR8F', identifier='org.cocoapods.openssl-grpc', executablePath='<DVTFilePath:0x60012cc84540:'/Users/ahmedmaher/Library/Developer/Xcode/Archives/2025-01-23/CERQEL_TST 23-01-2025, 11.53 AM.xcarchive/Products/Applications/CERQEL.app/Frameworks/openssl_grpc.framework/openssl_grpc'>', hardenedRuntime='0'>'> are: {
}
2025-01-23 10:03:09 +0000  Writing entitlements for <IDEDistributionItem: 0x6001fc0c2a00; bundleID='org.cocoapods.openssl-grpc', path='<DVTFilePath:0x60012cda5110:'/Users/ahmedmaher/Library/Developer/Xcode/Archives/2025-01-23/CERQEL_TST 23-01-2025, 11.53 AM.xcarchive/Products/Applications/CERQEL.app/Frameworks/openssl_grpc.framework'>', codeSigningInfo='<_DVTCodeSigningInformation_Path: 0x60010c541ea0; isSigned='1', isAdHocSigned='0', signingCertificate='<DVTSigningCertificate: 0x600059e14f00; name='Apple Development: Ahmed Maher (N5M5QPPB69)', hash='FC4EF9E1EDFAE25151A1E6A8911A084FC1B246BC', serialNumber='6AFACB33A60CA473FDD90B5286798487', certificateKinds='(
    "1.2.840.113635.100.6.1.12",
    "1.2.840.113635.100.6.1.2"
), issueDate='2025-01-16 09:51:48 +0000''>', entitlements='(null)', teamID='2536D9AR8F', identifier='org.cocoapods.openssl-grpc', executablePath='<DVTFilePath:0x60012cc84540:'/Users/ahmedmaher/Library/Developer/Xcode/Archives/2025-01-23/CERQEL_TST 23-01-2025, 11.53 AM.xcarchive/Products/Applications/CERQEL.app/Frameworks/openssl_grpc.framework/openssl_grpc'>', hardenedRuntime='0'>'> to: /var/folders/c1/scr8lqss6bz1rlk85myhm_jc0000gn/T/XcodeDistPipeline.~~~WsWTzJ/entitlements~~~YK1xtn
2025-01-23 10:03:09 +0000  Running /usr/bin/codesign '-vvv' '--force' '--sign' 'B74E043AB25CE9CDA63E6A99C27C04D4656978A2' '--entitlements' '/var/folders/c1/scr8lqss6bz1rlk85myhm_jc0000gn/T/XcodeDistPipeline.~~~WsWTzJ/entitlements~~~YK1xtn' '--generate-entitlement-der' '--strip-disallowed-xattrs' '--preserve-metadata=identifier,flags,runtime' '/var/folders/c1/scr8lqss6bz1rlk85myhm_jc0000gn/T/XcodeDistPipeline.~~~WsWTzJ/Root/Payload/CERQEL.app/Frameworks/openssl_grpc.framework'
2025-01-23 10:03:09 +0000  /var/folders/c1/scr8lqss6bz1rlk85myhm_jc0000gn/T/XcodeDistPipeline.~~~WsWTzJ/Root/Payload/CERQEL.app/Frameworks/openssl_grpc.framework: replacing existing signature
2025-01-23 10:03:09 +0000  /var/folders/c1/scr8lqss6bz1rlk85myhm_jc0000gn/T/XcodeDistPipeline.~~~WsWTzJ/Root/Payload/CERQEL.app/Frameworks/openssl_grpc.framework: signed bundle with Mach-O thin (arm64) [org.cocoapods.openssl-grpc]
2025-01-23 10:03:09 +0000  /usr/bin/codesign exited with 0
2025-01-23 10:03:09 +0000  Entitlements for <IDEDistributionItem: 0x6001fc0a2460; bundleID='com.youxel.cerqel', path='<DVTFilePath:0x600100faf4f0:'/Users/ahmedmaher/Library/Developer/Xcode/Archives/2025-01-23/CERQEL_TST 23-01-2025, 11.53 AM.xcarchive/Products/Applications/CERQEL.app'>', codeSigningInfo='<_DVTCodeSigningInformation_Path: 0x6000f845d4a0; isSigned='1', isAdHocSigned='0', signingCertificate='<DVTSigningCertificate: 0x6000991b9680; name='Apple Development: Ahmed Maher (N5M5QPPB69)', hash='FC4EF9E1EDFAE25151A1E6A8911A084FC1B246BC', serialNumber='6AFACB33A60CA473FDD90B5286798487', certificateKinds='(
    "1.2.840.113635.100.6.1.12",
    "1.2.840.113635.100.6.1.2"
), issueDate='2025-01-16 09:51:48 +0000''>', entitlements='{
    "application-identifier" = "2536D9AR8F.com.youxel.cerqel";
    "aps-environment" = development;
    "com.apple.developer.team-identifier" = 2536D9AR8F;
    "get-task-allow" = 1;
    "keychain-access-groups" =     (
        "2536D9AR8F.com.microsoft.adalcache"
    );
}', teamID='2536D9AR8F', identifier='com.youxel.cerqel', executablePath='<DVTFilePath:0x6001fc0c3360:'/Users/ahmedmaher/Library/Developer/Xcode/Archives/2025-01-23/CERQEL_TST 23-01-2025, 11.53 AM.xcarchive/Products/Applications/CERQEL.app/CERQEL'>', hardenedRuntime='0'>'>: {
    "application-identifier" = "2536D9AR8F.com.youxel.cerqel";
    "aps-environment" = production;
    "com.apple.developer.team-identifier" = 2536D9AR8F;
    "get-task-allow" = 0;
    "keychain-access-groups" =     (
        "2536D9AR8F.com.microsoft.adalcache"
    );
}
2025-01-23 10:03:09 +0000  Associated App Clip Identifiers Filter: Skipping because "com.apple.developer.associated-appclip-app-identifiers" is not present
2025-01-23 10:03:09 +0000  Entitlements for <IDEDistributionItem: 0x6001fc0a2460; bundleID='com.youxel.cerqel', path='<DVTFilePath:0x600100faf4f0:'/Users/ahmedmaher/Library/Developer/Xcode/Archives/2025-01-23/CERQEL_TST 23-01-2025, 11.53 AM.xcarchive/Products/Applications/CERQEL.app'>', codeSigningInfo='<_DVTCodeSigningInformation_Path: 0x6000f845d4a0; isSigned='1', isAdHocSigned='0', signingCertificate='<DVTSigningCertificate: 0x6000991b8780; name='Apple Development: Ahmed Maher (N5M5QPPB69)', hash='FC4EF9E1EDFAE25151A1E6A8911A084FC1B246BC', serialNumber='6AFACB33A60CA473FDD90B5286798487', certificateKinds='(
    "1.2.840.113635.100.6.1.12",
    "1.2.840.113635.100.6.1.2"
), issueDate='2025-01-16 09:51:48 +0000''>', entitlements='{
    "application-identifier" = "2536D9AR8F.com.youxel.cerqel";
    "aps-environment" = development;
    "com.apple.developer.team-identifier" = 2536D9AR8F;
    "get-task-allow" = 1;
    "keychain-access-groups" =     (
        "2536D9AR8F.com.microsoft.adalcache"
    );
}', teamID='2536D9AR8F', identifier='com.youxel.cerqel', executablePath='<DVTFilePath:0x6001fc0c3360:'/Users/ahmedmaher/Library/Developer/Xcode/Archives/2025-01-23/CERQEL_TST 23-01-2025, 11.53 AM.xcarchive/Products/Applications/CERQEL.app/CERQEL'>', hardenedRuntime='0'>'> are: {
    "application-identifier" = "2536D9AR8F.com.youxel.cerqel";
    "aps-environment" = production;
    "com.apple.developer.team-identifier" = 2536D9AR8F;
    "get-task-allow" = 0;
    "keychain-access-groups" =     (
        "2536D9AR8F.com.microsoft.adalcache"
    );
}
2025-01-23 10:03:09 +0000  Writing entitlements for <IDEDistributionItem: 0x6001fc0a2460; bundleID='com.youxel.cerqel', path='<DVTFilePath:0x600100faf4f0:'/Users/ahmedmaher/Library/Developer/Xcode/Archives/2025-01-23/CERQEL_TST 23-01-2025, 11.53 AM.xcarchive/Products/Applications/CERQEL.app'>', codeSigningInfo='<_DVTCodeSigningInformation_Path: 0x6000f845d4a0; isSigned='1', isAdHocSigned='0', signingCertificate='<DVTSigningCertificate: 0x6000991b8e40; name='Apple Development: Ahmed Maher (N5M5QPPB69)', hash='FC4EF9E1EDFAE25151A1E6A8911A084FC1B246BC', serialNumber='6AFACB33A60CA473FDD90B5286798487', certificateKinds='(
    "1.2.840.113635.100.6.1.12",
    "1.2.840.113635.100.6.1.2"
), issueDate='2025-01-16 09:51:48 +0000''>', entitlements='{
    "application-identifier" = "2536D9AR8F.com.youxel.cerqel";
    "aps-environment" = development;
    "com.apple.developer.team-identifier" = 2536D9AR8F;
    "get-task-allow" = 1;
    "keychain-access-groups" =     (
        "2536D9AR8F.com.microsoft.adalcache"
    );
}', teamID='2536D9AR8F', identifier='com.youxel.cerqel', executablePath='<DVTFilePath:0x6001fc0c3360:'/Users/ahmedmaher/Library/Developer/Xcode/Archives/2025-01-23/CERQEL_TST 23-01-2025, 11.53 AM.xcarchive/Products/Applications/CERQEL.app/CERQEL'>', hardenedRuntime='0'>'> to: /var/folders/c1/scr8lqss6bz1rlk85myhm_jc0000gn/T/XcodeDistPipeline.~~~WsWTzJ/entitlements~~~GhsyLu
2025-01-23 10:03:09 +0000  Running /usr/bin/codesign '-vvv' '--force' '--sign' 'B74E043AB25CE9CDA63E6A99C27C04D4656978A2' '--entitlements' '/var/folders/c1/scr8lqss6bz1rlk85myhm_jc0000gn/T/XcodeDistPipeline.~~~WsWTzJ/entitlements~~~GhsyLu' '--generate-entitlement-der' '--strip-disallowed-xattrs' '--preserve-metadata=identifier,flags,runtime' '/var/folders/c1/scr8lqss6bz1rlk85myhm_jc0000gn/T/XcodeDistPipeline.~~~WsWTzJ/Root/Payload/CERQEL.app'
2025-01-23 10:03:09 +0000  /var/folders/c1/scr8lqss6bz1rlk85myhm_jc0000gn/T/XcodeDistPipeline.~~~WsWTzJ/Root/Payload/CERQEL.app: replacing existing signature
2025-01-23 10:03:10 +0000  /var/folders/c1/scr8lqss6bz1rlk85myhm_jc0000gn/T/XcodeDistPipeline.~~~WsWTzJ/Root/Payload/CERQEL.app: signed app bundle with Mach-O thin (arm64) [com.youxel.cerqel]
2025-01-23 10:03:10 +0000  /usr/bin/codesign exited with 0
2025-01-23 10:03:10 +0000  Processing step: IDEDistributionZipODRItemStep
2025-01-23 10:03:10 +0000  Skipping step: IDEDistributionZipODRItemStep because it said so
2025-01-23 10:03:10 +0000  Skipping step: IDEDistributionZipODRItemStep because it said so
2025-01-23 10:03:10 +0000  Skipping step: IDEDistributionZipODRItemStep because it said so
2025-01-23 10:03:10 +0000  Skipping step: IDEDistributionZipODRItemStep because it said so
2025-01-23 10:03:10 +0000  Skipping step: IDEDistributionZipODRItemStep because it said so
2025-01-23 10:03:10 +0000  Skipping step: IDEDistributionZipODRItemStep because it said so
2025-01-23 10:03:10 +0000  Skipping step: IDEDistributionZipODRItemStep because it said so
2025-01-23 10:03:10 +0000  Skipping step: IDEDistributionZipODRItemStep because it said so
2025-01-23 10:03:10 +0000  Skipping step: IDEDistributionZipODRItemStep because it said so
2025-01-23 10:03:10 +0000  Skipping step: IDEDistributionZipODRItemStep because it said so
2025-01-23 10:03:10 +0000  Skipping step: IDEDistributionZipODRItemStep because it said so
2025-01-23 10:03:10 +0000  Skipping step: IDEDistributionZipODRItemStep because it said so
2025-01-23 10:03:10 +0000  Skipping step: IDEDistributionZipODRItemStep because it said so
2025-01-23 10:03:10 +0000  Skipping step: IDEDistributionZipODRItemStep because it said so
2025-01-23 10:03:10 +0000  Skipping step: IDEDistributionZipODRItemStep because it said so
2025-01-23 10:03:10 +0000  Skipping step: IDEDistributionZipODRItemStep because it said so
2025-01-23 10:03:10 +0000  Skipping step: IDEDistributionZipODRItemStep because it said so
2025-01-23 10:03:10 +0000  Skipping step: IDEDistributionZipODRItemStep because it said so
2025-01-23 10:03:10 +0000  Skipping step: IDEDistributionZipODRItemStep because it said so
2025-01-23 10:03:10 +0000  Skipping step: IDEDistributionZipODRItemStep because it said so
2025-01-23 10:03:10 +0000  Skipping step: IDEDistributionZipODRItemStep because it said so
2025-01-23 10:03:10 +0000  Skipping step: IDEDistributionZipODRItemStep because it said so
2025-01-23 10:03:10 +0000  Skipping step: IDEDistributionZipODRItemStep because it said so
2025-01-23 10:03:10 +0000  Skipping step: IDEDistributionZipODRItemStep because it said so
2025-01-23 10:03:10 +0000  Skipping step: IDEDistributionZipODRItemStep because it said so
2025-01-23 10:03:10 +0000  Skipping step: IDEDistributionZipODRItemStep because it said so
2025-01-23 10:03:10 +0000  Skipping step: IDEDistributionZipODRItemStep because it said so
2025-01-23 10:03:10 +0000  Skipping step: IDEDistributionZipODRItemStep because it said so
2025-01-23 10:03:10 +0000  Skipping step: IDEDistributionZipODRItemStep because it said so
2025-01-23 10:03:10 +0000  Skipping step: IDEDistributionZipODRItemStep because it said so
2025-01-23 10:03:10 +0000  Skipping step: IDEDistributionZipODRItemStep because it said so
2025-01-23 10:03:10 +0000  Skipping step: IDEDistributionZipODRItemStep because it said so
2025-01-23 10:03:10 +0000  Skipping step: IDEDistributionZipODRItemStep because it said so
2025-01-23 10:03:10 +0000  Skipping step: IDEDistributionZipODRItemStep because it said so
2025-01-23 10:03:10 +0000  Skipping step: IDEDistributionZipODRItemStep because it said so
2025-01-23 10:03:10 +0000  Skipping step: IDEDistributionZipODRItemStep because it said so
2025-01-23 10:03:10 +0000  Skipping step: IDEDistributionZipODRItemStep because it said so
2025-01-23 10:03:10 +0000  Skipping step: IDEDistributionZipODRItemStep because it said so
2025-01-23 10:03:10 +0000  Skipping step: IDEDistributionZipODRItemStep because it said so
2025-01-23 10:03:10 +0000  Skipping step: IDEDistributionZipODRItemStep because it said so
2025-01-23 10:03:10 +0000  Skipping step: IDEDistributionZipODRItemStep because it said so
2025-01-23 10:03:10 +0000  Skipping step: IDEDistributionZipODRItemStep because it said so
2025-01-23 10:03:10 +0000  Skipping step: IDEDistributionZipODRItemStep because it said so
2025-01-23 10:03:10 +0000  Skipping step: IDEDistributionZipODRItemStep because it said so
2025-01-23 10:03:10 +0000  Skipping step: IDEDistributionZipODRItemStep because it said so
2025-01-23 10:03:10 +0000  Skipping step: IDEDistributionZipODRItemStep because it said so
2025-01-23 10:03:10 +0000  Skipping step: IDEDistributionZipODRItemStep because it said so
2025-01-23 10:03:10 +0000  Skipping step: IDEDistributionZipODRItemStep because it said so
2025-01-23 10:03:10 +0000  Skipping step: IDEDistributionZipODRItemStep because it said so
2025-01-23 10:03:10 +0000  Skipping step: IDEDistributionZipODRItemStep because it said so
2025-01-23 10:03:10 +0000  Skipping step: IDEDistributionZipODRItemStep because it said so
2025-01-23 10:03:10 +0000  Skipping step: IDEDistributionZipODRItemStep because it said so
2025-01-23 10:03:10 +0000  Skipping step: IDEDistributionZipODRItemStep because it said so
2025-01-23 10:03:10 +0000  Skipping step: IDEDistributionZipODRItemStep because it said so
2025-01-23 10:03:10 +0000  Skipping step: IDEDistributionZipODRItemStep because it said so
2025-01-23 10:03:10 +0000  Skipping step: IDEDistributionZipODRItemStep because it said so
2025-01-23 10:03:10 +0000  Skipping step: IDEDistributionZipODRItemStep because it said so
2025-01-23 10:03:10 +0000  Skipping step: IDEDistributionZipODRItemStep because it said so
2025-01-23 10:03:10 +0000  Skipping step: IDEDistributionZipODRItemStep because it said so
2025-01-23 10:03:10 +0000  Skipping step: IDEDistributionZipODRItemStep because it said so
2025-01-23 10:03:10 +0000  Skipping step: IDEDistributionZipODRItemStep because it said so
2025-01-23 10:03:10 +0000  Skipping step: IDEDistributionZipODRItemStep because it said so
2025-01-23 10:03:10 +0000  Skipping step: IDEDistributionZipODRItemStep because it said so
2025-01-23 10:03:10 +0000  Skipping step: IDEDistributionZipODRItemStep because it said so
2025-01-23 10:03:10 +0000  Skipping step: IDEDistributionZipODRItemStep because it said so
2025-01-23 10:03:10 +0000  Skipping step: IDEDistributionZipODRItemStep because it said so
2025-01-23 10:03:10 +0000  Skipping step: IDEDistributionZipODRItemStep because it said so
2025-01-23 10:03:10 +0000  Skipping step: IDEDistributionZipODRItemStep because it said so
2025-01-23 10:03:10 +0000  Skipping step: IDEDistributionZipODRItemStep because it said so
2025-01-23 10:03:10 +0000  Skipping step: IDEDistributionZipODRItemStep because it said so
2025-01-23 10:03:10 +0000  Skipping step: IDEDistributionZipODRItemStep because it said so
2025-01-23 10:03:10 +0000  Skipping step: IDEDistributionZipODRItemStep because it said so
2025-01-23 10:03:10 +0000  Skipping step: IDEDistributionZipODRItemStep because it said so
2025-01-23 10:03:10 +0000  Skipping step: IDEDistributionZipODRItemStep because it said so
2025-01-23 10:03:10 +0000  Skipping step: IDEDistributionZipODRItemStep because it said so
2025-01-23 10:03:10 +0000  Skipping step: IDEDistributionZipODRItemStep because it said so
2025-01-23 10:03:10 +0000  Skipping step: IDEDistributionZipODRItemStep because it said so
2025-01-23 10:03:10 +0000  Skipping step: IDEDistributionZipODRItemStep because it said so
2025-01-23 10:03:10 +0000  Skipping step: IDEDistributionZipODRItemStep because it said so
2025-01-23 10:03:10 +0000  Skipping step: IDEDistributionZipODRItemStep because it said so
2025-01-23 10:03:10 +0000  Processing step: IDEDistributionCreateIPAStep
2025-01-23 10:03:10 +0000  Running /usr/bin/ditto '-V' '-c' '-k' '--norsrc' '/var/folders/c1/scr8lqss6bz1rlk85myhm_jc0000gn/T/XcodeDistPipeline.~~~WsWTzJ/Root' '/var/folders/c1/scr8lqss6bz1rlk85myhm_jc0000gn/T/XcodeDistPipeline.~~~WsWTzJ/Packages/CERQEL_TST.ipa'
2025-01-23 10:03:10 +0000  >>> Copying /var/folders/c1/scr8lqss6bz1rlk85myhm_jc0000gn/T/XcodeDistPipeline.~~~WsWTzJ/Root 
2025-01-23 10:03:10 +0000  copying file ./Payload/CERQEL.app/PhoneTypeCollectionViewCell.nib ... 
2025-01-23 10:03:10 +0000  4230 bytes for ./Payload/CERQEL.app/PhoneTypeCollectionViewCell.nib
2025-01-23 10:03:10 +0000  copying file ./Payload/CERQEL.app/_CodeSignature/CodeResources ... 
2025-01-23 10:03:10 +0000  280120 bytes for ./Payload/CERQEL.app/_CodeSignature/CodeResources
2025-01-23 10:03:10 +0000  copying file ./Payload/CERQEL.app/FileActionCell.nib ... 
2025-01-23 10:03:10 +0000  4913 bytes for ./Payload/CERQEL.app/FileActionCell.nib
2025-01-23 10:03:10 +0000  copying file ./Payload/CERQEL.app/CERQEL ... 
2025-01-23 10:03:11 +0000  17127616 bytes for ./Payload/CERQEL.app/CERQEL
2025-01-23 10:03:11 +0000  copying file ./Payload/CERQEL.app/PersonalInfoHeader.nib ... 
2025-01-23 10:03:11 +0000  5637 bytes for ./Payload/CERQEL.app/PersonalInfoHeader.nib
2025-01-23 10:03:11 +0000  copying file ./Payload/CERQEL.app/mediaItemCVcell.nib ... 
2025-01-23 10:03:11 +0000  8003 bytes for ./Payload/CERQEL.app/mediaItemCVcell.nib
2025-01-23 10:03:11 +0000  copying file ./Payload/CERQEL.app/SingleVisitorInfoTVcell.nib ... 
2025-01-23 10:03:11 +0000  8710 bytes for ./Payload/CERQEL.app/SingleVisitorInfoTVcell.nib
2025-01-23 10:03:11 +0000  copying file ./Payload/CERQEL.app/ThemeCVcell.nib ... 
2025-01-23 10:03:11 +0000  6547 bytes for ./Payload/CERQEL.app/ThemeCVcell.nib
2025-01-23 10:03:11 +0000  copying file ./Payload/CERQEL.app/SocialMediaListVC.nib ... 
2025-01-23 10:03:11 +0000  4527 bytes for ./Payload/CERQEL.app/SocialMediaListVC.nib
2025-01-23 10:03:11 +0000  copying file ./Payload/CERQEL.app/TasksRequestsTVcell.nib ... 
2025-01-23 10:03:11 +0000  6517 bytes for ./Payload/CERQEL.app/TasksRequestsTVcell.nib
2025-01-23 10:03:11 +0000  copying file ./Payload/CERQEL.app/MCQTableViewCell.nib ... 
2025-01-23 10:03:11 +0000  3574 bytes for ./Payload/CERQEL.app/MCQTableViewCell.nib
2025-01-23 10:03:11 +0000  copying file ./Payload/CERQEL.app/MyCalendarTVcell.nib ... 
2025-01-23 10:03:11 +0000  6473 bytes for ./Payload/CERQEL.app/MyCalendarTVcell.nib
2025-01-23 10:03:11 +0000  copying file ./Payload/CERQEL.app/MapTableViewCell.nib ... 
2025-01-23 10:03:11 +0000  7216 bytes for ./Payload/CERQEL.app/MapTableViewCell.nib
2025-01-23 10:03:11 +0000  copying file ./Payload/CERQEL.app/ar.lproj/UploadWorkExperienceCVView.strings ... 
2025-01-23 10:03:11 +0000  389 bytes for ./Payload/CERQEL.app/ar.lproj/UploadWorkExperienceCVView.strings
2025-01-23 10:03:11 +0000  copying file ./Payload/CERQEL.app/ar.lproj/RecentSearchVC.strings ... 
2025-01-23 10:03:11 +0000  306 bytes for ./Payload/CERQEL.app/ar.lproj/RecentSearchVC.strings
2025-01-23 10:03:11 +0000  copying file ./Payload/CERQEL.app/ar.lproj/AcknowledgeVC.strings ... 
2025-01-23 10:03:11 +0000  1257 bytes for ./Payload/CERQEL.app/ar.lproj/AcknowledgeVC.strings
2025-01-23 10:03:11 +0000  copying file ./Payload/CERQEL.app/ar.lproj/AddEditAddressViewController.strings ... 
2025-01-23 10:03:11 +0000  5945 bytes for ./Payload/CERQEL.app/ar.lproj/AddEditAddressViewController.strings
2025-01-23 10:03:11 +0000  copying file ./Payload/CERQEL.app/ar.lproj/UpdateYourInfoTableViewCell.strings ... 
2025-01-23 10:03:11 +0000  199 bytes for ./Payload/CERQEL.app/ar.lproj/UpdateYourInfoTableViewCell.strings
2025-01-23 10:03:11 +0000  copying file ./Payload/CERQEL.app/ar.lproj/ProfilePhotoSheetVC.strings ... 
2025-01-23 10:03:11 +0000  178 bytes for ./Payload/CERQEL.app/ar.lproj/ProfilePhotoSheetVC.strings
2025-01-23 10:03:11 +0000  copying file ./Payload/CERQEL.app/ar.lproj/AllResultsHeaderView.strings ... 
2025-01-23 10:03:11 +0000  128 bytes for ./Payload/CERQEL.app/ar.lproj/AllResultsHeaderView.strings
2025-01-23 10:03:11 +0000  copying file ./Payload/CERQEL.app/ar.lproj/AddEditDependentsViewController.strings ... 
2025-01-23 10:03:11 +0000  5167 bytes for ./Payload/CERQEL.app/ar.lproj/AddEditDependentsViewController.strings
2025-01-23 10:03:11 +0000  copying file ./Payload/CERQEL.app/ar.lproj/WithDrawBottomSheet.strings ... 
2025-01-23 10:03:11 +0000  236 bytes for ./Payload/CERQEL.app/ar.lproj/WithDrawBottomSheet.strings
2025-01-23 10:03:11 +0000  copying file ./Payload/CERQEL.app/ar.lproj/AddCertificatesViewCerqel.strings ... 
2025-01-23 10:03:11 +0000  677 bytes for ./Payload/CERQEL.app/ar.lproj/AddCertificatesViewCerqel.strings
2025-01-23 10:03:11 +0000  copying file ./Payload/CERQEL.app/ar.lproj/OrganizationViewController.strings ... 
2025-01-23 10:03:11 +0000  108 bytes for ./Payload/CERQEL.app/ar.lproj/OrganizationViewController.strings
copying file ./Payload/CERQEL.app/ar.lproj/ExecuteActionTVcell.strings ... 
2025-01-23 10:03:11 +0000  162 bytes for ./Payload/CERQEL.app/ar.lproj/ExecuteActionTVcell.strings
2025-01-23 10:03:11 +0000  copying file ./Payload/CERQEL.app/ar.lproj/AddRelativesViewController.strings ... 
2025-01-23 10:03:11 +0000  1834 bytes for ./Payload/CERQEL.app/ar.lproj/AddRelativesViewController.strings
2025-01-23 10:03:11 +0000  copying file ./Payload/CERQEL.app/ar.lproj/RecentSearchView.strings ... 
2025-01-23 10:03:11 +0000  254 bytes for ./Payload/CERQEL.app/ar.lproj/RecentSearchView.strings
2025-01-23 10:03:11 +0000  copying file ./Payload/CERQEL.app/ar.lproj/AddPrivateWorkViewController.strings ... 
2025-01-23 10:03:11 +0000  2227 bytes for ./Payload/CERQEL.app/ar.lproj/AddPrivateWorkViewController.strings
2025-01-23 10:03:11 +0000  copying file ./Payload/CERQEL.app/ar.lproj/UploadFileView.strings ... 
2025-01-23 10:03:11 +0000  4634 bytes for ./Payload/CERQEL.app/ar.lproj/UploadFileView.strings
2025-01-23 10:03:11 +0000  copying file ./Payload/CERQEL.app/ar.lproj/Main.strings ... 
2025-01-23 10:03:11 +0000  2924 bytes for ./Payload/CERQEL.app/ar.lproj/Main.strings
2025-01-23 10:03:11 +0000  copying file ./Payload/CERQEL.app/ar.lproj/BaseList.strings ... 
2025-01-23 10:03:11 +0000  356 bytes for ./Payload/CERQEL.app/ar.lproj/BaseList.strings
2025-01-23 10:03:11 +0000  copying file ./Payload/CERQEL.app/ar.lproj/AddContactView.strings ... 
2025-01-23 10:03:11 +0000  6532 bytes for ./Payload/CERQEL.app/ar.lproj/AddContactView.strings
2025-01-23 10:03:11 +0000  copying file ./Payload/CERQEL.app/ar.lproj/DocumentsListView.strings ... 
2025-01-23 10:03:11 +0000  577 bytes for ./Payload/CERQEL.app/ar.lproj/DocumentsListView.strings
2025-01-23 10:03:11 +0000  copying file ./Payload/CERQEL.app/ar.lproj/BusinessCardVC.strings ... 
2025-01-23 10:03:11 +0000  431 bytes for ./Payload/CERQEL.app/ar.lproj/BusinessCardVC.strings
2025-01-23 10:03:11 +0000  copying file ./Payload/CERQEL.app/ar.lproj/AddWorkExperinceViewController.strings ... 
2025-01-23 10:03:11 +0000  621 bytes for ./Payload/CERQEL.app/ar.lproj/AddWorkExperinceViewController.strings
2025-01-23 10:03:11 +0000  copying file ./Payload/CERQEL.app/ar.lproj/Localizable.strings ... 
2025-01-23 10:03:11 +0000  89953 bytes for ./Payload/CERQEL.app/ar.lproj/Localizable.strings
2025-01-23 10:03:11 +0000  copying file ./Payload/CERQEL.app/ar.lproj/ReportView.strings ... 
2025-01-23 10:03:11 +0000  363 bytes for ./Payload/CERQEL.app/ar.lproj/ReportView.strings
2025-01-23 10:03:11 +0000  copying file ./Payload/CERQEL.app/ar.lproj/AddEducationViewController.strings ... 
2025-01-23 10:03:11 +0000  2388 bytes for ./Payload/CERQEL.app/ar.lproj/AddEducationViewController.strings
2025-01-23 10:03:11 +0000  copying file ./Payload/CERQEL.app/ar.lproj/ServicesListView.strings ... 
2025-01-23 10:03:11 +0000  348 bytes for ./Payload/CERQEL.app/ar.lproj/ServicesListView.strings
2025-01-23 10:03:11 +0000  copying file ./Payload/CERQEL.app/ar.lproj/SuccessBottomSheetViewController.strings ... 
2025-01-23 10:03:11 +0000  240 bytes for ./Payload/CERQEL.app/ar.lproj/SuccessBottomSheetViewController.strings
2025-01-23 10:03:11 +0000  copying file ./Payload/CERQEL.app/ar.lproj/SubCategoriesView.strings ... 
2025-01-23 10:03:11 +0000  328 bytes for ./Payload/CERQEL.app/ar.lproj/SubCategoriesView.strings
2025-01-23 10:03:11 +0000  copying file ./Payload/CERQEL.app/ar.lproj/EditContactInfoViewController.strings ... 
2025-01-23 10:03:11 +0000  1941 bytes for ./Payload/CERQEL.app/ar.lproj/EditContactInfoViewController.strings
2025-01-23 10:03:11 +0000  copying file ./Payload/CERQEL.app/ar.lproj/SearchResultsView.strings ... 
2025-01-23 10:03:11 +0000  650 bytes for ./Payload/CERQEL.app/ar.lproj/SearchResultsView.strings
2025-01-23 10:03:11 +0000  copying file ./Payload/CERQEL.app/ar.lproj/EditBasicInfoViewController.strings ... 
2025-01-23 10:03:11 +0000  4721 bytes for ./Payload/CERQEL.app/ar.lproj/EditBasicInfoViewController.strings
2025-01-23 10:03:11 +0000  copying file ./Payload/CERQEL.app/ar.lproj/SummaryViewController.strings ... 
2025-01-23 10:03:11 +0000  493 bytes for ./Payload/CERQEL.app/ar.lproj/SummaryViewController.strings
2025-01-23 10:03:11 +0000  copying file ./Payload/CERQEL.app/ar.lproj/DeleteBottomSheet.strings ... 
2025-01-23 10:03:11 +0000  224 bytes for ./Payload/CERQEL.app/ar.lproj/DeleteBottomSheet.strings
2025-01-23 10:03:11 +0000  copying file ./Payload/CERQEL.app/ar.lproj/FAQsListView.strings ... 
2025-01-23 10:03:11 +0000  272 bytes for ./Payload/CERQEL.app/ar.lproj/FAQsListView.strings
2025-01-23 10:03:11 +0000  copying file ./Payload/CERQEL.app/NewsCVcell.nib ... 
2025-01-23 10:03:11 +0000  8499 bytes for ./Payload/CERQEL.app/NewsCVcell.nib
2025-01-23 10:03:11 +0000  copying file ./Payload/CERQEL.app/RangeDatePickerTVcell.nib ... 
2025-01-23 10:03:11 +0000  7715 bytes for ./Payload/CERQEL.app/RangeDatePickerTVcell.nib
2025-01-23 10:03:11 +0000  copying file ./Payload/CERQEL.app/EventsNewCVCell.nib ... 
2025-01-23 10:03:11 +0000  8712 bytes for ./Payload/CERQEL.app/EventsNewCVCell.nib
2025-01-23 10:03:11 +0000  copying file ./Payload/CERQEL.app/NewOptionTVCell.nib ... 
2025-01-23 10:03:11 +0000  4408 bytes for ./Payload/CERQEL.app/NewOptionTVCell.nib
2025-01-23 10:03:11 +0000  copying file ./Payload/CERQEL.app/AddSocialMediaViewCerqel.nib ... 
2025-01-23 10:03:11 +0000  13715 bytes for ./Payload/CERQEL.app/AddSocialMediaViewCerqel.nib
2025-01-23 10:03:11 +0000  copying file ./Payload/CERQEL.app/NestedValueDetailsVC.nib ... 
2025-01-23 10:03:11 +0000  2967 bytes for ./Payload/CERQEL.app/NestedValueDetailsVC.nib
2025-01-23 10:03:11 +0000  copying file ./Payload/CERQEL.app/ServiceBase.nib ... 
2025-01-23 10:03:11 +0000  4443 bytes for ./Payload/CERQEL.app/ServiceBase.nib
2025-01-23 10:03:11 +0000  copying file ./Payload/CERQEL.app/NewInvitePeopleTVCell.nib ... 
2025-01-23 10:03:11 +0000  5878 bytes for ./Payload/CERQEL.app/NewInvitePeopleTVCell.nib
2025-01-23 10:03:11 +0000  copying file ./Payload/CERQEL.app/LabelView.nib ... 
2025-01-23 10:03:11 +0000  3390 bytes for ./Payload/CERQEL.app/LabelView.nib
2025-01-23 10:03:11 +0000  copying file ./Payload/CERQEL.app/AddCommentBottomSheet.nib ... 
2025-01-23 10:03:11 +0000  8414 bytes for ./Payload/CERQEL.app/AddCommentBottomSheet.nib
2025-01-23 10:03:11 +0000  copying file ./Payload/CERQEL.app/NextPreviousComponent.nib ... 
2025-01-23 10:03:11 +0000  8078 bytes for ./Payload/CERQEL.app/NextPreviousComponent.nib
2025-01-23 10:03:11 +0000  copying file ./Payload/CERQEL.app/NewSwitchCell.nib ... 
2025-01-23 10:03:11 +0000  7997 bytes for ./Payload/CERQEL.app/NewSwitchCell.nib
2025-01-23 10:03:11 +0000  copying file ./Payload/CERQEL.app/ItemOfSummaryTableViewCell.nib ... 
2025-01-23 10:03:11 +0000  6220 bytes for ./Payload/CERQEL.app/ItemOfSummaryTableViewCell.nib
2025-01-23 10:03:11 +0000  copying file ./Payload/CERQEL.app/SearchCategoryCollectionViewCell.nib ... 
2025-01-23 10:03:11 +0000  5302 bytes for ./Payload/CERQEL.app/SearchCategoryCollectionViewCell.nib
2025-01-23 10:03:11 +0000  copying file ./Payload/CERQEL.app/AudioViewController.nib ... 
2025-01-23 10:03:11 +0000  11415 bytes for ./Payload/CERQEL.app/AudioViewController.nib
2025-01-23 10:03:11 +0000  copying file ./Payload/CERQEL.app/CheckBoxView.nib ... 
2025-01-23 10:03:11 +0000  4773 bytes for ./Payload/CERQEL.app/CheckBoxView.nib
2025-01-23 10:03:11 +0000  copying file ./Payload/CERQEL.app/PrivateWorkViewController.nib ... 
2025-01-23 10:03:11 +0000  6299 bytes for ./Payload/CERQEL.app/PrivateWorkViewController.nib
2025-01-23 10:03:11 +0000  copying file ./Payload/CERQEL.app/dbAnnouncementTVcell.nib ... 
2025-01-23 10:03:11 +0000  13451 bytes for ./Payload/CERQEL.app/dbAnnouncementTVcell.nib
2025-01-23 10:03:11 +0000  copying file ./Payload/CERQEL.app/en.lproj/Localizable.strings ... 
2025-01-23 10:03:11 +0000  5281 bytes for ./Payload/CERQEL.app/en.lproj/Localizable.strings
2025-01-23 10:03:11 +0000  copying file ./Payload/CERQEL.app/en.lproj/DeleteBottomSheet.strings ... 
2025-01-23 10:03:11 +0000  229 bytes for ./Payload/CERQEL.app/en.lproj/DeleteBottomSheet.strings
2025-01-23 10:03:11 +0000  copying file ./Payload/CERQEL.app/CerqelCheckBoxSortCell.nib ... 
2025-01-23 10:03:11 +0000  5561 bytes for ./Payload/CERQEL.app/CerqelCheckBoxSortCell.nib
2025-01-23 10:03:11 +0000  copying file ./Payload/CERQEL.app/KnowledgeBaseListVC.nib ... 
2025-01-23 10:03:11 +0000  8579 bytes for ./Payload/CERQEL.app/KnowledgeBaseListVC.nib
2025-01-23 10:03:11 +0000  copying file ./Payload/CERQEL.app/AnnounceAttachmentTVcellCerqel.nib ... 
2025-01-23 10:03:11 +0000  7116 bytes for ./Payload/CERQEL.app/AnnounceAttachmentTVcellCerqel.nib
2025-01-23 10:03:11 +0000  copying file ./Payload/CERQEL.app/EmptyPreviousActionsTVcell.nib ... 
2025-01-23 10:03:11 +0000  5178 bytes for ./Payload/CERQEL.app/EmptyPreviousActionsTVcell.nib
2025-01-23 10:03:11 +0000  copying file ./Payload/CERQEL.app/FileWebViewController.nib ... 
2025-01-23 10:03:11 +0000  5738 bytes for ./Payload/CERQEL.app/FileWebViewController.nib
2025-01-23 10:03:11 +0000  copying file ./Payload/CERQEL.app/DelegatorVC.nib ... 
2025-01-23 10:03:11 +0000  13397 bytes for ./Payload/CERQEL.app/DelegatorVC.nib
copying file ./Payload/CERQEL.app/TakeActionTVC.nib ... 
2025-01-23 10:03:11 +0000  3952 bytes for ./Payload/CERQEL.app/TakeActionTVC.nib
2025-01-23 10:03:11 +0000  copying file ./Payload/CERQEL.app/PieChartTVCell.nib ... 
2025-01-23 10:03:11 +0000  5311 bytes for ./Payload/CERQEL.app/PieChartTVCell.nib
2025-01-23 10:03:11 +0000  copying file ./Payload/CERQEL.app/NewLblTVcell.nib ... 
2025-01-23 10:03:11 +0000  6781 bytes for ./Payload/CERQEL.app/NewLblTVcell.nib
2025-01-23 10:03:11 +0000  copying file ./Payload/CERQEL.app/CerqelCategoryFilterTVCell.nib ... 
2025-01-23 10:03:11 +0000  6812 bytes for ./Payload/CERQEL.app/CerqelCategoryFilterTVCell.nib
2025-01-23 10:03:11 +0000  copying file ./Payload/CERQEL.app/ProfileCVSectionHeaderV.nib ... 
2025-01-23 10:03:11 +0000  7109 bytes for ./Payload/CERQEL.app/ProfileCVSectionHeaderV.nib
2025-01-23 10:03:11 +0000  copying file ./Payload/CERQEL.app/FillCell.nib ... 
2025-01-23 10:03:11 +0000  13784 bytes for ./Payload/CERQEL.app/FillCell.nib
2025-01-23 10:03:11 +0000  copying file ./Payload/CERQEL.app/AllMyAppsViewController.nib ... 
2025-01-23 10:03:11 +0000  2976 bytes for ./Payload/CERQEL.app/AllMyAppsViewController.nib
2025-01-23 10:03:11 +0000  copying file ./Payload/CERQEL.app/dbEventsTVcell.nib ... 
2025-01-23 10:03:11 +0000  7302 bytes for ./Payload/CERQEL.app/dbEventsTVcell.nib
2025-01-23 10:03:11 +0000  copying file ./Payload/CERQEL.app/OffersViewController.nib ... 
2025-01-23 10:03:11 +0000  3284 bytes for ./Payload/CERQEL.app/OffersViewController.nib
2025-01-23 10:03:11 +0000  copying file ./Payload/CERQEL.app/CompanyInformationTableViewCell.nib ... 
2025-01-23 10:03:11 +0000  5016 bytes for ./Payload/CERQEL.app/CompanyInformationTableViewCell.nib
2025-01-23 10:03:11 +0000  copying file ./Payload/CERQEL.app/NewFormBuilder.storyboardc/0W1-dk-yRu-view-ljK-5Q-SFc.nib ... 
2025-01-23 10:03:11 +0000  21317 bytes for ./Payload/CERQEL.app/NewFormBuilder.storyboardc/0W1-dk-yRu-view-ljK-5Q-SFc.nib
2025-01-23 10:03:11 +0000  copying file ./Payload/CERQEL.app/NewFormBuilder.storyboardc/FormViewController.nib ... 
2025-01-23 10:03:11 +0000  1290 bytes for ./Payload/CERQEL.app/NewFormBuilder.storyboardc/FormViewController.nib
2025-01-23 10:03:11 +0000  copying file ./Payload/CERQEL.app/NewFormBuilder.storyboardc/Info.plist ... 
2025-01-23 10:03:11 +0000  209 bytes for ./Payload/CERQEL.app/NewFormBuilder.storyboardc/Info.plist
2025-01-23 10:03:11 +0000  copying file ./Payload/CERQEL.app/CerqelSingleSelectionFilterTVCell.nib ... 
2025-01-23 10:03:11 +0000  4793 bytes for ./Payload/CERQEL.app/CerqelSingleSelectionFilterTVCell.nib
2025-01-23 10:03:11 +0000  copying file ./Payload/CERQEL.app/RequestSummaryVC.nib ... 
2025-01-23 10:03:11 +0000  7170 bytes for ./Payload/CERQEL.app/RequestSummaryVC.nib
2025-01-23 10:03:11 +0000  copying file ./Payload/CERQEL.app/HomeMyAppCollectionViewCell.nib ... 
2025-01-23 10:03:11 +0000  5893 bytes for ./Payload/CERQEL.app/HomeMyAppCollectionViewCell.nib
2025-01-23 10:03:11 +0000  copying file ./Payload/CERQEL.app/WorkExperinceVC.nib ... 
2025-01-23 10:03:11 +0000  6458 bytes for ./Payload/CERQEL.app/WorkExperinceVC.nib
2025-01-23 10:03:11 +0000  copying file ./Payload/CERQEL.app/AttachCommentCVcell.nib ... 
2025-01-23 10:03:11 +0000  5731 bytes for ./Payload/CERQEL.app/AttachCommentCVcell.nib
2025-01-23 10:03:11 +0000  copying file ./Payload/CERQEL.app/FileView.nib ... 
2025-01-23 10:03:11 +0000  5235 bytes for ./Payload/CERQEL.app/FileView.nib
copying file ./Payload/CERQEL.app/RichTextView.nib ... 
2025-01-23 10:03:11 +0000  8316 bytes for ./Payload/CERQEL.app/RichTextView.nib
2025-01-23 10:03:11 +0000  copying file ./Payload/CERQEL.app/MyCalendarVC.nib ... 
2025-01-23 10:03:11 +0000  6926 bytes for ./Payload/CERQEL.app/MyCalendarVC.nib
2025-01-23 10:03:11 +0000  copying file ./Payload/CERQEL.app/EmployeeViewController.nib ... 
2025-01-23 10:03:11 +0000  3219 bytes for ./Payload/CERQEL.app/EmployeeViewController.nib
2025-01-23 10:03:11 +0000  copying file ./Payload/CERQEL.app/MultipleAttachmentView.nib ... 
2025-01-23 10:03:11 +0000  8273 bytes for ./Payload/CERQEL.app/MultipleAttachmentView.nib
2025-01-23 10:03:11 +0000  copying file ./Payload/CERQEL.app/OfferDetailsAttachmentTVCellCerqel.nib ... 
2025-01-23 10:03:11 +0000  6293 bytes for ./Payload/CERQEL.app/OfferDetailsAttachmentTVCellCerqel.nib
2025-01-23 10:03:11 +0000  copying file ./Payload/CERQEL.app/GlobalSearchBaseView.nib ... 
2025-01-23 10:03:11 +0000  9299 bytes for ./Payload/CERQEL.app/GlobalSearchBaseView.nib
2025-01-23 10:03:11 +0000  copying file ./Payload/CERQEL.app/FilesListView.nib ... 
2025-01-23 10:03:11 +0000  18782 bytes for ./Payload/CERQEL.app/FilesListView.nib
2025-01-23 10:03:11 +0000  copying file ./Payload/CERQEL.app/EventsListViewController.nib ... 
2025-01-23 10:03:11 +0000  3001 bytes for ./Payload/CERQEL.app/EventsListViewController.nib
2025-01-23 10:03:11 +0000  copying file ./Payload/CERQEL.app/HomeHeaderCell.nib ... 
2025-01-23 10:03:11 +0000  4425 bytes for ./Payload/CERQEL.app/HomeHeaderCell.nib
2025-01-23 10:03:11 +0000  copying file ./Payload/CERQEL.app/ChangePasswordView.nib ... 
2025-01-23 10:03:11 +0000  7388 bytes for ./Payload/CERQEL.app/ChangePasswordView.nib
2025-01-23 10:03:11 +0000  copying file ./Payload/CERQEL.app/PeopleInvitedTVcell.nib ... 
2025-01-23 10:03:11 +0000  6021 bytes for ./Payload/CERQEL.app/PeopleInvitedTVcell.nib
2025-01-23 10:03:11 +0000  copying file ./Payload/CERQEL.app/DownloadAttTvcell.nib ... 
2025-01-23 10:03:11 +0000  4860 bytes for ./Payload/CERQEL.app/DownloadAttTvcell.nib
2025-01-23 10:03:11 +0000  copying file ./Payload/CERQEL.app/RequestsCVCell.nib ... 
2025-01-23 10:03:11 +0000  11572 bytes for ./Payload/CERQEL.app/RequestsCVCell.nib
2025-01-23 10:03:11 +0000  copying file ./Payload/CERQEL.app/RequestsGSView.nib ... 
2025-01-23 10:03:11 +0000  3227 bytes for ./Payload/CERQEL.app/RequestsGSView.nib
2025-01-23 10:03:11 +0000  copying file ./Payload/CERQEL.app/HomeEventsTVcell.nib ... 
2025-01-23 10:03:11 +0000  6437 bytes for ./Payload/CERQEL.app/HomeEventsTVcell.nib
2025-01-23 10:03:11 +0000  copying file ./Payload/CERQEL.app/NotificationDetailsTVCell.nib ... 
2025-01-23 10:03:11 +0000  2971 bytes for ./Payload/CERQEL.app/NotificationDetailsTVCell.nib
2025-01-23 10:03:11 +0000  copying file ./Payload/CERQEL.app/ServiceHeaderView.nib ... 
2025-01-23 10:03:11 +0000  7140 bytes for ./Payload/CERQEL.app/ServiceHeaderView.nib
2025-01-23 10:03:11 +0000  copying file ./Payload/CERQEL.app/RelativesListViewController.nib ... 
2025-01-23 10:03:11 +0000  6294 bytes for ./Payload/CERQEL.app/RelativesListViewController.nib
2025-01-23 10:03:11 +0000  copying file ./Payload/CERQEL.app/BussenissCardSheetVC.nib ... 
2025-01-23 10:03:11 +0000  12056 bytes for ./Payload/CERQEL.app/BussenissCardSheetVC.nib
2025-01-23 10:03:11 +0000  copying file ./Payload/CERQEL.app/ChatTVcell.nib ... 
2025-01-23 10:03:11 +0000  8558 bytes for ./Payload/CERQEL.app/ChatTVcell.nib
2025-01-23 10:03:11 +0000  copying file ./Payload/CERQEL.app/NewsListViewController.nib ... 
2025-01-23 10:03:11 +0000  3402 bytes for ./Payload/CERQEL.app/NewsListViewController.nib
2025-01-23 10:03:11 +0000  copying file ./Payload/CERQEL.app/FAQsGlobalSearchTableViewCell.nib ... 
2025-01-23 10:03:11 +0000  3309 bytes for ./Payload/CERQEL.app/FAQsGlobalSearchTableViewCell.nib
2025-01-23 10:03:11 +0000  copying file ./Payload/CERQEL.app/StatusFilterTableViewCell.nib ... 
2025-01-23 10:03:11 +0000  5988 bytes for ./Payload/CERQEL.app/StatusFilterTableViewCell.nib
2025-01-23 10:03:11 +0000  copying file ./Payload/CERQEL.app/Poppins-Light.ttf ... 
2025-01-23 10:03:11 +0000  159892 bytes for ./Payload/CERQEL.app/Poppins-Light.ttf
2025-01-23 10:03:11 +0000  copying file ./Payload/CERQEL.app/CompanyProfileDetailsVC.nib ... 
2025-01-23 10:03:11 +0000  7317 bytes for ./Payload/CERQEL.app/CompanyProfileDetailsVC.nib
2025-01-23 10:03:11 +0000  copying file ./Payload/CERQEL.app/ReusableHeader.nib ... 
2025-01-23 10:03:11 +0000  10768 bytes for ./Payload/CERQEL.app/ReusableHeader.nib
2025-01-23 10:03:11 +0000  copying file ./Payload/CERQEL.app/AddEditInvitedCV.nib ... 
2025-01-23 10:03:11 +0000  4095 bytes for ./Payload/CERQEL.app/AddEditInvitedCV.nib
2025-01-23 10:03:11 +0000  copying file ./Payload/CERQEL.app/LocationTableViewCell.nib ... 
2025-01-23 10:03:11 +0000  9884 bytes for ./Payload/CERQEL.app/LocationTableViewCell.nib
2025-01-23 10:03:11 +0000  copying file ./Payload/CERQEL.app/loading.json ... 
2025-01-23 10:03:11 +0000  10548 bytes for ./Payload/CERQEL.app/loading.json
2025-01-23 10:03:11 +0000  copying file ./Payload/CERQEL.app/SwitchTVcell.nib ... 
2025-01-23 10:03:11 +0000  5654 bytes for ./Payload/CERQEL.app/SwitchTVcell.nib
2025-01-23 10:03:11 +0000  copying file ./Payload/CERQEL.app/Poppins-Medium.ttf ... 
2025-01-23 10:03:11 +0000  156520 bytes for ./Payload/CERQEL.app/Poppins-Medium.ttf
2025-01-23 10:03:11 +0000  copying file ./Payload/CERQEL.app/RadioBtnBaseSortCell.nib ... 
2025-01-23 10:03:11 +0000  5433 bytes for ./Payload/CERQEL.app/RadioBtnBaseSortCell.nib
2025-01-23 10:03:11 +0000  copying file ./Payload/CERQEL.app/CheckBoxCell.nib ... 
2025-01-23 10:03:11 +0000  5428 bytes for ./Payload/CERQEL.app/CheckBoxCell.nib
2025-01-23 10:03:11 +0000  copying file ./Payload/CERQEL.app/NewInvitePeopleVC.nib ... 
2025-01-23 10:03:11 +0000  11716 bytes for ./Payload/CERQEL.app/NewInvitePeopleVC.nib
2025-01-23 10:03:11 +0000  copying file ./Payload/CERQEL.app/SearchHeaderView.nib ... 
2025-01-23 10:03:11 +0000  6683 bytes for ./Payload/CERQEL.app/SearchHeaderView.nib
2025-01-23 10:03:11 +0000  copying file ./Payload/CERQEL.app/MediaLibraryViewCerqel.nib ... 
2025-01-23 10:03:11 +0000  12285 bytes for ./Payload/CERQEL.app/MediaLibraryViewCerqel.nib
2025-01-23 10:03:11 +0000  copying file ./Payload/CERQEL.app/LabelBottomSheetVC.nib ... 
2025-01-23 10:03:11 +0000  7886 bytes for ./Payload/CERQEL.app/LabelBottomSheetVC.nib
2025-01-23 10:03:11 +0000  copying file ./Payload/CERQEL.app/RecentlyUsedCVCell.nib ... 
2025-01-23 10:03:11 +0000  4844 bytes for ./Payload/CERQEL.app/RecentlyUsedCVCell.nib
2025-01-23 10:03:11 +0000  copying file ./Payload/CERQEL.app/ExpandNoteFooterView.nib ... 
2025-01-23 10:03:11 +0000  4220 bytes for ./Payload/CERQEL.app/ExpandNoteFooterView.nib
2025-01-23 10:03:11 +0000  copying file ./Payload/CERQEL.app/RecentKnowledgeCVcell.nib ... 
2025-01-23 10:03:11 +0000  3660 bytes for ./Payload/CERQEL.app/RecentKnowledgeCVcell.nib
2025-01-23 10:03:11 +0000  copying file ./Payload/CERQEL.app/SearchScreenVC.nib ... 
2025-01-23 10:03:11 +0000  11088 bytes for ./Payload/CERQEL.app/SearchScreenVC.nib
2025-01-23 10:03:11 +0000  copying file ./Payload/CERQEL.app/AboutCompanyVC.nib ... 
2025-01-23 10:03:11 +0000  1256 bytes for ./Payload/CERQEL.app/AboutCompanyVC.nib
2025-01-23 10:03:11 +0000  copying file ./Payload/CERQEL.app/UnAuthorizedVC.nib ... 
2025-01-23 10:03:11 +0000  5161 bytes for ./Payload/CERQEL.app/UnAuthorizedVC.nib
2025-01-23 10:03:11 +0000  copying file ./Payload/CERQEL.app/AnnouncementListVCCerqel.nib ... 
2025-01-23 10:03:11 +0000  13942 bytes for ./Payload/CERQEL.app/AnnouncementListVCCerqel.nib
2025-01-23 10:03:11 +0000  copying file ./Payload/CERQEL.app/EmpInfoTVC.nib ... 
2025-01-23 10:03:11 +0000  6030 bytes for ./Payload/CERQEL.app/EmpInfoTVC.nib
2025-01-23 10:03:11 +0000  copying file ./Payload/CERQEL.app/AnnouncementCVcell.nib ... 
2025-01-23 10:03:11 +0000  17219 bytes for ./Payload/CERQEL.app/AnnouncementCVcell.nib
2025-01-23 10:03:11 +0000  copying file ./Payload/CERQEL.app/NewCheckboxView.nib ... 
2025-01-23 10:03:11 +0000  4751 bytes for ./Payload/CERQEL.app/NewCheckboxView.nib
2025-01-23 10:03:11 +0000  copying file ./Payload/CERQEL.app/AppIcon60x60@2x.png ... 
2025-01-23 10:03:11 +0000  8186 bytes for ./Payload/CERQEL.app/AppIcon60x60@2x.png
2025-01-23 10:03:11 +0000  copying file ./Payload/CERQEL.app/AddEditMedicalInsuranceViewController.nib ... 
2025-01-23 10:03:11 +0000  17774 bytes for ./Payload/CERQEL.app/AddEditMedicalInsuranceViewController.nib
2025-01-23 10:03:11 +0000  copying file ./Payload/CERQEL.app/KnowledgeBaseSearchVC.nib ... 
2025-01-23 10:03:11 +0000  4152 bytes for ./Payload/CERQEL.app/KnowledgeBaseSearchVC.nib
2025-01-23 10:03:11 +0000  copying file ./Payload/CERQEL.app/LeavePageAlertSheet.nib ... 
2025-01-23 10:03:11 +0000  11995 bytes for ./Payload/CERQEL.app/LeavePageAlertSheet.nib
2025-01-23 10:03:11 +0000  copying file ./Payload/CERQEL.app/tableControlTVcell.nib ... 
2025-01-23 10:03:11 +0000  5712 bytes for ./Payload/CERQEL.app/tableControlTVcell.nib
2025-01-23 10:03:11 +0000  copying file ./Payload/CERQEL.app/EditJobDetailsViewController.nib ... 
2025-01-23 10:03:11 +0000  25928 bytes for ./Payload/CERQEL.app/EditJobDetailsViewController.nib
2025-01-23 10:03:11 +0000  copying file ./Payload/CERQEL.app/RecentSearchTVCell.nib ... 
2025-01-23 10:03:11 +0000  5507 bytes for ./Payload/CERQEL.app/RecentSearchTVCell.nib
2025-01-23 10:03:11 +0000  copying file ./Payload/CERQEL.app/EmptyTableViewCell.nib ... 
2025-01-23 10:03:11 +0000  2930 bytes for ./Payload/CERQEL.app/EmptyTableViewCell.nib
2025-01-23 10:03:11 +0000  copying file ./Payload/CERQEL.app/CertificateAndCourseTVCell.nib ... 
2025-01-23 10:03:11 +0000  12641 bytes for ./Payload/CERQEL.app/CertificateAndCourseTVCell.nib
2025-01-23 10:03:11 +0000  copying file ./Payload/CERQEL.app/AllServicesViewController.nib ... 
2025-01-23 10:03:11 +0000  17617 bytes for ./Payload/CERQEL.app/AllServicesViewController.nib
copying file ./Payload/CERQEL.app/ServicesGSView.nib ... 
2025-01-23 10:03:11 +0000  3144 bytes for ./Payload/CERQEL.app/ServicesGSView.nib
2025-01-23 10:03:11 +0000  copying file ./Payload/CERQEL.app/MainTabViewController.nib ... 
2025-01-23 10:03:11 +0000  1225 bytes for ./Payload/CERQEL.app/MainTabViewController.nib
2025-01-23 10:03:11 +0000  copying file ./Payload/CERQEL.app/ProfileBaseVC.nib ... 
2025-01-23 10:03:11 +0000  3429 bytes for ./Payload/CERQEL.app/ProfileBaseVC.nib
2025-01-23 10:03:11 +0000  copying file ./Payload/CERQEL.app/NewsListTVcellCerqel.nib ... 
2025-01-23 10:03:11 +0000  9944 bytes for ./Payload/CERQEL.app/NewsListTVcellCerqel.nib
2025-01-23 10:03:11 +0000  copying file ./Payload/CERQEL.app/NumericalStatisticsTVCell.nib ... 
2025-01-23 10:03:11 +0000  6623 bytes for ./Payload/CERQEL.app/NumericalStatisticsTVCell.nib
2025-01-23 10:03:11 +0000  copying file ./Payload/CERQEL.app/DependantsListViewController.nib ... 
2025-01-23 10:03:11 +0000  6296 bytes for ./Payload/CERQEL.app/DependantsListViewController.nib
2025-01-23 10:03:11 +0000  copying file ./Payload/CERQEL.app/EmergencylistViewController.nib ... 
2025-01-23 10:03:11 +0000  6303 bytes for ./Payload/CERQEL.app/EmergencylistViewController.nib
2025-01-23 10:03:11 +0000  copying file ./Payload/CERQEL.app/OrganizationBaseView.nib ... 
2025-01-23 10:03:11 +0000  4988 bytes for ./Payload/CERQEL.app/OrganizationBaseView.nib
2025-01-23 10:03:11 +0000  copying file ./Payload/CERQEL.app/HomeMyAppsTVCell.nib ... 
2025-01-23 10:03:11 +0000  5113 bytes for ./Payload/CERQEL.app/HomeMyAppsTVCell.nib
2025-01-23 10:03:11 +0000  copying file ./Payload/CERQEL.app/EmployeeTableViewCell.nib ... 
2025-01-23 10:03:11 +0000  3200 bytes for ./Payload/CERQEL.app/EmployeeTableViewCell.nib
2025-01-23 10:03:11 +0000  copying file ./Payload/CERQEL.app/SalaryItem.nib ... 
2025-01-23 10:03:11 +0000  3916 bytes for ./Payload/CERQEL.app/SalaryItem.nib
2025-01-23 10:03:11 +0000  copying file ./Payload/CERQEL.app/NotificationsListTVcell.nib ... 
2025-01-23 10:03:11 +0000  8128 bytes for ./Payload/CERQEL.app/NotificationsListTVcell.nib
2025-01-23 10:03:11 +0000  copying file ./Payload/CERQEL.app/TanentsListViewController.nib ... 
2025-01-23 10:03:11 +0000  9398 bytes for ./Payload/CERQEL.app/TanentsListViewController.nib
2025-01-23 10:03:11 +0000  copying file ./Payload/CERQEL.app/AnnouncementsGSVC.nib ... 
2025-01-23 10:03:11 +0000  3186 bytes for ./Payload/CERQEL.app/AnnouncementsGSVC.nib
2025-01-23 10:03:11 +0000  copying file ./Payload/CERQEL.app/LabelSheetWithSwitchTVCell.nib ... 
2025-01-23 10:03:11 +0000  10708 bytes for ./Payload/CERQEL.app/LabelSheetWithSwitchTVCell.nib
2025-01-23 10:03:11 +0000  copying file ./Payload/CERQEL.app/SliderTableViewCell.nib ... 
2025-01-23 10:03:11 +0000  5433 bytes for ./Payload/CERQEL.app/SliderTableViewCell.nib
2025-01-23 10:03:11 +0000  copying file ./Payload/CERQEL.app/PreviousActionsTVC.nib ... 
2025-01-23 10:03:11 +0000  14408 bytes for ./Payload/CERQEL.app/PreviousActionsTVC.nib
2025-01-23 10:03:11 +0000  copying file ./Payload/CERQEL.app/SST Arabic Medium.ttf ... 
2025-01-23 10:03:11 +0000  272196 bytes for ./Payload/CERQEL.app/SST Arabic Medium.ttf
2025-01-23 10:03:11 +0000  copying file ./Payload/CERQEL.app/AppCVCell.nib ... 
2025-01-23 10:03:11 +0000  6002 bytes for ./Payload/CERQEL.app/AppCVCell.nib
2025-01-23 10:03:11 +0000  copying file ./Payload/CERQEL.app/InvitePeopleVC.nib ... 
2025-01-23 10:03:11 +0000  14299 bytes for ./Payload/CERQEL.app/InvitePeopleVC.nib
2025-01-23 10:03:11 +0000  copying file ./Payload/CERQEL.app/SubCategoryServiceView.nib ... 
2025-01-23 10:03:11 +0000  4650 bytes for ./Payload/CERQEL.app/SubCategoryServiceView.nib
2025-01-23 10:03:11 +0000  copying file ./Payload/CERQEL.app/dbOffersTVcell.nib ... 
2025-01-23 10:03:11 +0000  5957 bytes for ./Payload/CERQEL.app/dbOffersTVcell.nib
2025-01-23 10:03:11 +0000  copying file ./Payload/CERQEL.app/OptionTVcell.nib ... 
2025-01-23 10:03:11 +0000  6685 bytes for ./Payload/CERQEL.app/OptionTVcell.nib
2025-01-23 10:03:11 +0000  copying file ./Payload/CERQEL.app/EmptyStateTVcell.nib ... 
2025-01-23 10:03:11 +0000  4597 bytes for ./Payload/CERQEL.app/EmptyStateTVcell.nib
2025-01-23 10:03:11 +0000  copying file ./Payload/CERQEL.app/NewChatTVCell.nib ... 
2025-01-23 10:03:11 +0000  2915 bytes for ./Payload/CERQEL.app/NewChatTVCell.nib
2025-01-23 10:03:11 +0000  copying file ./Payload/CERQEL.app/FeedbackBottomSheetView.nib ... 
2025-01-23 10:03:11 +0000  19924 bytes for ./Payload/CERQEL.app/FeedbackBottomSheetView.nib
2025-01-23 10:03:11 +0000  copying file ./Payload/CERQEL.app/SST Arabic Light.ttf ... 
2025-01-23 10:03:11 +0000  325112 bytes for ./Payload/CERQEL.app/SST Arabic Light.ttf
2025-01-23 10:03:11 +0000  copying file ./Payload/CERQEL.app/FAQsListHeader.nib ... 
2025-01-23 10:03:11 +0000  7058 bytes for ./Payload/CERQEL.app/FAQsListHeader.nib
2025-01-23 10:03:11 +0000  copying file ./Payload/CERQEL.app/CerqelTagsSortCell.nib ... 
2025-01-23 10:03:11 +0000  4023 bytes for ./Payload/CERQEL.app/CerqelTagsSortCell.nib
2025-01-23 10:03:11 +0000  copying file ./Payload/CERQEL.app/SuccessAddEditEventVC.nib ... 
2025-01-23 10:03:11 +0000  8820 bytes for ./Payload/CERQEL.app/SuccessAddEditEventVC.nib
2025-01-23 10:03:11 +0000  copying file ./Payload/CERQEL.app/FileGridCell.nib ... 
2025-01-23 10:03:11 +0000  11869 bytes for ./Payload/CERQEL.app/FileGridCell.nib
2025-01-23 10:03:11 +0000  copying file ./Payload/CERQEL.app/ActionCommentTVcell.nib ... 
2025-01-23 10:03:11 +0000  4657 bytes for ./Payload/CERQEL.app/ActionCommentTVcell.nib
2025-01-23 10:03:11 +0000  copying file ./Payload/CERQEL.app/ListAttachmentUploadView.nib ... 
2025-01-23 10:03:11 +0000  4083 bytes for ./Payload/CERQEL.app/ListAttachmentUploadView.nib
2025-01-23 10:03:11 +0000  copying file ./Payload/CERQEL.app/MediaLibraryGridCVCellCerqel.nib ... 
2025-01-23 10:03:11 +0000  8628 bytes for ./Payload/CERQEL.app/MediaLibraryGridCVCellCerqel.nib
2025-01-23 10:03:11 +0000  copying file ./Payload/CERQEL.app/FilterView.nib ... 
2025-01-23 10:03:11 +0000  5860 bytes for ./Payload/CERQEL.app/FilterView.nib
2025-01-23 10:03:11 +0000  copying file ./Payload/CERQEL.app/CustomMonthYearCVCell.nib ... 
2025-01-23 10:03:11 +0000  3863 bytes for ./Payload/CERQEL.app/CustomMonthYearCVCell.nib
2025-01-23 10:03:11 +0000  copying file ./Payload/CERQEL.app/MySalaryVC.nib ... 
2025-01-23 10:03:11 +0000  10067 bytes for ./Payload/CERQEL.app/MySalaryVC.nib
2025-01-23 10:03:11 +0000  copying file ./Payload/CERQEL.app/CategoryCVCell.nib ... 
2025-01-23 10:03:11 +0000  4077 bytes for ./Payload/CERQEL.app/CategoryCVCell.nib
2025-01-23 10:03:11 +0000  copying file ./Payload/CERQEL.app/DateFilterTVCell.nib ... 
2025-01-23 10:03:11 +0000  10474 bytes for ./Payload/CERQEL.app/DateFilterTVCell.nib
2025-01-23 10:03:11 +0000  copying file ./Payload/CERQEL.app/NewUploadMediaTVcell.nib ... 
2025-01-23 10:03:11 +0000  10214 bytes for ./Payload/CERQEL.app/NewUploadMediaTVcell.nib
2025-01-23 10:03:11 +0000  copying file ./Payload/CERQEL.app/FAQsListViewController.nib ... 
2025-01-23 10:03:11 +0000  3513 bytes for ./Payload/CERQEL.app/FAQsListViewController.nib
2025-01-23 10:03:11 +0000  copying file ./Payload/CERQEL.app/PinnedNewsCVCellCerqel.nib ... 
2025-01-23 10:03:11 +0000  9413 bytes for ./Payload/CERQEL.app/PinnedNewsCVCellCerqel.nib
2025-01-23 10:03:11 +0000  copying file ./Payload/CERQEL.app/AllResultsViewController.nib ... 
2025-01-23 10:03:11 +0000  3107 bytes for ./Payload/CERQEL.app/AllResultsViewController.nib
2025-01-23 10:03:11 +0000  copying file ./Payload/CERQEL.app/SubmitTableViewCell.nib ... 
2025-01-23 10:03:11 +0000  3938 bytes for ./Payload/CERQEL.app/SubmitTableViewCell.nib
2025-01-23 10:03:11 +0000  copying file ./Payload/CERQEL.app/CompanyDepartmentsTVCell.nib ... 
2025-01-23 10:03:11 +0000  5408 bytes for ./Payload/CERQEL.app/CompanyDepartmentsTVCell.nib
2025-01-23 10:03:11 +0000  copying file ./Payload/CERQEL.app/OrganizationTableViewCell.nib ... 
2025-01-23 10:03:11 +0000  14333 bytes for ./Payload/CERQEL.app/OrganizationTableViewCell.nib
2025-01-23 10:03:11 +0000  copying file ./Payload/CERQEL.app/HomeOffersTVcell.nib ... 
2025-01-23 10:03:11 +0000  6477 bytes for ./Payload/CERQEL.app/HomeOffersTVcell.nib
2025-01-23 10:03:11 +0000  copying file ./Payload/CERQEL.app/NPSTableViewCell.nib ... 
2025-01-23 10:03:11 +0000  9119 bytes for ./Payload/CERQEL.app/NPSTableViewCell.nib
2025-01-23 10:03:11 +0000  copying file ./Payload/CERQEL.app/MainSettingPageTVcell.nib ... 
2025-01-23 10:03:11 +0000  4359 bytes for ./Payload/CERQEL.app/MainSettingPageTVcell.nib
2025-01-23 10:03:11 +0000  copying file ./Payload/CERQEL.app/FavoritesCVcell.nib ... 
2025-01-23 10:03:11 +0000  8819 bytes for ./Payload/CERQEL.app/FavoritesCVcell.nib
2025-01-23 10:03:11 +0000  copying file ./Payload/CERQEL.app/ActionBaseListTableViewCell.nib ... 
2025-01-23 10:03:11 +0000  6452 bytes for ./Payload/CERQEL.app/ActionBaseListTableViewCell.nib
2025-01-23 10:03:11 +0000  copying file ./Payload/CERQEL.app/FilterVC.nib ... 
2025-01-23 10:03:11 +0000  6554 bytes for ./Payload/CERQEL.app/FilterVC.nib
2025-01-23 10:03:11 +0000  copying file ./Payload/CERQEL.app/AllServicesListTableViewCell.nib ... 
2025-01-23 10:03:11 +0000  7805 bytes for ./Payload/CERQEL.app/AllServicesListTableViewCell.nib
2025-01-23 10:03:11 +0000  copying file ./Payload/CERQEL.app/ToggleHeaderV.nib ... 
2025-01-23 10:03:11 +0000  5316 bytes for ./Payload/CERQEL.app/ToggleHeaderV.nib
2025-01-23 10:03:11 +0000  copying file ./Payload/CERQEL.app/SideMenuVC.nib ... 
2025-01-23 10:03:11 +0000  11630 bytes for ./Payload/CERQEL.app/SideMenuVC.nib
2025-01-23 10:03:11 +0000  copying file ./Payload/CERQEL.app/GoogleService-Info.plist ... 
2025-01-23 10:03:11 +0000  648 bytes for ./Payload/CERQEL.app/GoogleService-Info.plist
2025-01-23 10:03:11 +0000  copying file ./Payload/CERQEL.app/TableDetailsRowTVCell.nib ... 
2025-01-23 10:03:11 +0000  6992 bytes for ./Payload/CERQEL.app/TableDetailsRowTVCell.nib
2025-01-23 10:03:11 +0000  copying file ./Payload/CERQEL.app/ActionControlTVcell.nib ... 
2025-01-23 10:03:11 +0000  6297 bytes for ./Payload/CERQEL.app/ActionControlTVcell.nib
2025-01-23 10:03:11 +0000  copying file ./Payload/CERQEL.app/CerqelBaseSortVC.nib ... 
2025-01-23 10:03:11 +0000  9374 bytes for ./Payload/CERQEL.app/CerqelBaseSortVC.nib
2025-01-23 10:03:11 +0000  copying file ./Payload/CERQEL.app/DatePickerTVcell.nib ... 
2025-01-23 10:03:11 +0000  6379 bytes for ./Payload/CERQEL.app/DatePickerTVcell.nib
2025-01-23 10:03:11 +0000  copying file ./Payload/CERQEL.app/OfferTVCellCerqel.nib ... 
2025-01-23 10:03:11 +0000  13781 bytes for ./Payload/CERQEL.app/OfferTVCellCerqel.nib
2025-01-23 10:03:11 +0000  copying file ./Payload/CERQEL.app/EventListTVcellCerqel.nib ... 
2025-01-23 10:03:11 +0000  12694 bytes for ./Payload/CERQEL.app/EventListTVcellCerqel.nib
2025-01-23 10:03:11 +0000  copying file ./Payload/CERQEL.app/AnnouncementPriorityCVcellCerqel.nib ... 
2025-01-23 10:03:11 +0000  4485 bytes for ./Payload/CERQEL.app/AnnouncementPriorityCVcellCerqel.nib
2025-01-23 10:03:11 +0000  copying file ./Payload/CERQEL.app/LinkView.nib ... 
2025-01-23 10:03:11 +0000  4189 bytes for ./Payload/CERQEL.app/LinkView.nib
2025-01-23 10:03:11 +0000  copying file ./Payload/CERQEL.app/dbSelectTabsCVcell.nib ... 
2025-01-23 10:03:11 +0000  4966 bytes for ./Payload/CERQEL.app/dbSelectTabsCVcell.nib
2025-01-23 10:03:11 +0000  copying file ./Payload/CERQEL.app/dbEventsEmptyStateCVcell.nib ... 
2025-01-23 10:03:11 +0000  4892 bytes for ./Payload/CERQEL.app/dbEventsEmptyStateCVcell.nib
2025-01-23 10:03:11 +0000  copying file ./Payload/CERQEL.app/RadioButtonTVCell.nib ... 
2025-01-23 10:03:11 +0000  5277 bytes for ./Payload/CERQEL.app/RadioButtonTVCell.nib
2025-01-23 10:03:11 +0000  copying file ./Payload/CERQEL.app/HomeDocumentTVCell.nib ... 
2025-01-23 10:03:11 +0000  6628 bytes for ./Payload/CERQEL.app/HomeDocumentTVCell.nib
2025-01-23 10:03:11 +0000  copying file ./Payload/CERQEL.app/Base.lproj/EditContactInfoViewController.nib ... 
2025-01-23 10:03:11 +0000  21299 bytes for ./Payload/CERQEL.app/Base.lproj/EditContactInfoViewController.nib
2025-01-23 10:03:11 +0000  copying file ./Payload/CERQEL.app/Base.lproj/SubCategoriesView.nib ... 
2025-01-23 10:03:11 +0000  7840 bytes for ./Payload/CERQEL.app/Base.lproj/SubCategoriesView.nib
2025-01-23 10:03:11 +0000  copying file ./Payload/CERQEL.app/Base.lproj/DocumentsListView.nib ... 
2025-01-23 10:03:11 +0000  10209 bytes for ./Payload/CERQEL.app/Base.lproj/DocumentsListView.nib
2025-01-23 10:03:11 +0000  copying file ./Payload/CERQEL.app/Base.lproj/EditBasicInfoViewController.nib ... 
2025-01-23 10:03:11 +0000  40262 bytes for ./Payload/CERQEL.app/Base.lproj/EditBasicInfoViewController.nib
2025-01-23 10:03:11 +0000  copying file ./Payload/CERQEL.app/Base.lproj/FAQsListView.nib ... 
2025-01-23 10:03:11 +0000  8806 bytes for ./Payload/CERQEL.app/Base.lproj/FAQsListView.nib
2025-01-23 10:03:11 +0000  copying file ./Payload/CERQEL.app/Base.lproj/OrganizationViewController.nib ... 
2025-01-23 10:03:11 +0000  4835 bytes for ./Payload/CERQEL.app/Base.lproj/OrganizationViewController.nib
2025-01-23 10:03:11 +0000  copying file ./Payload/CERQEL.app/Base.lproj/CerqelDeleteSheet.nib ... 
2025-01-23 10:03:11 +0000  9796 bytes for ./Payload/CERQEL.app/Base.lproj/CerqelDeleteSheet.nib
2025-01-23 10:03:11 +0000  copying file ./Payload/CERQEL.app/Base.lproj/AddEditAddressViewController.nib ... 
2025-01-23 10:03:11 +0000  50228 bytes for ./Payload/CERQEL.app/Base.lproj/AddEditAddressViewController.nib
2025-01-23 10:03:11 +0000  copying file ./Payload/CERQEL.app/Base.lproj/AddSugesstionBottomSheet.nib ... 
2025-01-23 10:03:11 +0000  10887 bytes for ./Payload/CERQEL.app/Base.lproj/AddSugesstionBottomSheet.nib
2025-01-23 10:03:11 +0000  copying file ./Payload/CERQEL.app/Base.lproj/UpdateYourInfoTableViewCell.nib ... 
2025-01-23 10:03:11 +0000  8849 bytes for ./Payload/CERQEL.app/Base.lproj/UpdateYourInfoTableViewCell.nib
2025-01-23 10:03:11 +0000  copying file ./Payload/CERQEL.app/Base.lproj/BusinessCardVC.nib ... 
2025-01-23 10:03:11 +0000  15241 bytes for ./Payload/CERQEL.app/Base.lproj/BusinessCardVC.nib
2025-01-23 10:03:11 +0000  copying file ./Payload/CERQEL.app/Base.lproj/AddRelativesViewController.nib ... 
2025-01-23 10:03:11 +0000  20490 bytes for ./Payload/CERQEL.app/Base.lproj/AddRelativesViewController.nib
2025-01-23 10:03:11 +0000  copying file ./Payload/CERQEL.app/Base.lproj/ProfilePhotoSheetVC.nib ... 
2025-01-23 10:03:11 +0000  12124 bytes for ./Payload/CERQEL.app/Base.lproj/ProfilePhotoSheetVC.nib
2025-01-23 10:03:11 +0000  copying file ./Payload/CERQEL.app/Base.lproj/AddCertificatesViewCerqel.nib ... 
2025-01-23 10:03:11 +0000  19528 bytes for ./Payload/CERQEL.app/Base.lproj/AddCertificatesViewCerqel.nib
2025-01-23 10:03:11 +0000  copying file ./Payload/CERQEL.app/Base.lproj/SuccessBottomSheetViewController.nib ... 
2025-01-23 10:03:11 +0000  10503 bytes for ./Payload/CERQEL.app/Base.lproj/SuccessBottomSheetViewController.nib
2025-01-23 10:03:11 +0000  copying file ./Payload/CERQEL.app/Base.lproj/RecentSearchView.nib ... 
2025-01-23 10:03:11 +0000  8279 bytes for ./Payload/CERQEL.app/Base.lproj/RecentSearchView.nib
2025-01-23 10:03:11 +0000  copying file ./Payload/CERQEL.app/Base.lproj/AcknowledgeVC.nib ... 
2025-01-23 10:03:11 +0000  11037 bytes for ./Payload/CERQEL.app/Base.lproj/AcknowledgeVC.nib
2025-01-23 10:03:11 +0000  copying file ./Payload/CERQEL.app/Base.lproj/SearchResultsView.nib ... 
2025-01-23 10:03:11 +0000  19170 bytes for ./Payload/CERQEL.app/Base.lproj/SearchResultsView.nib
2025-01-23 10:03:11 +0000  copying file ./Payload/CERQEL.app/Base.lproj/UploadFileView.nib ... 
2025-01-23 10:03:11 +0000  47294 bytes for ./Payload/CERQEL.app/Base.lproj/UploadFileView.nib
2025-01-23 10:03:11 +0000  copying file ./Payload/CERQEL.app/Base.lproj/Main.storyboardc/ServiceBase.nib ... 
2025-01-23 10:03:11 +0000  1114 bytes for ./Payload/CERQEL.app/Base.lproj/Main.storyboardc/ServiceBase.nib
2025-01-23 10:03:11 +0000  copying file ./Payload/CERQEL.app/Base.lproj/Main.storyboardc/98m-76-nZc-view-jDC-LK-LRu.nib ... 
2025-01-23 10:03:11 +0000  18198 bytes for ./Payload/CERQEL.app/Base.lproj/Main.storyboardc/98m-76-nZc-view-jDC-LK-LRu.nib
2025-01-23 10:03:11 +0000  copying file ./Payload/CERQEL.app/Base.lproj/Main.storyboardc/wzI-x7-kGR-view-1rp-is-kkl.nib ... 
2025-01-23 10:03:11 +0000  18747 bytes for ./Payload/CERQEL.app/Base.lproj/Main.storyboardc/wzI-x7-kGR-view-1rp-is-kkl.nib
2025-01-23 10:03:11 +0000  copying file ./Payload/CERQEL.app/Base.lproj/Main.storyboardc/MaintabBar.nib ... 
2025-01-23 10:03:11 +0000  8109 bytes for ./Payload/CERQEL.app/Base.lproj/Main.storyboardc/MaintabBar.nib
2025-01-23 10:03:11 +0000  copying file ./Payload/CERQEL.app/Base.lproj/Main.storyboardc/NewDashboardVC.nib ... 
2025-01-23 10:03:11 +0000  1292 bytes for ./Payload/CERQEL.app/Base.lproj/Main.storyboardc/NewDashboardVC.nib
2025-01-23 10:03:11 +0000  copying file ./Payload/CERQEL.app/Base.lproj/Main.storyboardc/u6D-Dd-bCs-view-m1z-H5-6o0.nib ... 
2025-01-23 10:03:11 +0000  2726 bytes for ./Payload/CERQEL.app/Base.lproj/Main.storyboardc/u6D-Dd-bCs-view-m1z-H5-6o0.nib
2025-01-23 10:03:11 +0000  copying file ./Payload/CERQEL.app/Base.lproj/Main.storyboardc/NewHomeVC.nib ... 
2025-01-23 10:03:11 +0000  1426 bytes for ./Payload/CERQEL.app/Base.lproj/Main.storyboardc/NewHomeVC.nib
2025-01-23 10:03:11 +0000  copying file ./Payload/CERQEL.app/Base.lproj/Main.storyboardc/NewMoreVC.nib ... 
2025-01-23 10:03:11 +0000  1266 bytes for ./Payload/CERQEL.app/Base.lproj/Main.storyboardc/NewMoreVC.nib
2025-01-23 10:03:11 +0000  copying file ./Payload/CERQEL.app/Base.lproj/Main.storyboardc/wIe-GO-uyf-view-li7-LH-RQa.nib ... 
2025-01-23 10:03:11 +0000  10436 bytes for ./Payload/CERQEL.app/Base.lproj/Main.storyboardc/wIe-GO-uyf-view-li7-LH-RQa.nib
2025-01-23 10:03:11 +0000  copying file ./Payload/CERQEL.app/Base.lproj/Main.storyboardc/xdG-8c-tCh-view-HXk-Ui-ojc.nib ... 
2025-01-23 10:03:11 +0000  8540 bytes for ./Payload/CERQEL.app/Base.lproj/Main.storyboardc/xdG-8c-tCh-view-HXk-Ui-ojc.nib
2025-01-23 10:03:11 +0000  copying file ./Payload/CERQEL.app/Base.lproj/Main.storyboardc/NotificationsListVC.nib ... 
2025-01-23 10:03:11 +0000  1057 bytes for ./Payload/CERQEL.app/Base.lproj/Main.storyboardc/NotificationsListVC.nib
2025-01-23 10:03:11 +0000  copying file ./Payload/CERQEL.app/Base.lproj/Main.storyboardc/l57-jW-rAn-view-bBX-n8-2av.nib ... 
2025-01-23 10:03:11 +0000  3368 bytes for ./Payload/CERQEL.app/Base.lproj/Main.storyboardc/l57-jW-rAn-view-bBX-n8-2av.nib
2025-01-23 10:03:11 +0000  copying file ./Payload/CERQEL.app/Base.lproj/Main.storyboardc/NewSplashScreenVCCerqel.nib ... 
2025-01-23 10:03:11 +0000  1026 bytes for ./Payload/CERQEL.app/Base.lproj/Main.storyboardc/NewSplashScreenVCCerqel.nib
2025-01-23 10:03:11 +0000  copying file ./Payload/CERQEL.app/Base.lproj/Main.storyboardc/jNw-7Q-k9b-view-rwy-z0-LLB.nib ... 
2025-01-23 10:03:11 +0000  5063 bytes for ./Payload/CERQEL.app/Base.lproj/Main.storyboardc/jNw-7Q-k9b-view-rwy-z0-LLB.nib
2025-01-23 10:03:11 +0000  copying file ./Payload/CERQEL.app/Base.lproj/Main.storyboardc/FormBuilderVC.nib ... 
2025-01-23 10:03:11 +0000  1408 bytes for ./Payload/CERQEL.app/Base.lproj/Main.storyboardc/FormBuilderVC.nib
2025-01-23 10:03:11 +0000  copying file ./Payload/CERQEL.app/Base.lproj/Main.storyboardc/NewRequestsVC.nib ... 
2025-01-23 10:03:11 +0000  1148 bytes for ./Payload/CERQEL.app/Base.lproj/Main.storyboardc/NewRequestsVC.nib
2025-01-23 10:03:11 +0000  copying file ./Payload/CERQEL.app/Base.lproj/Main.storyboardc/Info.plist ... 
2025-01-23 10:03:11 +0000  491 bytes for ./Payload/CERQEL.app/Base.lproj/Main.storyboardc/Info.plist
2025-01-23 10:03:11 +0000  copying file ./Payload/CERQEL.app/Base.lproj/Main.storyboardc/x55-Wf-22W-view-8gu-RU-cLB.nib ... 
2025-01-23 10:03:11 +0000  4570 bytes for ./Payload/CERQEL.app/Base.lproj/Main.storyboardc/x55-Wf-22W-view-8gu-RU-cLB.nib
2025-01-23 10:03:11 +0000  copying file ./Payload/CERQEL.app/Base.lproj/AddEditDependentsViewController.nib ... 
2025-01-23 10:03:11 +0000  44515 bytes for ./Payload/CERQEL.app/Base.lproj/AddEditDependentsViewController.nib
2025-01-23 10:03:11 +0000  copying file ./Payload/CERQEL.app/Base.lproj/Launch.storyboardc/01J-lp-oVM-view-Ze5-6b-2t3.nib ... 
2025-01-23 10:03:11 +0000  1214 bytes for ./Payload/CERQEL.app/Base.lproj/Launch.storyboardc/01J-lp-oVM-view-Ze5-6b-2t3.nib
2025-01-23 10:03:11 +0000  copying file ./Payload/CERQEL.app/Base.lproj/Launch.storyboardc/UIViewController-01J-lp-oVM.nib ... 
2025-01-23 10:03:11 +0000  924 bytes for ./Payload/CERQEL.app/Base.lproj/Launch.storyboardc/UIViewController-01J-lp-oVM.nib
2025-01-23 10:03:11 +0000  copying file ./Payload/CERQEL.app/Base.lproj/Launch.storyboardc/Info.plist ... 
2025-01-23 10:03:11 +0000  258 bytes for ./Payload/CERQEL.app/Base.lproj/Launch.storyboardc/Info.plist
2025-01-23 10:03:11 +0000  copying file ./Payload/CERQEL.app/Base.lproj/ReportView.nib ... 
2025-01-23 10:03:11 +0000  8677 bytes for ./Payload/CERQEL.app/Base.lproj/ReportView.nib
2025-01-23 10:03:11 +0000  copying file ./Payload/CERQEL.app/Base.lproj/BaseList.nib ... 
2025-01-23 10:03:11 +0000  10082 bytes for ./Payload/CERQEL.app/Base.lproj/BaseList.nib
2025-01-23 10:03:11 +0000  copying file ./Payload/CERQEL.app/Base.lproj/AddEducationViewController.nib ... 
2025-01-23 10:03:11 +0000  27066 bytes for ./Payload/CERQEL.app/Base.lproj/AddEducationViewController.nib
2025-01-23 10:03:11 +0000  copying file ./Payload/CERQEL.app/Base.lproj/RecentSearchVC.nib ... 
2025-01-23 10:03:11 +0000  6389 bytes for ./Payload/CERQEL.app/Base.lproj/RecentSearchVC.nib
2025-01-23 10:03:11 +0000  copying file ./Payload/CERQEL.app/Base.lproj/AllResultsHeaderView.nib ... 
2025-01-23 10:03:11 +0000  4273 bytes for ./Payload/CERQEL.app/Base.lproj/AllResultsHeaderView.nib
2025-01-23 10:03:11 +0000  copying file ./Payload/CERQEL.app/Base.lproj/SummaryViewController.nib ... 
2025-01-23 10:03:11 +0000  9249 bytes for ./Payload/CERQEL.app/Base.lproj/SummaryViewController.nib
2025-01-23 10:03:11 +0000  copying file ./Payload/CERQEL.app/Base.lproj/AddContactView.nib ... 
2025-01-23 10:03:11 +0000  54485 bytes for ./Payload/CERQEL.app/Base.lproj/AddContactView.nib
2025-01-23 10:03:11 +0000  copying file ./Payload/CERQEL.app/Base.lproj/AddWorkExperinceViewController.nib ... 
2025-01-23 10:03:11 +0000  23654 bytes for ./Payload/CERQEL.app/Base.lproj/AddWorkExperinceViewController.nib
2025-01-23 10:03:11 +0000  copying file ./Payload/CERQEL.app/Base.lproj/UploadWorkExperienceCVView.nib ... 
2025-01-23 10:03:11 +0000  8790 bytes for ./Payload/CERQEL.app/Base.lproj/UploadWorkExperienceCVView.nib
2025-01-23 10:03:11 +0000  copying file ./Payload/CERQEL.app/Base.lproj/AddPrivateWorkViewController.nib ... 
2025-01-23 10:03:11 +0000  23056 bytes for ./Payload/CERQEL.app/Base.lproj/AddPrivateWorkViewController.nib
2025-01-23 10:03:11 +0000  copying file ./Payload/CERQEL.app/Base.lproj/ExecuteActionTVcell.nib ... 
2025-01-23 10:03:11 +0000  10012 bytes for ./Payload/CERQEL.app/Base.lproj/ExecuteActionTVcell.nib
2025-01-23 10:03:11 +0000  copying file ./Payload/CERQEL.app/Base.lproj/ServicesListView.nib ... 
2025-01-23 10:03:11 +0000  8870 bytes for ./Payload/CERQEL.app/Base.lproj/ServicesListView.nib
2025-01-23 10:03:11 +0000  copying file ./Payload/CERQEL.app/Base.lproj/DeleteBottomSheet.nib ... 
2025-01-23 10:03:11 +0000  9758 bytes for ./Payload/CERQEL.app/Base.lproj/DeleteBottomSheet.nib
2025-01-23 10:03:11 +0000  copying file ./Payload/CERQEL.app/RecentSearchFAQsCVcell.nib ... 
2025-01-23 10:03:11 +0000  3661 bytes for ./Payload/CERQEL.app/RecentSearchFAQsCVcell.nib
2025-01-23 10:03:11 +0000  copying file ./Payload/CERQEL.app/BaseFilterVC.nib ... 
2025-01-23 10:03:11 +0000  9265 bytes for ./Payload/CERQEL.app/BaseFilterVC.nib
2025-01-23 10:03:11 +0000  copying file ./Payload/CERQEL.app/WorkExperienceTVCell.nib ... 
2025-01-23 10:03:11 +0000  10898 bytes for ./Payload/CERQEL.app/WorkExperienceTVCell.nib
2025-01-23 10:03:11 +0000  copying file ./Payload/CERQEL.app/TextBoxTableViewCell.nib ... 
2025-01-23 10:03:11 +0000  8715 bytes for ./Payload/CERQEL.app/TextBoxTableViewCell.nib
2025-01-23 10:03:11 +0000  copying file ./Payload/CERQEL.app/SuccessBottomSheetWithNavigationLinkVC.nib ... 
2025-01-23 10:03:11 +0000  7631 bytes for ./Payload/CERQEL.app/SuccessBottomSheetWithNavigationLinkVC.nib
2025-01-23 10:03:11 +0000  copying file ./Payload/CERQEL.app/ShowMoreView.nib ... 
2025-01-23 10:03:11 +0000  3122 bytes for ./Payload/CERQEL.app/ShowMoreView.nib
2025-01-23 10:03:11 +0000  copying file ./Payload/CERQEL.app/AllServicesCollectionViewCell.nib ... 
2025-01-23 10:03:11 +0000  8070 bytes for ./Payload/CERQEL.app/AllServicesCollectionViewCell.nib
2025-01-23 10:03:11 +0000  copying file ./Payload/CERQEL.app/AccessibilitySettingView.nib ... 
2025-01-23 10:03:11 +0000  7534 bytes for ./Payload/CERQEL.app/AccessibilitySettingView.nib
2025-01-23 10:03:11 +0000  copying file ./Payload/CERQEL.app/AboutCompanyTVCell.nib ... 
2025-01-23 10:03:11 +0000  11209 bytes for ./Payload/CERQEL.app/AboutCompanyTVCell.nib
2025-01-23 10:03:11 +0000  copying file ./Payload/CERQEL.app/CompanyProfileTVHeaderV.nib ... 
2025-01-23 10:03:11 +0000  3227 bytes for ./Payload/CERQEL.app/CompanyProfileTVHeaderV.nib
2025-01-23 10:03:11 +0000  copying file ./Payload/CERQEL.app/ConfirmationBottomSheetVC.nib ... 
2025-01-23 10:03:11 +0000  9395 bytes for ./Payload/CERQEL.app/ConfirmationBottomSheetVC.nib
2025-01-23 10:03:11 +0000  copying file ./Payload/CERQEL.app/RequestDetailsView.nib ... 
2025-01-23 10:03:11 +0000  15414 bytes for ./Payload/CERQEL.app/RequestDetailsView.nib
2025-01-23 10:03:11 +0000  copying file ./Payload/CERQEL.app/MySalaryColoredTVCell.nib ... 
2025-01-23 10:03:11 +0000  5561 bytes for ./Payload/CERQEL.app/MySalaryColoredTVCell.nib
2025-01-23 10:03:11 +0000  copying file ./Payload/CERQEL.app/dbServicesTVcell.nib ... 
2025-01-23 10:03:11 +0000  1497 bytes for ./Payload/CERQEL.app/dbServicesTVcell.nib
2025-01-23 10:03:11 +0000  copying file ./Payload/CERQEL.app/AllServicesCell.nib ... 
2025-01-23 10:03:11 +0000  8218 bytes for ./Payload/CERQEL.app/AllServicesCell.nib
2025-01-23 10:03:11 +0000  copying file ./Payload/CERQEL.app/SubmittedSuccessRequestBottomSheet.nib ... 
2025-01-23 10:03:11 +0000  11086 bytes for ./Payload/CERQEL.app/SubmittedSuccessRequestBottomSheet.nib
2025-01-23 10:03:11 +0000  copying file ./Payload/CERQEL.app/CalendarViewController.nib ... 
2025-01-23 10:03:11 +0000  8516 bytes for ./Payload/CERQEL.app/CalendarViewController.nib
2025-01-23 10:03:11 +0000  copying file ./Payload/CERQEL.app/DetailsEmptyStateTVcell.nib ... 
2025-01-23 10:03:11 +0000  3754 bytes for ./Payload/CERQEL.app/DetailsEmptyStateTVcell.nib
2025-01-23 10:03:11 +0000  copying file ./Payload/CERQEL.app/MainSettingPageVC.nib ... 
2025-01-23 10:03:11 +0000  3374 bytes for ./Payload/CERQEL.app/MainSettingPageVC.nib
2025-01-23 10:03:11 +0000  copying file ./Payload/CERQEL.app/SubHeaderTableViewCell.nib ... 
2025-01-23 10:03:11 +0000  4029 bytes for ./Payload/CERQEL.app/SubHeaderTableViewCell.nib
2025-01-23 10:03:11 +0000  copying file ./Payload/CERQEL.app/InvitePeopleTVCell.nib ... 
2025-01-23 10:03:11 +0000  5880 bytes for ./Payload/CERQEL.app/InvitePeopleTVCell.nib
2025-01-23 10:03:11 +0000  copying file ./Payload/CERQEL.app/InfoIndicatorTVcell.nib ... 
2025-01-23 10:03:11 +0000  4186 bytes for ./Payload/CERQEL.app/InfoIndicatorTVcell.nib
2025-01-23 10:03:11 +0000  copying file ./Payload/CERQEL.app/PieChartCVCell.nib ... 
2025-01-23 10:03:11 +0000  5533 bytes for ./Payload/CERQEL.app/PieChartCVCell.nib
2025-01-23 10:03:11 +0000  copying file ./Payload/CERQEL.app/ReusableNavBarView.nib ... 
2025-01-23 10:03:11 +0000  4705 bytes for ./Payload/CERQEL.app/ReusableNavBarView.nib
2025-01-23 10:03:11 +0000  copying file ./Payload/CERQEL.app/UsersViewController.nib ... 
2025-01-23 10:03:11 +0000  2478 bytes for ./Payload/CERQEL.app/UsersViewController.nib
2025-01-23 10:03:11 +0000  copying file ./Payload/CERQEL.app/FaqsCategoriesCell.nib ... 
2025-01-23 10:03:11 +0000  4404 bytes for ./Payload/CERQEL.app/FaqsCategoriesCell.nib
2025-01-23 10:03:11 +0000  copying file ./Payload/CERQEL.app/SST Arabic Bold.ttf ... 
2025-01-23 10:03:11 +0000  314440 bytes for ./Payload/CERQEL.app/SST Arabic Bold.ttf
2025-01-23 10:03:11 +0000  copying file ./Payload/CERQEL.app/NotificationControlVC.nib ... 
2025-01-23 10:03:11 +0000  7370 bytes for ./Payload/CERQEL.app/NotificationControlVC.nib
2025-01-23 10:03:11 +0000  copying file ./Payload/CERQEL.app/SendBackVC.nib ... 
2025-01-23 10:03:11 +0000  14022 bytes for ./Payload/CERQEL.app/SendBackVC.nib
2025-01-23 10:03:11 +0000  copying file ./Payload/CERQEL.app/ScrollableNewsCellCerqel.nib ... 
2025-01-23 10:03:11 +0000  4669 bytes for ./Payload/CERQEL.app/ScrollableNewsCellCerqel.nib
2025-01-23 10:03:11 +0000  copying file ./Payload/CERQEL.app/CAMyAppsListVC.nib ... 
2025-01-23 10:03:11 +0000  12234 bytes for ./Payload/CERQEL.app/CAMyAppsListVC.nib
2025-01-23 10:03:11 +0000  copying file ./Payload/CERQEL.app/SubCategoriesBaseView.nib ... 
2025-01-23 10:03:11 +0000  4517 bytes for ./Payload/CERQEL.app/SubCategoriesBaseView.nib
2025-01-23 10:03:11 +0000  copying file ./Payload/CERQEL.app/AddEditEventVC.nib ... 
2025-01-23 10:03:11 +0000  26088 bytes for ./Payload/CERQEL.app/AddEditEventVC.nib
2025-01-23 10:03:11 +0000  copying file ./Payload/CERQEL.app/TextAreaTVcell.nib ... 
2025-01-23 10:03:11 +0000  5184 bytes for ./Payload/CERQEL.app/TextAreaTVcell.nib
2025-01-23 10:03:11 +0000  copying file ./Payload/CERQEL.app/ParagraphTableViewCell.nib ... 
2025-01-23 10:03:11 +0000  4411 bytes for ./Payload/CERQEL.app/ParagraphTableViewCell.nib
2025-01-23 10:03:11 +0000  copying file ./Payload/CERQEL.app/BaseTabCell.nib ... 
2025-01-23 10:03:11 +0000  4063 bytes for ./Payload/CERQEL.app/BaseTabCell.nib
2025-01-23 10:03:11 +0000  copying file ./Payload/CERQEL.app/TimePickerTVcell.nib ... 
2025-01-23 10:03:11 +0000  6335 bytes for ./Payload/CERQEL.app/TimePickerTVcell.nib
2025-01-23 10:03:11 +0000  copying file ./Payload/CERQEL.app/DropDownTableViewCell.nib ... 
2025-01-23 10:03:11 +0000  7297 bytes for ./Payload/CERQEL.app/DropDownTableViewCell.nib
2025-01-23 10:03:11 +0000  copying file ./Payload/CERQEL.app/ChangePassTVcell.nib ... 
2025-01-23 10:03:11 +0000  5004 bytes for ./Payload/CERQEL.app/ChangePassTVcell.nib
2025-01-23 10:03:11 +0000  copying file ./Payload/CERQEL.app/FAQsFileTableViewCell.nib ... 
2025-01-23 10:03:11 +0000  5492 bytes for ./Payload/CERQEL.app/FAQsFileTableViewCell.nib
2025-01-23 10:03:11 +0000  copying file ./Payload/CERQEL.app/FooterAccTVcell.nib ... 
2025-01-23 10:03:11 +0000  7822 bytes for ./Payload/CERQEL.app/FooterAccTVcell.nib
2025-01-23 10:03:11 +0000  copying file ./Payload/CERQEL.app/NewsDetailsViewCerqel.nib ... 
2025-01-23 10:03:11 +0000  15095 bytes for ./Payload/CERQEL.app/NewsDetailsViewCerqel.nib
2025-01-23 10:03:11 +0000  copying file ./Payload/CERQEL.app/MediaLibraryViewController.nib ... 
2025-01-23 10:03:11 +0000  3250 bytes for ./Payload/CERQEL.app/MediaLibraryViewController.nib
2025-01-23 10:03:11 +0000  copying file ./Payload/CERQEL.app/NewInvitePeopleCVCell.nib ... 
2025-01-23 10:03:11 +0000  5467 bytes for ./Payload/CERQEL.app/NewInvitePeopleCVCell.nib
2025-01-23 10:03:11 +0000  copying file ./Payload/CERQEL.app/CertificateListVC.nib ... 
2025-01-23 10:03:11 +0000  4527 bytes for ./Payload/CERQEL.app/CertificateListVC.nib
2025-01-23 10:03:11 +0000  copying file ./Payload/CERQEL.app/LinkTVcellTableViewCell.nib ... 
2025-01-23 10:03:11 +0000  7773 bytes for ./Payload/CERQEL.app/LinkTVcellTableViewCell.nib
2025-01-23 10:03:11 +0000  copying file ./Payload/CERQEL.app/AttachmentUploadView.nib ... 
2025-01-23 10:03:11 +0000  19283 bytes for ./Payload/CERQEL.app/AttachmentUploadView.nib
2025-01-23 10:03:11 +0000  copying file ./Payload/CERQEL.app/MediaLibraryListCVCellCerqel.nib ... 
2025-01-23 10:03:11 +0000  8625 bytes for ./Payload/CERQEL.app/MediaLibraryListCVCellCerqel.nib
2025-01-23 10:03:11 +0000  copying file ./Payload/CERQEL.app/CerqelDateFilterTVCell.nib ... 
2025-01-23 10:03:11 +0000  8976 bytes for ./Payload/CERQEL.app/CerqelDateFilterTVCell.nib
2025-01-23 10:03:11 +0000  copying file ./Payload/CERQEL.app/Assets.car ... 
2025-01-23 10:03:12 +0000  35770080 bytes for ./Payload/CERQEL.app/Assets.car
2025-01-23 10:03:12 +0000  copying file ./Payload/CERQEL.app/MyCalendarCVcell.nib ... 
2025-01-23 10:03:12 +0000  9876 bytes for ./Payload/CERQEL.app/MyCalendarCVcell.nib
2025-01-23 10:03:12 +0000  copying file ./Payload/CERQEL.app/TasksRequestsCVcell.nib ... 
2025-01-23 10:03:12 +0000  5364 bytes for ./Payload/CERQEL.app/TasksRequestsCVcell.nib
2025-01-23 10:03:12 +0000  copying file ./Payload/CERQEL.app/SummarySectionTableViewCell.nib ... 
2025-01-23 10:03:12 +0000  4459 bytes for ./Payload/CERQEL.app/SummarySectionTableViewCell.nib
2025-01-23 10:03:12 +0000  copying file ./Payload/CERQEL.app/RadioCell.nib ... 
2025-01-23 10:03:12 +0000  6379 bytes for ./Payload/CERQEL.app/RadioCell.nib
2025-01-23 10:03:12 +0000  copying file ./Payload/CERQEL.app/DiscaredChangesBottomSheet.nib ... 
2025-01-23 10:03:12 +0000  11541 bytes for ./Payload/CERQEL.app/DiscaredChangesBottomSheet.nib
2025-01-23 10:03:12 +0000  copying file ./Payload/CERQEL.app/ThemeAccTVcell.nib ... 
2025-01-23 10:03:12 +0000  7460 bytes for ./Payload/CERQEL.app/ThemeAccTVcell.nib
2025-01-23 10:03:12 +0000  copying file ./Payload/CERQEL.app/TextBoxTVcell.nib ... 
2025-01-23 10:03:12 +0000  5157 bytes for ./Payload/CERQEL.app/TextBoxTVcell.nib
2025-01-23 10:03:12 +0000  copying file ./Payload/CERQEL.app/EmptyFavouritesCVcell.nib ... 
2025-01-23 10:03:12 +0000  4830 bytes for ./Payload/CERQEL.app/EmptyFavouritesCVcell.nib
2025-01-23 10:03:12 +0000  copying file ./Payload/CERQEL.app/AboutUsHeaderView.nib ... 
2025-01-23 10:03:12 +0000  3745 bytes for ./Payload/CERQEL.app/AboutUsHeaderView.nib
2025-01-23 10:03:12 +0000  copying file ./Payload/CERQEL.app/MediaLibraryDetailaViewController.nib ... 
2025-01-23 10:03:12 +0000  12227 bytes for ./Payload/CERQEL.app/MediaLibraryDetailaViewController.nib
2025-01-23 10:03:12 +0000  copying file ./Payload/CERQEL.app/AppsGlobalSearchTableViewCell.nib ... 
2025-01-23 10:03:12 +0000  3258 bytes for ./Payload/CERQEL.app/AppsGlobalSearchTableViewCell.nib
2025-01-23 10:03:12 +0000  copying file ./Payload/CERQEL.app/Radio2ItemsOnlyTVcell.nib ... 
2025-01-23 10:03:12 +0000  5886 bytes for ./Payload/CERQEL.app/Radio2ItemsOnlyTVcell.nib
2025-01-23 10:03:12 +0000  copying file ./Payload/CERQEL.app/CerqelRadioButtonSortCell.nib ... 
2025-01-23 10:03:12 +0000  6048 bytes for ./Payload/CERQEL.app/CerqelRadioButtonSortCell.nib
2025-01-23 10:03:12 +0000  copying file ./Payload/CERQEL.app/MediaItemTVcell.nib ... 
2025-01-23 10:03:12 +0000  6161 bytes for ./Payload/CERQEL.app/MediaItemTVcell.nib
2025-01-23 10:03:12 +0000  copying file ./Payload/CERQEL.app/CompanyStrategyTableviewCell.nib ... 
2025-01-23 10:03:12 +0000  6004 bytes for ./Payload/CERQEL.app/CompanyStrategyTableviewCell.nib
2025-01-23 10:03:12 +0000  copying file ./Payload/CERQEL.app/NotificationControlTVcell.nib ... 
2025-01-23 10:03:12 +0000  5653 bytes for ./Payload/CERQEL.app/NotificationControlTVcell.nib
2025-01-23 10:03:12 +0000  copying file ./Payload/CERQEL.app/details.json ... 
2025-01-23 10:03:12 +0000  914027 bytes for ./Payload/CERQEL.app/details.json
2025-01-23 10:03:12 +0000  copying file ./Payload/CERQEL.app/AttachmentNoteView.nib ... 
2025-01-23 10:03:12 +0000  15439 bytes for ./Payload/CERQEL.app/AttachmentNoteView.nib
2025-01-23 10:03:12 +0000  copying file ./Payload/CERQEL.app/ExpandedSectionHeader.nib ... 
2025-01-23 10:03:12 +0000  7142 bytes for ./Payload/CERQEL.app/ExpandedSectionHeader.nib
2025-01-23 10:03:12 +0000  copying file ./Payload/CERQEL.app/FaceRateTableViewCell.nib ... 
2025-01-23 10:03:12 +0000  6919 bytes for ./Payload/CERQEL.app/FaceRateTableViewCell.nib
2025-01-23 10:03:12 +0000  copying file ./Payload/CERQEL.app/ChatFooterView.nib ... 
2025-01-23 10:03:12 +0000  7182 bytes for ./Payload/CERQEL.app/ChatFooterView.nib
2025-01-23 10:03:12 +0000  copying file ./Payload/CERQEL.app/HeaderAccTVcell.nib ... 
2025-01-23 10:03:12 +0000  5125 bytes for ./Payload/CERQEL.app/HeaderAccTVcell.nib
2025-01-23 10:03:12 +0000  copying file ./Payload/CERQEL.app/DocumentHeaderView.nib ... 
2025-01-23 10:03:12 +0000  7234 bytes for ./Payload/CERQEL.app/DocumentHeaderView.nib
2025-01-23 10:03:12 +0000  copying file ./Payload/CERQEL.app/ChangeLanguageTVcell.nib ... 
2025-01-23 10:03:12 +0000  8382 bytes for ./Payload/CERQEL.app/ChangeLanguageTVcell.nib
2025-01-23 10:03:12 +0000  copying file ./Payload/CERQEL.app/CerqelReusableHeader.nib ... 
2025-01-23 10:03:12 +0000  11529 bytes for ./Payload/CERQEL.app/CerqelReusableHeader.nib
2025-01-23 10:03:12 +0000  copying file ./Payload/CERQEL.app/DocCenterBaseView.nib ... 
2025-01-23 10:03:12 +0000  4443 bytes for ./Payload/CERQEL.app/DocCenterBaseView.nib
2025-01-23 10:03:12 +0000  copying file ./Payload/CERQEL.app/AnnouncementListTVcellCerqel.nib ... 
2025-01-23 10:03:12 +0000  19025 bytes for ./Payload/CERQEL.app/AnnouncementListTVcellCerqel.nib
2025-01-23 10:03:12 +0000  copying file ./Payload/CERQEL.app/AppCenterDistributeResources.bundle/de.lproj/AppCenterDistribute.strings ... 
2025-01-23 10:03:12 +0000  994 bytes for ./Payload/CERQEL.app/AppCenterDistributeResources.bundle/de.lproj/AppCenterDistribute.strings
2025-01-23 10:03:12 +0000  copying file ./Payload/CERQEL.app/AppCenterDistributeResources.bundle/zh-Hans.lproj/AppCenterDistribute.strings ... 
2025-01-23 10:03:12 +0000  697 bytes for ./Payload/CERQEL.app/AppCenterDistributeResources.bundle/zh-Hans.lproj/AppCenterDistribute.strings
2025-01-23 10:03:12 +0000  copying file ./Payload/CERQEL.app/AppCenterDistributeResources.bundle/ja.lproj/AppCenterDistribute.strings ... 
2025-01-23 10:03:12 +0000  871 bytes for ./Payload/CERQEL.app/AppCenterDistributeResources.bundle/ja.lproj/AppCenterDistribute.strings
2025-01-23 10:03:12 +0000  copying file ./Payload/CERQEL.app/AppCenterDistributeResources.bundle/en.lproj/AppCenterDistribute.strings ... 
2025-01-23 10:03:12 +0000  798 bytes for ./Payload/CERQEL.app/AppCenterDistributeResources.bundle/en.lproj/AppCenterDistribute.strings
2025-01-23 10:03:12 +0000  copying file ./Payload/CERQEL.app/AppCenterDistributeResources.bundle/es.lproj/AppCenterDistribute.strings ... 
2025-01-23 10:03:12 +0000  1322 bytes for ./Payload/CERQEL.app/AppCenterDistributeResources.bundle/es.lproj/AppCenterDistribute.strings
2025-01-23 10:03:12 +0000  copying file ./Payload/CERQEL.app/AppCenterDistributeResources.bundle/it.lproj/AppCenterDistribute.strings ... 
2025-01-23 10:03:12 +0000  1078 bytes for ./Payload/CERQEL.app/AppCenterDistributeResources.bundle/it.lproj/AppCenterDistribute.strings
2025-01-23 10:03:12 +0000  copying file ./Payload/CERQEL.app/AppCenterDistributeResources.bundle/cs.lproj/AppCenterDistribute.strings ... 
2025-01-23 10:03:12 +0000  1175 bytes for ./Payload/CERQEL.app/AppCenterDistributeResources.bundle/cs.lproj/AppCenterDistribute.strings
2025-01-23 10:03:12 +0000  copying file ./Payload/CERQEL.app/AppCenterDistributeResources.bundle/ko.lproj/AppCenterDistribute.strings ... 
2025-01-23 10:03:12 +0000  831 bytes for ./Payload/CERQEL.app/AppCenterDistributeResources.bundle/ko.lproj/AppCenterDistribute.strings
2025-01-23 10:03:12 +0000  copying file ./Payload/CERQEL.app/AppCenterDistributeResources.bundle/zh-Hant.lproj/AppCenterDistribute.strings ... 
2025-01-23 10:03:12 +0000  743 bytes for ./Payload/CERQEL.app/AppCenterDistributeResources.bundle/zh-Hant.lproj/AppCenterDistribute.strings
2025-01-23 10:03:12 +0000  copying file ./Payload/CERQEL.app/AppCenterDistributeResources.bundle/tr.lproj/AppCenterDistribute.strings ... 
2025-01-23 10:03:12 +0000  1262 bytes for ./Payload/CERQEL.app/AppCenterDistributeResources.bundle/tr.lproj/AppCenterDistribute.strings
2025-01-23 10:03:12 +0000  copying file ./Payload/CERQEL.app/AppCenterDistributeResources.bundle/pl.lproj/AppCenterDistribute.strings ... 
2025-01-23 10:03:12 +0000  1308 bytes for ./Payload/CERQEL.app/AppCenterDistributeResources.bundle/pl.lproj/AppCenterDistribute.strings
2025-01-23 10:03:12 +0000  copying file ./Payload/CERQEL.app/AppCenterDistributeResources.bundle/ru.lproj/AppCenterDistribute.strings ... 
2025-01-23 10:03:12 +0000  1263 bytes for ./Payload/CERQEL.app/AppCenterDistributeResources.bundle/ru.lproj/AppCenterDistribute.strings
2025-01-23 10:03:12 +0000  copying file ./Payload/CERQEL.app/AppCenterDistributeResources.bundle/fr.lproj/AppCenterDistribute.strings ... 
2025-01-23 10:03:12 +0000  1294 bytes for ./Payload/CERQEL.app/AppCenterDistributeResources.bundle/fr.lproj/AppCenterDistribute.strings
2025-01-23 10:03:12 +0000  copying file ./Payload/CERQEL.app/AppCenterDistributeResources.bundle/pt.lproj/AppCenterDistribute.strings ... 
2025-01-23 10:03:12 +0000  969 bytes for ./Payload/CERQEL.app/AppCenterDistributeResources.bundle/pt.lproj/AppCenterDistribute.strings
2025-01-23 10:03:12 +0000  copying file ./Payload/CERQEL.app/AppCenterDistributeResources.bundle/Info.plist ... 
2025-01-23 10:03:12 +0000  804 bytes for ./Payload/CERQEL.app/AppCenterDistributeResources.bundle/Info.plist
2025-01-23 10:03:12 +0000  copying file ./Payload/CERQEL.app/SocialMediaTVCell.nib ... 
2025-01-23 10:03:12 +0000  10558 bytes for ./Payload/CERQEL.app/SocialMediaTVCell.nib
2025-01-23 10:03:12 +0000  copying file ./Payload/CERQEL.app/DetailsTabsTVcell.nib ... 
2025-01-23 10:03:12 +0000  5378 bytes for ./Payload/CERQEL.app/DetailsTabsTVcell.nib
2025-01-23 10:03:12 +0000  copying file ./Payload/CERQEL.app/NewDropDownTVCell.nib ... 
2025-01-23 10:03:12 +0000  12111 bytes for ./Payload/CERQEL.app/NewDropDownTVCell.nib
2025-01-23 10:03:12 +0000  copying file ./Payload/CERQEL.app/DateTimeRangePickerTVcell.nib ... 
2025-01-23 10:03:12 +0000  13476 bytes for ./Payload/CERQEL.app/DateTimeRangePickerTVcell.nib
2025-01-23 10:03:12 +0000  copying file ./Payload/CERQEL.app/DocumentSubCategoryCell.nib ... 
2025-01-23 10:03:12 +0000  4049 bytes for ./Payload/CERQEL.app/DocumentSubCategoryCell.nib
2025-01-23 10:03:12 +0000  copying file ./Payload/CERQEL.app/SharedReusableHeader.nib ... 
2025-01-23 10:03:12 +0000  10473 bytes for ./Payload/CERQEL.app/SharedReusableHeader.nib
2025-01-23 10:03:12 +0000  copying file ./Payload/CERQEL.app/DatePickerPopup.nib ... 
2025-01-23 10:03:12 +0000  6346 bytes for ./Payload/CERQEL.app/DatePickerPopup.nib
2025-01-23 10:03:12 +0000  copying file ./Payload/CERQEL.app/MyAppsListVC.nib ... 
2025-01-23 10:03:12 +0000  8038 bytes for ./Payload/CERQEL.app/MyAppsListVC.nib
2025-01-23 10:03:12 +0000  copying file ./Payload/CERQEL.app/QuoteVC.nib ... 
2025-01-23 10:03:12 +0000  10598 bytes for ./Payload/CERQEL.app/QuoteVC.nib
2025-01-23 10:03:12 +0000  copying file ./Payload/CERQEL.app/NewProfileBasicInfoTVCell.nib ... 
2025-01-23 10:03:12 +0000  8126 bytes for ./Payload/CERQEL.app/NewProfileBasicInfoTVCell.nib
2025-01-23 10:03:12 +0000  copying file ./Payload/CERQEL.app/HomeEventsCVcell.nib ... 
2025-01-23 10:03:12 +0000  12504 bytes for ./Payload/CERQEL.app/HomeEventsCVcell.nib
2025-01-23 10:03:12 +0000  copying file ./Payload/CERQEL.app/ChatFooterAttachmentCVcell.nib ... 
2025-01-23 10:03:12 +0000  5161 bytes for ./Payload/CERQEL.app/ChatFooterAttachmentCVcell.nib
2025-01-23 10:03:12 +0000  copying file ./Payload/CERQEL.app/PersonalInfoTableViewCell.nib ... 
2025-01-23 10:03:12 +0000  11673 bytes for ./Payload/CERQEL.app/PersonalInfoTableViewCell.nib
2025-01-23 10:03:12 +0000  copying file ./Payload/CERQEL.app/TasksGSView.nib ... 
2025-01-23 10:03:12 +0000  3444 bytes for ./Payload/CERQEL.app/TasksGSView.nib
2025-01-23 10:03:12 +0000  copying file ./Payload/CERQEL.app/EventsListViewCerqel.nib ... 
2025-01-23 10:03:12 +0000  10065 bytes for ./Payload/CERQEL.app/EventsListViewCerqel.nib
2025-01-23 10:03:12 +0000  copying file ./Payload/CERQEL.app/RequestsTVCell.nib ... 
2025-01-23 10:03:12 +0000  5168 bytes for ./Payload/CERQEL.app/RequestsTVCell.nib
2025-01-23 10:03:12 +0000  copying file ./Payload/CERQEL.app/CustomizeWidgetsViewController.nib ... 
2025-01-23 10:03:12 +0000  2478 bytes for ./Payload/CERQEL.app/CustomizeWidgetsViewController.nib
2025-01-23 10:03:12 +0000  copying file ./Payload/CERQEL.app/dbRequestsCoverTVcell.nib ... 
2025-01-23 10:03:12 +0000  7689 bytes for ./Payload/CERQEL.app/dbRequestsCoverTVcell.nib
2025-01-23 10:03:12 +0000  copying file ./Payload/CERQEL.app/dbEventCVcell.nib ... 
2025-01-23 10:03:12 +0000  8727 bytes for ./Payload/CERQEL.app/dbEventCVcell.nib
2025-01-23 10:03:12 +0000  copying file ./Payload/CERQEL.app/SectionTableViewCell.nib ... 
2025-01-23 10:03:12 +0000  5298 bytes for ./Payload/CERQEL.app/SectionTableViewCell.nib
2025-01-23 10:03:12 +0000  copying file ./Payload/CERQEL.app/OffersCVcell.nib ... 
2025-01-23 10:03:12 +0000  13918 bytes for ./Payload/CERQEL.app/OffersCVcell.nib
2025-01-23 10:03:12 +0000  copying file ./Payload/CERQEL.app/PreviousActionV2TVC.nib ... 
2025-01-23 10:03:12 +0000  11952 bytes for ./Payload/CERQEL.app/PreviousActionV2TVC.nib
2025-01-23 10:03:12 +0000  copying file ./Payload/CERQEL.app/KnowledgeBaseViewController.nib ... 
2025-01-23 10:03:12 +0000  3513 bytes for ./Payload/CERQEL.app/KnowledgeBaseViewController.nib
2025-01-23 10:03:12 +0000  copying file ./Payload/CERQEL.app/NotificationDetailsVC.nib ... 
2025-01-23 10:03:12 +0000  6827 bytes for ./Payload/CERQEL.app/NotificationDetailsVC.nib
2025-01-23 10:03:12 +0000  copying file ./Payload/CERQEL.app/Poppins-Regular.ttf ... 
2025-01-23 10:03:12 +0000  158240 bytes for ./Payload/CERQEL.app/Poppins-Regular.ttf
2025-01-23 10:03:12 +0000  copying file ./Payload/CERQEL.app/BaseListWithSearchVC.nib ... 
2025-01-23 10:03:12 +0000  13482 bytes for ./Payload/CERQEL.app/BaseListWithSearchVC.nib
2025-01-23 10:03:12 +0000  copying file ./Payload/CERQEL.app/DateRangeHeaderV.nib ... 
2025-01-23 10:03:12 +0000  6191 bytes for ./Payload/CERQEL.app/DateRangeHeaderV.nib
2025-01-23 10:03:12 +0000  copying file ./Payload/CERQEL.app/KnowledgeBaseGlobalSearchTableViewCell.nib ... 
2025-01-23 10:03:12 +0000  3285 bytes for ./Payload/CERQEL.app/KnowledgeBaseGlobalSearchTableViewCell.nib
2025-01-23 10:03:12 +0000  copying file ./Payload/CERQEL.app/ServicesSearchResultsView.nib ... 
2025-01-23 10:03:12 +0000  17326 bytes for ./Payload/CERQEL.app/ServicesSearchResultsView.nib
2025-01-23 10:03:12 +0000  copying file ./Payload/CERQEL.app/LabelControleTVcell.nib ... 
2025-01-23 10:03:12 +0000  3130 bytes for ./Payload/CERQEL.app/LabelControleTVcell.nib
2025-01-23 10:03:12 +0000  copying file ./Payload/CERQEL.app/NewProfileHeaderTVCell.nib ... 
2025-01-23 10:03:12 +0000  13946 bytes for ./Payload/CERQEL.app/NewProfileHeaderTVCell.nib
2025-01-23 10:03:12 +0000  copying file ./Payload/CERQEL.app/SearchControlTVcell.nib ... 
2025-01-23 10:03:12 +0000  8132 bytes for ./Payload/CERQEL.app/SearchControlTVcell.nib
2025-01-23 10:03:12 +0000  copying file ./Payload/CERQEL.app/NewLinkControlTVcell.nib ... 
2025-01-23 10:03:12 +0000  7857 bytes for ./Payload/CERQEL.app/NewLinkControlTVcell.nib
2025-01-23 10:03:12 +0000  copying file ./Payload/CERQEL.app/SearchFilterResultView.nib ... 
2025-01-23 10:03:12 +0000  14065 bytes for ./Payload/CERQEL.app/SearchFilterResultView.nib
2025-01-23 10:03:12 +0000  copying file ./Payload/CERQEL.app/BaseSortVC.nib ... 
2025-01-23 10:03:12 +0000  9103 bytes for ./Payload/CERQEL.app/BaseSortVC.nib
2025-01-23 10:03:12 +0000  copying file ./Payload/CERQEL.app/NewSearchVC.nib ... 
2025-01-23 10:03:12 +0000  10414 bytes for ./Payload/CERQEL.app/NewSearchVC.nib
2025-01-23 10:03:12 +0000  copying file ./Payload/CERQEL.app/ReportFooterTVCell.nib ... 
2025-01-23 10:03:12 +0000  4193 bytes for ./Payload/CERQEL.app/ReportFooterTVCell.nib
2025-01-23 10:03:12 +0000  copying file ./Payload/CERQEL.app/EmployeeInfoControlTVcell.nib ... 
2025-01-23 10:03:12 +0000  7403 bytes for ./Payload/CERQEL.app/EmployeeInfoControlTVcell.nib
2025-01-23 10:03:12 +0000  copying file ./Payload/CERQEL.app/TanentTableViewCell.nib ... 
2025-01-23 10:03:12 +0000  5782 bytes for ./Payload/CERQEL.app/TanentTableViewCell.nib
2025-01-23 10:03:12 +0000  copying file ./Payload/CERQEL.app/EmptyTVcell.nib ... 
2025-01-23 10:03:12 +0000  2352 bytes for ./Payload/CERQEL.app/EmptyTVcell.nib
2025-01-23 10:03:12 +0000  copying file ./Payload/CERQEL.app/WithdrawDDOptionTVcell.nib ... 
2025-01-23 10:03:12 +0000  3070 bytes for ./Payload/CERQEL.app/WithdrawDDOptionTVcell.nib
2025-01-23 10:03:12 +0000  copying file ./Payload/CERQEL.app/FormMediaItemView.nib ... 
2025-01-23 10:03:12 +0000  8115 bytes for ./Payload/CERQEL.app/FormMediaItemView.nib
2025-01-23 10:03:12 +0000  copying file ./Payload/CERQEL.app/OffersQRCodeVCCerqel.nib ... 
2025-01-23 10:03:12 +0000  9050 bytes for ./Payload/CERQEL.app/OffersQRCodeVCCerqel.nib
2025-01-23 10:03:12 +0000  copying file ./Payload/CERQEL.app/PersonalInfoVC.nib ... 
2025-01-23 10:03:12 +0000  4967 bytes for ./Payload/CERQEL.app/PersonalInfoVC.nib
2025-01-23 10:03:12 +0000  copying file ./Payload/CERQEL.app/NewTextBoxTVCell.nib ... 
2025-01-23 10:03:12 +0000  8783 bytes for ./Payload/CERQEL.app/NewTextBoxTVCell.nib
2025-01-23 10:03:12 +0000  copying file ./Payload/CERQEL.app/ActionControlAttachmentsTVcell.nib ... 
2025-01-23 10:03:12 +0000  4839 bytes for ./Payload/CERQEL.app/ActionControlAttachmentsTVcell.nib
2025-01-23 10:03:12 +0000  copying file ./Payload/CERQEL.app/ReqInfoTVC.nib ... 
2025-01-23 10:03:12 +0000  14630 bytes for ./Payload/CERQEL.app/ReqInfoTVC.nib
2025-01-23 10:03:12 +0000  copying file ./Payload/CERQEL.app/EmptyStateCVcell.nib ... 
2025-01-23 10:03:12 +0000  4891 bytes for ./Payload/CERQEL.app/EmptyStateCVcell.nib
2025-01-23 10:03:12 +0000  copying file ./Payload/CERQEL.app/DateTableViewCell.nib ... 
2025-01-23 10:03:12 +0000  8171 bytes for ./Payload/CERQEL.app/DateTableViewCell.nib
2025-01-23 10:03:12 +0000  copying file ./Payload/CERQEL.app/dbOffersCVcell.nib ... 
2025-01-23 10:03:12 +0000  7094 bytes for ./Payload/CERQEL.app/dbOffersCVcell.nib
2025-01-23 10:03:12 +0000  copying file ./Payload/CERQEL.app/MoreTVCell.nib ... 
2025-01-23 10:03:12 +0000  5599 bytes for ./Payload/CERQEL.app/MoreTVCell.nib
2025-01-23 10:03:12 +0000  copying file ./Payload/CERQEL.app/dbNewsTVcell.nib ... 
2025-01-23 10:03:12 +0000  6439 bytes for ./Payload/CERQEL.app/dbNewsTVcell.nib
2025-01-23 10:03:12 +0000  copying file ./Payload/CERQEL.app/NewTableControlTVCell.nib ... 
2025-01-23 10:03:12 +0000  11056 bytes for ./Payload/CERQEL.app/NewTableControlTVCell.nib
2025-01-23 10:03:12 +0000  copying file ./Payload/CERQEL.app/MedicalInsuranceListVC.nib ... 
2025-01-23 10:03:12 +0000  4527 bytes for ./Payload/CERQEL.app/MedicalInsuranceListVC.nib
2025-01-23 10:03:12 +0000  copying file ./Payload/CERQEL.app/ExpandedTableHeader.nib ... 
2025-01-23 10:03:12 +0000  6153 bytes for ./Payload/CERQEL.app/ExpandedTableHeader.nib
2025-01-23 10:03:12 +0000  copying file ./Payload/CERQEL.app/OrganizationEmployeeTableViewCell.nib ... 
2025-01-23 10:03:12 +0000  6630 bytes for ./Payload/CERQEL.app/OrganizationEmployeeTableViewCell.nib
2025-01-23 10:03:12 +0000  copying file ./Payload/CERQEL.app/RichTextAreaTableViewCell.nib ... 
2025-01-23 10:03:12 +0000  5013 bytes for ./Payload/CERQEL.app/RichTextAreaTableViewCell.nib
2025-01-23 10:03:12 +0000  copying file ./Payload/CERQEL.app/DropDownItemTableViewCell.nib ... 
2025-01-23 10:03:12 +0000  3892 bytes for ./Payload/CERQEL.app/DropDownItemTableViewCell.nib
2025-01-23 10:03:12 +0000  copying file ./Payload/CERQEL.app/DropDownTVcell.nib ... 
2025-01-23 10:03:12 +0000  7139 bytes for ./Payload/CERQEL.app/DropDownTVcell.nib
2025-01-23 10:03:12 +0000  copying file ./Payload/CERQEL.app/CustomCalender.nib ... 
2025-01-23 10:03:12 +0000  9830 bytes for ./Payload/CERQEL.app/CustomCalender.nib
2025-01-23 10:03:12 +0000  copying file ./Payload/CERQEL.app/CustomMonthYearCalendarVC.nib ... 
2025-01-23 10:03:12 +0000  12093 bytes for ./Payload/CERQEL.app/CustomMonthYearCalendarVC.nib
2025-01-23 10:03:12 +0000  copying file ./Payload/CERQEL.app/TitleWithCalenderIconHeader.nib ... 
2025-01-23 10:03:12 +0000  5850 bytes for ./Payload/CERQEL.app/TitleWithCalenderIconHeader.nib
2025-01-23 10:03:12 +0000  copying file ./Payload/CERQEL.app/SearchView.nib ... 
2025-01-23 10:03:12 +0000  9674 bytes for ./Payload/CERQEL.app/SearchView.nib
2025-01-23 10:03:12 +0000  copying file ./Payload/CERQEL.app/OtherOptionView.nib ... 
2025-01-23 10:03:12 +0000  3137 bytes for ./Payload/CERQEL.app/OtherOptionView.nib
2025-01-23 10:03:12 +0000  copying file ./Payload/CERQEL.app/FAQsAnswerTableViewCell.nib ... 
2025-01-23 10:03:12 +0000  4541 bytes for ./Payload/CERQEL.app/FAQsAnswerTableViewCell.nib
2025-01-23 10:03:12 +0000  copying file ./Payload/CERQEL.app/EventCMSDetailsVCCerqel.nib ... 
2025-01-23 10:03:12 +0000  14316 bytes for ./Payload/CERQEL.app/EventCMSDetailsVCCerqel.nib
2025-01-23 10:03:12 +0000  copying file ./Payload/CERQEL.app/reqTaskCommentTVcell.nib ... 
2025-01-23 10:03:12 +0000  7073 bytes for ./Payload/CERQEL.app/reqTaskCommentTVcell.nib
2025-01-23 10:03:12 +0000  copying file ./Payload/CERQEL.app/StatisticsTVCell.nib ... 
2025-01-23 10:03:12 +0000  20621 bytes for ./Payload/CERQEL.app/StatisticsTVCell.nib
2025-01-23 10:03:12 +0000  copying file ./Payload/CERQEL.app/OffersDetailsViewCerqel.nib ... 
2025-01-23 10:03:12 +0000  17312 bytes for ./Payload/CERQEL.app/OffersDetailsViewCerqel.nib
2025-01-23 10:03:12 +0000  copying file ./Payload/CERQEL.app/FillFreeSpaceTVcell.nib ... 
2025-01-23 10:03:12 +0000  2311 bytes for ./Payload/CERQEL.app/FillFreeSpaceTVcell.nib
2025-01-23 10:03:12 +0000  copying file ./Payload/CERQEL.app/CheckBoxControlTVcell.nib ... 
2025-01-23 10:03:12 +0000  7451 bytes for ./Payload/CERQEL.app/CheckBoxControlTVcell.nib
2025-01-23 10:03:12 +0000  copying file ./Payload/CERQEL.app/LocationNameView.nib ... 
2025-01-23 10:03:12 +0000  3930 bytes for ./Payload/CERQEL.app/LocationNameView.nib
2025-01-23 10:03:12 +0000  copying file ./Payload/CERQEL.app/Poppins-Bold.ttf ... 
2025-01-23 10:03:12 +0000  153944 bytes for ./Payload/CERQEL.app/Poppins-Bold.ttf
2025-01-23 10:03:12 +0000  copying file ./Payload/CERQEL.app/originalForm.json ... 
2025-01-23 10:03:12 +0000  107679 bytes for ./Payload/CERQEL.app/originalForm.json
2025-01-23 10:03:12 +0000  copying file ./Payload/CERQEL.app/Frameworks/grpcpp.framework/_CodeSignature/CodeResources ... 
2025-01-23 10:03:12 +0000  2818 bytes for ./Payload/CERQEL.app/Frameworks/grpcpp.framework/_CodeSignature/CodeResources
2025-01-23 10:03:12 +0000  copying file ./Payload/CERQEL.app/Frameworks/grpcpp.framework/grpcpp ... 
2025-01-23 10:03:12 +0000  869824 bytes for ./Payload/CERQEL.app/Frameworks/grpcpp.framework/grpcpp
2025-01-23 10:03:12 +0000  copying file ./Payload/CERQEL.app/Frameworks/grpcpp.framework/gRPCCertificates-Cpp.bundle/roots.pem ... 
2025-01-23 10:03:12 +0000  264440 bytes for ./Payload/CERQEL.app/Frameworks/grpcpp.framework/gRPCCertificates-Cpp.bundle/roots.pem
2025-01-23 10:03:12 +0000  copying file ./Payload/CERQEL.app/Frameworks/grpcpp.framework/gRPCCertificates-Cpp.bundle/Info.plist ... 
2025-01-23 10:03:12 +0000  789 bytes for ./Payload/CERQEL.app/Frameworks/grpcpp.framework/gRPCCertificates-Cpp.bundle/Info.plist
2025-01-23 10:03:12 +0000  copying file ./Payload/CERQEL.app/Frameworks/grpcpp.framework/grpcpp.bundle/PrivacyInfo.xcprivacy ... 
2025-01-23 10:03:12 +0000  817 bytes for ./Payload/CERQEL.app/Frameworks/grpcpp.framework/grpcpp.bundle/PrivacyInfo.xcprivacy
2025-01-23 10:03:12 +0000  copying file ./Payload/CERQEL.app/Frameworks/grpcpp.framework/grpcpp.bundle/Info.plist ... 
2025-01-23 10:03:12 +0000  759 bytes for ./Payload/CERQEL.app/Frameworks/grpcpp.framework/grpcpp.bundle/Info.plist
2025-01-23 10:03:12 +0000  copying file ./Payload/CERQEL.app/Frameworks/grpcpp.framework/Info.plist ... 
2025-01-23 10:03:12 +0000  784 bytes for ./Payload/CERQEL.app/Frameworks/grpcpp.framework/Info.plist
2025-01-23 10:03:12 +0000  copying file ./Payload/CERQEL.app/Frameworks/PopupDialog.framework/_CodeSignature/CodeResources ... 
2025-01-23 10:03:12 +0000  1798 bytes for ./Payload/CERQEL.app/Frameworks/PopupDialog.framework/_CodeSignature/CodeResources
2025-01-23 10:03:12 +0000  copying file ./Payload/CERQEL.app/Frameworks/PopupDialog.framework/PopupDialog ... 
2025-01-23 10:03:12 +0000  380400 bytes for ./Payload/CERQEL.app/Frameworks/PopupDialog.framework/PopupDialog
2025-01-23 10:03:12 +0000  copying file ./Payload/CERQEL.app/Frameworks/PopupDialog.framework/Info.plist ... 
2025-01-23 10:03:12 +0000  793 bytes for ./Payload/CERQEL.app/Frameworks/PopupDialog.framework/Info.plist
2025-01-23 10:03:12 +0000  copying file ./Payload/CERQEL.app/Frameworks/TransitionButton.framework/_CodeSignature/CodeResources ... 
2025-01-23 10:03:12 +0000  1798 bytes for ./Payload/CERQEL.app/Frameworks/TransitionButton.framework/_CodeSignature/CodeResources
2025-01-23 10:03:12 +0000  copying file ./Payload/CERQEL.app/Frameworks/TransitionButton.framework/TransitionButton ... 
2025-01-23 10:03:12 +0000  183968 bytes for ./Payload/CERQEL.app/Frameworks/TransitionButton.framework/TransitionButton
2025-01-23 10:03:12 +0000  copying file ./Payload/CERQEL.app/Frameworks/TransitionButton.framework/Info.plist ... 
2025-01-23 10:03:12 +0000  805 bytes for ./Payload/CERQEL.app/Frameworks/TransitionButton.framework/Info.plist
2025-01-23 10:03:12 +0000  copying file ./Payload/CERQEL.app/Frameworks/SwiftyJSON.framework/_CodeSignature/CodeResources ... 
2025-01-23 10:03:12 +0000  1798 bytes for ./Payload/CERQEL.app/Frameworks/SwiftyJSON.framework/_CodeSignature/CodeResources
2025-01-23 10:03:12 +0000  copying file ./Payload/CERQEL.app/Frameworks/SwiftyJSON.framework/SwiftyJSON ... 
2025-01-23 10:03:12 +0000  340448 bytes for ./Payload/CERQEL.app/Frameworks/SwiftyJSON.framework/SwiftyJSON
copying file ./Payload/CERQEL.app/Frameworks/SwiftyJSON.framework/Info.plist ... 
2025-01-23 10:03:12 +0000  791 bytes for ./Payload/CERQEL.app/Frameworks/SwiftyJSON.framework/Info.plist
2025-01-23 10:03:12 +0000  copying file ./Payload/CERQEL.app/Frameworks/SVGKit.framework/_CodeSignature/CodeResources ... 
2025-01-23 10:03:12 +0000  1798 bytes for ./Payload/CERQEL.app/Frameworks/SVGKit.framework/_CodeSignature/CodeResources
2025-01-23 10:03:12 +0000  copying file ./Payload/CERQEL.app/Frameworks/SVGKit.framework/SVGKit ... 
2025-01-23 10:03:12 +0000  677584 bytes for ./Payload/CERQEL.app/Frameworks/SVGKit.framework/SVGKit
2025-01-23 10:03:12 +0000  copying file ./Payload/CERQEL.app/Frameworks/SVGKit.framework/Info.plist ... 
2025-01-23 10:03:12 +0000  783 bytes for ./Payload/CERQEL.app/Frameworks/SVGKit.framework/Info.plist
2025-01-23 10:03:12 +0000  copying file ./Payload/CERQEL.app/Frameworks/RxAlamofire.framework/_CodeSignature/CodeResources ... 
2025-01-23 10:03:12 +0000  1798 bytes for ./Payload/CERQEL.app/Frameworks/RxAlamofire.framework/_CodeSignature/CodeResources
2025-01-23 10:03:12 +0000  copying file ./Payload/CERQEL.app/Frameworks/RxAlamofire.framework/RxAlamofire ... 
2025-01-23 10:03:12 +0000  263120 bytes for ./Payload/CERQEL.app/Frameworks/RxAlamofire.framework/RxAlamofire
2025-01-23 10:03:12 +0000  copying file ./Payload/CERQEL.app/Frameworks/RxAlamofire.framework/Info.plist ... 
2025-01-23 10:03:12 +0000  793 bytes for ./Payload/CERQEL.app/Frameworks/RxAlamofire.framework/Info.plist
2025-01-23 10:03:12 +0000  copying file ./Payload/CERQEL.app/Frameworks/InitialsImageView.framework/_CodeSignature/CodeResources ... 
2025-01-23 10:03:12 +0000  1798 bytes for ./Payload/CERQEL.app/Frameworks/InitialsImageView.framework/_CodeSignature/CodeResources
2025-01-23 10:03:12 +0000  copying file ./Payload/CERQEL.app/Frameworks/InitialsImageView.framework/InitialsImageView ... 
2025-01-23 10:03:12 +0000  138688 bytes for ./Payload/CERQEL.app/Frameworks/InitialsImageView.framework/InitialsImageView
2025-01-23 10:03:12 +0000  copying file ./Payload/CERQEL.app/Frameworks/InitialsImageView.framework/Info.plist ... 
2025-01-23 10:03:12 +0000  807 bytes for ./Payload/CERQEL.app/Frameworks/InitialsImageView.framework/Info.plist
2025-01-23 10:03:12 +0000  copying file ./Payload/CERQEL.app/Frameworks/RichEditorView.framework/_CodeSignature/CodeResources ... 
2025-01-23 10:03:12 +0000  10838 bytes for ./Payload/CERQEL.app/Frameworks/RichEditorView.framework/_CodeSignature/CodeResources
2025-01-23 10:03:12 +0000  copying file ./Payload/CERQEL.app/Frameworks/RichEditorView.framework/h2@2x.png ... 
2025-01-23 10:03:12 +0000  3261 bytes for ./Payload/CERQEL.app/Frameworks/RichEditorView.framework/h2@2x.png
2025-01-23 10:03:12 +0000  copying file ./Payload/CERQEL.app/Frameworks/RichEditorView.framework/text_color@2x.png ... 
2025-01-23 10:03:12 +0000  4172 bytes for ./Payload/CERQEL.app/Frameworks/RichEditorView.framework/text_color@2x.png
2025-01-23 10:03:12 +0000  copying file ./Payload/CERQEL.app/Frameworks/RichEditorView.framework/rich_editor_tests.js ... 
2025-01-23 10:03:12 +0000  2539 bytes for ./Payload/CERQEL.app/Frameworks/RichEditorView.framework/rich_editor_tests.js
2025-01-23 10:03:12 +0000  copying file ./Payload/CERQEL.app/Frameworks/RichEditorView.framework/indent@3x.png ... 
2025-01-23 10:03:12 +0000  645 bytes for ./Payload/CERQEL.app/Frameworks/RichEditorView.framework/indent@3x.png
2025-01-23 10:03:12 +0000  copying file ./Payload/CERQEL.app/Frameworks/RichEditorView.framework/unordered_list@3x.png ... 
2025-01-23 10:03:12 +0000  500 bytes for ./Payload/CERQEL.app/Frameworks/RichEditorView.framework/unordered_list@3x.png
2025-01-23 10:03:12 +0000  copying file ./Payload/CERQEL.app/Frameworks/RichEditorView.framework/unordered_list@2x.png ... 
2025-01-23 10:03:12 +0000  336 bytes for ./Payload/CERQEL.app/Frameworks/RichEditorView.framework/unordered_list@2x.png
2025-01-23 10:03:12 +0000  copying file ./Payload/CERQEL.app/Frameworks/RichEditorView.framework/indent@2x.png ... 
2025-01-23 10:03:12 +0000  492 bytes for ./Payload/CERQEL.app/Frameworks/RichEditorView.framework/indent@2x.png
2025-01-23 10:03:12 +0000  copying file ./Payload/CERQEL.app/Frameworks/RichEditorView.framework/assert.js ... 
2025-01-23 10:03:12 +0000  884 bytes for ./Payload/CERQEL.app/Frameworks/RichEditorView.framework/assert.js
2025-01-23 10:03:12 +0000  copying file ./Payload/CERQEL.app/Frameworks/RichEditorView.framework/justify_center@2x.png ... 
2025-01-23 10:03:12 +0000  3111 bytes for ./Payload/CERQEL.app/Frameworks/RichEditorView.framework/justify_center@2x.png
2025-01-23 10:03:12 +0000  copying file ./Payload/CERQEL.app/Frameworks/RichEditorView.framework/ordered_list@2x.png ... 
2025-01-23 10:03:12 +0000  669 bytes for ./Payload/CERQEL.app/Frameworks/RichEditorView.framework/ordered_list@2x.png
2025-01-23 10:03:12 +0000  copying file ./Payload/CERQEL.app/Frameworks/RichEditorView.framework/underline@2x.png ... 
2025-01-23 10:03:12 +0000  825 bytes for ./Payload/CERQEL.app/Frameworks/RichEditorView.framework/underline@2x.png
2025-01-23 10:03:12 +0000  copying file ./Payload/CERQEL.app/Frameworks/RichEditorView.framework/rich_editor.js ... 
2025-01-23 10:03:12 +0000  10798 bytes for ./Payload/CERQEL.app/Frameworks/RichEditorView.framework/rich_editor.js
2025-01-23 10:03:12 +0000  copying file ./Payload/CERQEL.app/Frameworks/RichEditorView.framework/rich_editor_tests.html ... 
2025-01-23 10:03:12 +0000  640 bytes for ./Payload/CERQEL.app/Frameworks/RichEditorView.framework/rich_editor_tests.html
2025-01-23 10:03:12 +0000  copying file ./Payload/CERQEL.app/Frameworks/RichEditorView.framework/h4@2x.png ... 
2025-01-23 10:03:12 +0000  3138 bytes for ./Payload/CERQEL.app/Frameworks/RichEditorView.framework/h4@2x.png
2025-01-23 10:03:12 +0000  copying file ./Payload/CERQEL.app/Frameworks/RichEditorView.framework/rich_editor.html ... 
2025-01-23 10:03:12 +0000  689 bytes for ./Payload/CERQEL.app/Frameworks/RichEditorView.framework/rich_editor.html
2025-01-23 10:03:12 +0000  copying file ./Payload/CERQEL.app/Frameworks/RichEditorView.framework/h6@2x.png ... 
2025-01-23 10:03:12 +0000  3351 bytes for ./Payload/CERQEL.app/Frameworks/RichEditorView.framework/h6@2x.png
2025-01-23 10:03:12 +0000  copying file ./Payload/CERQEL.app/Frameworks/RichEditorView.framework/justify_right@2x.png ... 
2025-01-23 10:03:12 +0000  3012 bytes for ./Payload/CERQEL.app/Frameworks/RichEditorView.framework/justify_right@2x.png
2025-01-23 10:03:12 +0000  copying file ./Payload/CERQEL.app/Frameworks/RichEditorView.framework/underline@3x.png ... 
2025-01-23 10:03:12 +0000  1164 bytes for ./Payload/CERQEL.app/Frameworks/RichEditorView.framework/underline@3x.png
2025-01-23 10:03:12 +0000  copying file ./Payload/CERQEL.app/Frameworks/RichEditorView.framework/ordered_list@3x.png ... 
2025-01-23 10:03:12 +0000  1028 bytes for ./Payload/CERQEL.app/Frameworks/RichEditorView.framework/ordered_list@3x.png
2025-01-23 10:03:12 +0000  copying file ./Payload/CERQEL.app/Frameworks/RichEditorView.framework/outdent@2x.png ... 
2025-01-23 10:03:12 +0000  511 bytes for ./Payload/CERQEL.app/Frameworks/RichEditorView.framework/outdent@2x.png
2025-01-23 10:03:12 +0000  copying file ./Payload/CERQEL.app/Frameworks/RichEditorView.framework/superscript@2x.png ... 
2025-01-23 10:03:12 +0000  3927 bytes for ./Payload/CERQEL.app/Frameworks/RichEditorView.framework/superscript@2x.png
2025-01-23 10:03:12 +0000  copying file ./Payload/CERQEL.app/Frameworks/RichEditorView.framework/strikethrough@2x.png ... 
3445 bytes for ./Payload/CERQEL.app/Frameworks/RichEditorView.framework/strikethrough@2x.png
copying file ./Payload/CERQEL.app/Frameworks/RichEditorView.framework/undo@3x.png ... 
1838 bytes for ./Payload/CERQEL.app/Frameworks/RichEditorView.framework/undo@3x.png
copying file ./Payload/CERQEL.app/Frameworks/RichEditorView.framework/h3@2x.png ... 
2025-01-23 10:03:12 +0000  3295 bytes for ./Payload/CERQEL.app/Frameworks/RichEditorView.framework/h3@2x.png
2025-01-23 10:03:12 +0000  copying file ./Payload/CERQEL.app/Frameworks/RichEditorView.framework/undo@2x.png ... 
2025-01-23 10:03:12 +0000  1210 bytes for ./Payload/CERQEL.app/Frameworks/RichEditorView.framework/undo@2x.png
2025-01-23 10:03:12 +0000  copying file ./Payload/CERQEL.app/Frameworks/RichEditorView.framework/RichEditorView ... 
2025-01-23 10:03:12 +0000  306240 bytes for ./Payload/CERQEL.app/Frameworks/RichEditorView.framework/RichEditorView
2025-01-23 10:03:12 +0000  copying file ./Payload/CERQEL.app/Frameworks/RichEditorView.framework/h1@2x.png ... 
2025-01-23 10:03:12 +0000  3024 bytes for ./Payload/CERQEL.app/Frameworks/RichEditorView.framework/h1@2x.png
2025-01-23 10:03:12 +0000  copying file ./Payload/CERQEL.app/Frameworks/RichEditorView.framework/style.css ... 
2025-01-23 10:03:12 +0000  1282 bytes for ./Payload/CERQEL.app/Frameworks/RichEditorView.framework/style.css
2025-01-23 10:03:12 +0000  copying file ./Payload/CERQEL.app/Frameworks/RichEditorView.framework/outdent@3x.png ... 
2025-01-23 10:03:12 +0000  642 bytes for ./Payload/CERQEL.app/Frameworks/RichEditorView.framework/outdent@3x.png
2025-01-23 10:03:12 +0000  copying file ./Payload/CERQEL.app/Frameworks/RichEditorView.framework/insert_link@2x.png ... 
2025-01-23 10:03:12 +0000  4346 bytes for ./Payload/CERQEL.app/Frameworks/RichEditorView.framework/insert_link@2x.png
2025-01-23 10:03:12 +0000  copying file ./Payload/CERQEL.app/Frameworks/RichEditorView.framework/bold@2x.png ... 
2025-01-23 10:03:12 +0000  983 bytes for ./Payload/CERQEL.app/Frameworks/RichEditorView.framework/bold@2x.png
2025-01-23 10:03:12 +0000  copying file ./Payload/CERQEL.app/Frameworks/RichEditorView.framework/italic@2x.png ... 
2025-01-23 10:03:12 +0000  767 bytes for ./Payload/CERQEL.app/Frameworks/RichEditorView.framework/italic@2x.png
2025-01-23 10:03:12 +0000  copying file ./Payload/CERQEL.app/Frameworks/RichEditorView.framework/h5@2x.png ... 
2025-01-23 10:03:12 +0000  3257 bytes for ./Payload/CERQEL.app/Frameworks/RichEditorView.framework/h5@2x.png
2025-01-23 10:03:12 +0000  copying file ./Payload/CERQEL.app/Frameworks/RichEditorView.framework/clear@2x.png ... 
2025-01-23 10:03:12 +0000  3740 bytes for ./Payload/CERQEL.app/Frameworks/RichEditorView.framework/clear@2x.png
2025-01-23 10:03:12 +0000  copying file ./Payload/CERQEL.app/Frameworks/RichEditorView.framework/subscript@2x.png ... 
2025-01-23 10:03:12 +0000  4005 bytes for ./Payload/CERQEL.app/Frameworks/RichEditorView.framework/subscript@2x.png
2025-01-23 10:03:12 +0000  copying file ./Payload/CERQEL.app/Frameworks/RichEditorView.framework/redo@2x.png ... 
2025-01-23 10:03:12 +0000  1210 bytes for ./Payload/CERQEL.app/Frameworks/RichEditorView.framework/redo@2x.png
2025-01-23 10:03:12 +0000  copying file ./Payload/CERQEL.app/Frameworks/RichEditorView.framework/normalize.css ... 
2025-01-23 10:03:12 +0000  6148 bytes for ./Payload/CERQEL.app/Frameworks/RichEditorView.framework/normalize.css
2025-01-23 10:03:12 +0000  copying file ./Payload/CERQEL.app/Frameworks/RichEditorView.framework/redo@3x.png ... 
2025-01-23 10:03:12 +0000  1829 bytes for ./Payload/CERQEL.app/Frameworks/RichEditorView.framework/redo@3x.png
2025-01-23 10:03:12 +0000  copying file ./Payload/CERQEL.app/Frameworks/RichEditorView.framework/insert_image@2x.png ... 
2025-01-23 10:03:12 +0000  4290 bytes for ./Payload/CERQEL.app/Frameworks/RichEditorView.framework/insert_image@2x.png
2025-01-23 10:03:12 +0000  copying file ./Payload/CERQEL.app/Frameworks/RichEditorView.framework/Info.plist ... 
2025-01-23 10:03:12 +0000  799 bytes for ./Payload/CERQEL.app/Frameworks/RichEditorView.framework/Info.plist
2025-01-23 10:03:12 +0000  copying file ./Payload/CERQEL.app/Frameworks/RichEditorView.framework/justify_left@2x.png ... 
2025-01-23 10:03:12 +0000  3018 bytes for ./Payload/CERQEL.app/Frameworks/RichEditorView.framework/justify_left@2x.png
2025-01-23 10:03:12 +0000  copying file ./Payload/CERQEL.app/Frameworks/RichEditorView.framework/italic@3x.png ... 
2025-01-23 10:03:12 +0000  1045 bytes for ./Payload/CERQEL.app/Frameworks/RichEditorView.framework/italic@3x.png
2025-01-23 10:03:12 +0000  copying file ./Payload/CERQEL.app/Frameworks/RichEditorView.framework/bold@3x.png ... 
2025-01-23 10:03:12 +0000  1381 bytes for ./Payload/CERQEL.app/Frameworks/RichEditorView.framework/bold@3x.png
2025-01-23 10:03:12 +0000  copying file ./Payload/CERQEL.app/Frameworks/RichEditorView.framework/bg_color@2x.png ... 
2025-01-23 10:03:12 +0000  3681 bytes for ./Payload/CERQEL.app/Frameworks/RichEditorView.framework/bg_color@2x.png
2025-01-23 10:03:12 +0000  copying file ./Payload/CERQEL.app/Frameworks/Reachability.framework/_CodeSignature/CodeResources ... 
2025-01-23 10:03:12 +0000  1798 bytes for ./Payload/CERQEL.app/Frameworks/Reachability.framework/_CodeSignature/CodeResources
2025-01-23 10:03:12 +0000  copying file ./Payload/CERQEL.app/Frameworks/Reachability.framework/Reachability ... 
2025-01-23 10:03:12 +0000  164992 bytes for ./Payload/CERQEL.app/Frameworks/Reachability.framework/Reachability
2025-01-23 10:03:12 +0000  copying file ./Payload/CERQEL.app/Frameworks/Reachability.framework/Info.plist ... 
2025-01-23 10:03:12 +0000  795 bytes for ./Payload/CERQEL.app/Frameworks/Reachability.framework/Info.plist
2025-01-23 10:03:12 +0000  copying file ./Payload/CERQEL.app/Frameworks/GoogleDataTransport.framework/_CodeSignature/CodeResources ... 
2025-01-23 10:03:12 +0000  2380 bytes for ./Payload/CERQEL.app/Frameworks/GoogleDataTransport.framework/_CodeSignature/CodeResources
2025-01-23 10:03:12 +0000  copying file ./Payload/CERQEL.app/Frameworks/GoogleDataTransport.framework/GoogleDataTransport ... 
2025-01-23 10:03:12 +0000  391072 bytes for ./Payload/CERQEL.app/Frameworks/GoogleDataTransport.framework/GoogleDataTransport
2025-01-23 10:03:12 +0000  copying file ./Payload/CERQEL.app/Frameworks/GoogleDataTransport.framework/GoogleDataTransport_Privacy.bundle/PrivacyInfo.xcprivacy ... 
2025-01-23 10:03:12 +0000  1105 bytes for ./Payload/CERQEL.app/Frameworks/GoogleDataTransport.framework/GoogleDataTransport_Privacy.bundle/PrivacyInfo.xcprivacy
2025-01-23 10:03:12 +0000  copying file ./Payload/CERQEL.app/Frameworks/GoogleDataTransport.framework/GoogleDataTransport_Privacy.bundle/Info.plist ... 
2025-01-23 10:03:12 +0000  802 bytes for ./Payload/CERQEL.app/Frameworks/GoogleDataTransport.framework/GoogleDataTransport_Privacy.bundle/Info.plist
2025-01-23 10:03:12 +0000  copying file ./Payload/CERQEL.app/Frameworks/GoogleDataTransport.framework/Info.plist ... 
2025-01-23 10:03:12 +0000  811 bytes for ./Payload/CERQEL.app/Frameworks/GoogleDataTransport.framework/Info.plist
2025-01-23 10:03:12 +0000  copying file ./Payload/CERQEL.app/Frameworks/Kingfisher.framework/_CodeSignature/CodeResources ... 
2025-01-23 10:03:12 +0000  2312 bytes for ./Payload/CERQEL.app/Frameworks/Kingfisher.framework/_CodeSignature/CodeResources
2025-01-23 10:03:12 +0000  copying file ./Payload/CERQEL.app/Frameworks/Kingfisher.framework/Kingfisher.bundle/PrivacyInfo.xcprivacy ... 
2025-01-23 10:03:12 +0000  707 bytes for ./Payload/CERQEL.app/Frameworks/Kingfisher.framework/Kingfisher.bundle/PrivacyInfo.xcprivacy
2025-01-23 10:03:12 +0000  copying file ./Payload/CERQEL.app/Frameworks/Kingfisher.framework/Kingfisher.bundle/Info.plist ... 
2025-01-23 10:03:12 +0000  767 bytes for ./Payload/CERQEL.app/Frameworks/Kingfisher.framework/Kingfisher.bundle/Info.plist
2025-01-23 10:03:12 +0000  copying file ./Payload/CERQEL.app/Frameworks/Kingfisher.framework/Kingfisher ... 
2025-01-23 10:03:12 +0000  2016000 bytes for ./Payload/CERQEL.app/Frameworks/Kingfisher.framework/Kingfisher
2025-01-23 10:03:12 +0000  copying file ./Payload/CERQEL.app/Frameworks/Kingfisher.framework/Info.plist ... 
2025-01-23 10:03:12 +0000  792 bytes for ./Payload/CERQEL.app/Frameworks/Kingfisher.framework/Info.plist
2025-01-23 10:03:12 +0000  copying file ./Payload/CERQEL.app/Frameworks/ActionSheetPicker_3_0.framework/_CodeSignature/CodeResources ... 
2025-01-23 10:03:12 +0000  1798 bytes for ./Payload/CERQEL.app/Frameworks/ActionSheetPicker_3_0.framework/_CodeSignature/CodeResources
2025-01-23 10:03:12 +0000  copying file ./Payload/CERQEL.app/Frameworks/ActionSheetPicker_3_0.framework/ActionSheetPicker_3_0 ... 
2025-01-23 10:03:12 +0000  261040 bytes for ./Payload/CERQEL.app/Frameworks/ActionSheetPicker_3_0.framework/ActionSheetPicker_3_0
2025-01-23 10:03:12 +0000  copying file ./Payload/CERQEL.app/Frameworks/ActionSheetPicker_3_0.framework/Info.plist ... 
2025-01-23 10:03:12 +0000  815 bytes for ./Payload/CERQEL.app/Frameworks/ActionSheetPicker_3_0.framework/Info.plist
2025-01-23 10:03:12 +0000  copying file ./Payload/CERQEL.app/Frameworks/PhoneNumberKit.framework/_CodeSignature/CodeResources ... 
2025-01-23 10:03:12 +0000  2590 bytes for ./Payload/CERQEL.app/Frameworks/PhoneNumberKit.framework/_CodeSignature/CodeResources
2025-01-23 10:03:12 +0000  copying file ./Payload/CERQEL.app/Frameworks/PhoneNumberKit.framework/PhoneNumberMetadata.json ... 
2025-01-23 10:03:12 +0000  360760 bytes for ./Payload/CERQEL.app/Frameworks/PhoneNumberKit.framework/PhoneNumberMetadata.json
2025-01-23 10:03:12 +0000  copying file ./Payload/CERQEL.app/Frameworks/PhoneNumberKit.framework/PhoneNumberKitPrivacy.bundle/PrivacyInfo.xcprivacy ... 
2025-01-23 10:03:12 +0000  372 bytes for ./Payload/CERQEL.app/Frameworks/PhoneNumberKit.framework/PhoneNumberKitPrivacy.bundle/PrivacyInfo.xcprivacy
2025-01-23 10:03:12 +0000  copying file ./Payload/CERQEL.app/Frameworks/PhoneNumberKit.framework/PhoneNumberKitPrivacy.bundle/Info.plist ... 
2025-01-23 10:03:12 +0000  791 bytes for ./Payload/CERQEL.app/Frameworks/PhoneNumberKit.framework/PhoneNumberKitPrivacy.bundle/Info.plist
2025-01-23 10:03:12 +0000  copying file ./Payload/CERQEL.app/Frameworks/PhoneNumberKit.framework/Info.plist ... 
2025-01-23 10:03:12 +0000  800 bytes for ./Payload/CERQEL.app/Frameworks/PhoneNumberKit.framework/Info.plist
2025-01-23 10:03:12 +0000  copying file ./Payload/CERQEL.app/Frameworks/PhoneNumberKit.framework/PhoneNumberKit ... 
2025-01-23 10:03:12 +0000  832528 bytes for ./Payload/CERQEL.app/Frameworks/PhoneNumberKit.framework/PhoneNumberKit
2025-01-23 10:03:12 +0000  copying file ./Payload/CERQEL.app/Frameworks/KeychainAccess.framework/_CodeSignature/CodeResources ... 
2025-01-23 10:03:12 +0000  1798 bytes for ./Payload/CERQEL.app/Frameworks/KeychainAccess.framework/_CodeSignature/CodeResources
2025-01-23 10:03:12 +0000  copying file ./Payload/CERQEL.app/Frameworks/KeychainAccess.framework/KeychainAccess ... 
2025-01-23 10:03:12 +0000  378688 bytes for ./Payload/CERQEL.app/Frameworks/KeychainAccess.framework/KeychainAccess
2025-01-23 10:03:12 +0000  copying file ./Payload/CERQEL.app/Frameworks/KeychainAccess.framework/Info.plist ... 
2025-01-23 10:03:12 +0000  799 bytes for ./Payload/CERQEL.app/Frameworks/KeychainAccess.framework/Info.plist
2025-01-23 10:03:12 +0000  copying file ./Payload/CERQEL.app/Frameworks/EFQRCode.framework/_CodeSignature/CodeResources ... 
2025-01-23 10:03:12 +0000  1798 bytes for ./Payload/CERQEL.app/Frameworks/EFQRCode.framework/_CodeSignature/CodeResources
2025-01-23 10:03:12 +0000  copying file ./Payload/CERQEL.app/Frameworks/EFQRCode.framework/EFQRCode ... 
2025-01-23 10:03:12 +0000  314144 bytes for ./Payload/CERQEL.app/Frameworks/EFQRCode.framework/EFQRCode
2025-01-23 10:03:12 +0000  copying file ./Payload/CERQEL.app/Frameworks/EFQRCode.framework/Info.plist ... 
2025-01-23 10:03:12 +0000  787 bytes for ./Payload/CERQEL.app/Frameworks/EFQRCode.framework/Info.plist
2025-01-23 10:03:12 +0000  copying file ./Payload/CERQEL.app/Frameworks/FirebaseFirestore.framework/_CodeSignature/CodeResources ... 
2025-01-23 10:03:12 +0000  2372 bytes for ./Payload/CERQEL.app/Frameworks/FirebaseFirestore.framework/_CodeSignature/CodeResources
2025-01-23 10:03:12 +0000  copying file ./Payload/CERQEL.app/Frameworks/FirebaseFirestore.framework/FirebaseFirestore_Privacy.bundle/PrivacyInfo.xcprivacy ... 
2025-01-23 10:03:12 +0000  1105 bytes for ./Payload/CERQEL.app/Frameworks/FirebaseFirestore.framework/FirebaseFirestore_Privacy.bundle/PrivacyInfo.xcprivacy
2025-01-23 10:03:12 +0000  copying file ./Payload/CERQEL.app/Frameworks/FirebaseFirestore.framework/FirebaseFirestore_Privacy.bundle/Info.plist ... 
2025-01-23 10:03:12 +0000  800 bytes for ./Payload/CERQEL.app/Frameworks/FirebaseFirestore.framework/FirebaseFirestore_Privacy.bundle/Info.plist
2025-01-23 10:03:12 +0000  copying file ./Payload/CERQEL.app/Frameworks/FirebaseFirestore.framework/FirebaseFirestore ... 
2025-01-23 10:03:12 +0000  372896 bytes for ./Payload/CERQEL.app/Frameworks/FirebaseFirestore.framework/FirebaseFirestore
2025-01-23 10:03:12 +0000  copying file ./Payload/CERQEL.app/Frameworks/FirebaseFirestore.framework/Info.plist ... 
2025-01-23 10:03:12 +0000  809 bytes for ./Payload/CERQEL.app/Frameworks/FirebaseFirestore.framework/Info.plist
2025-01-23 10:03:12 +0000  copying file ./Payload/CERQEL.app/Frameworks/KeychainSwift.framework/_CodeSignature/CodeResources ... 
2025-01-23 10:03:12 +0000  1798 bytes for ./Payload/CERQEL.app/Frameworks/KeychainSwift.framework/_CodeSignature/CodeResources
2025-01-23 10:03:12 +0000  copying file ./Payload/CERQEL.app/Frameworks/KeychainSwift.framework/Info.plist ... 
2025-01-23 10:03:12 +0000  798 bytes for ./Payload/CERQEL.app/Frameworks/KeychainSwift.framework/Info.plist
2025-01-23 10:03:12 +0000  copying file ./Payload/CERQEL.app/Frameworks/KeychainSwift.framework/KeychainSwift ... 
2025-01-23 10:03:12 +0000  147728 bytes for ./Payload/CERQEL.app/Frameworks/KeychainSwift.framework/KeychainSwift
2025-01-23 10:03:12 +0000  copying file ./Payload/CERQEL.app/Frameworks/RxRelay.framework/_CodeSignature/CodeResources ... 
2025-01-23 10:03:12 +0000  1798 bytes for ./Payload/CERQEL.app/Frameworks/RxRelay.framework/_CodeSignature/CodeResources
2025-01-23 10:03:12 +0000  copying file ./Payload/CERQEL.app/Frameworks/RxRelay.framework/RxRelay ... 
2025-01-23 10:03:12 +0000  114672 bytes for ./Payload/CERQEL.app/Frameworks/RxRelay.framework/RxRelay
2025-01-23 10:03:12 +0000  copying file ./Payload/CERQEL.app/Frameworks/RxRelay.framework/Info.plist ... 
2025-01-23 10:03:12 +0000  785 bytes for ./Payload/CERQEL.app/Frameworks/RxRelay.framework/Info.plist
2025-01-23 10:03:12 +0000  copying file ./Payload/CERQEL.app/Frameworks/FirebaseCrashlytics.framework/_CodeSignature/CodeResources ... 
2025-01-23 10:03:12 +0000  2380 bytes for ./Payload/CERQEL.app/Frameworks/FirebaseCrashlytics.framework/_CodeSignature/CodeResources
2025-01-23 10:03:12 +0000  copying file ./Payload/CERQEL.app/Frameworks/FirebaseCrashlytics.framework/FirebaseCrashlytics ... 
2025-01-23 10:03:12 +0000  850944 bytes for ./Payload/CERQEL.app/Frameworks/FirebaseCrashlytics.framework/FirebaseCrashlytics
2025-01-23 10:03:12 +0000  copying file ./Payload/CERQEL.app/Frameworks/FirebaseCrashlytics.framework/FirebaseCrashlytics_Privacy.bundle/PrivacyInfo.xcprivacy ... 
2025-01-23 10:03:12 +0000  2870 bytes for ./Payload/CERQEL.app/Frameworks/FirebaseCrashlytics.framework/FirebaseCrashlytics_Privacy.bundle/PrivacyInfo.xcprivacy
2025-01-23 10:03:12 +0000  copying file ./Payload/CERQEL.app/Frameworks/FirebaseCrashlytics.framework/FirebaseCrashlytics_Privacy.bundle/Info.plist ... 
2025-01-23 10:03:12 +0000  804 bytes for ./Payload/CERQEL.app/Frameworks/FirebaseCrashlytics.framework/FirebaseCrashlytics_Privacy.bundle/Info.plist
2025-01-23 10:03:12 +0000  copying file ./Payload/CERQEL.app/Frameworks/FirebaseCrashlytics.framework/Info.plist ... 
2025-01-23 10:03:12 +0000  813 bytes for ./Payload/CERQEL.app/Frameworks/FirebaseCrashlytics.framework/Info.plist
2025-01-23 10:03:12 +0000  copying file ./Payload/CERQEL.app/Frameworks/SwiftMessages.framework/_CodeSignature/CodeResources ... 
2025-01-23 10:03:12 +0000  12936 bytes for ./Payload/CERQEL.app/Frameworks/SwiftMessages.framework/_CodeSignature/CodeResources
2025-01-23 10:03:12 +0000  copying file ./Payload/CERQEL.app/Frameworks/SwiftMessages.framework/SwiftMessages ... 
2025-01-23 10:03:12 +0000  684576 bytes for ./Payload/CERQEL.app/Frameworks/SwiftMessages.framework/SwiftMessages
2025-01-23 10:03:12 +0000  copying file ./Payload/CERQEL.app/Frameworks/SwiftMessages.framework/SwiftMessages.bundle/infoIcon@2x.png ... 
2025-01-23 10:03:12 +0000  909 bytes for ./Payload/CERQEL.app/Frameworks/SwiftMessages.framework/SwiftMessages.bundle/infoIcon@2x.png
2025-01-23 10:03:12 +0000  copying file ./Payload/CERQEL.app/Frameworks/SwiftMessages.framework/SwiftMessages.bundle/warningIcon@2x.png ... 
2025-01-23 10:03:12 +0000  908 bytes for ./Payload/CERQEL.app/Frameworks/SwiftMessages.framework/SwiftMessages.bundle/warningIcon@2x.png
2025-01-23 10:03:12 +0000  copying file ./Payload/CERQEL.app/Frameworks/SwiftMessages.framework/SwiftMessages.bundle/infoIconSubtle.png ... 
2025-01-23 10:03:12 +0000  176 bytes for ./Payload/CERQEL.app/Frameworks/SwiftMessages.framework/SwiftMessages.bundle/infoIconSubtle.png
2025-01-23 10:03:12 +0000  copying file ./Payload/CERQEL.app/Frameworks/SwiftMessages.framework/SwiftMessages.bundle/TabView.nib ... 
2025-01-23 10:03:12 +0000  6046 bytes for ./Payload/CERQEL.app/Frameworks/SwiftMessages.framework/SwiftMessages.bundle/TabView.nib
2025-01-23 10:03:12 +0000  copying file ./Payload/CERQEL.app/Frameworks/SwiftMessages.framework/SwiftMessages.bundle/MessageView.nib ... 
2025-01-23 10:03:12 +0000  5353 bytes for ./Payload/CERQEL.app/Frameworks/SwiftMessages.framework/SwiftMessages.bundle/MessageView.nib
2025-01-23 10:03:12 +0000  copying file ./Payload/CERQEL.app/Frameworks/SwiftMessages.framework/SwiftMessages.bundle/errorIconSubtle.png ... 
2025-01-23 10:03:12 +0000  246 bytes for ./Payload/CERQEL.app/Frameworks/SwiftMessages.framework/SwiftMessages.bundle/errorIconSubtle.png
2025-01-23 10:03:12 +0000  copying file ./Payload/CERQEL.app/Frameworks/SwiftMessages.framework/SwiftMessages.bundle/warningIcon@3x.png ... 
2025-01-23 10:03:12 +0000  1333 bytes for ./Payload/CERQEL.app/Frameworks/SwiftMessages.framework/SwiftMessages.bundle/warningIcon@3x.png
2025-01-23 10:03:12 +0000  copying file ./Payload/CERQEL.app/Frameworks/SwiftMessages.framework/SwiftMessages.bundle/infoIcon@3x.png ... 
2025-01-23 10:03:12 +0000  1331 bytes for ./Payload/CERQEL.app/Frameworks/SwiftMessages.framework/SwiftMessages.bundle/infoIcon@3x.png
2025-01-23 10:03:12 +0000  copying file ./Payload/CERQEL.app/Frameworks/SwiftMessages.framework/SwiftMessages.bundle/infoIconSubtle@2x.png ... 
2025-01-23 10:03:12 +0000  195 bytes for ./Payload/CERQEL.app/Frameworks/SwiftMessages.framework/SwiftMessages.bundle/infoIconSubtle@2x.png
2025-01-23 10:03:12 +0000  copying file ./Payload/CERQEL.app/Frameworks/SwiftMessages.framework/SwiftMessages.bundle/errorIcon@3x.png ... 
2025-01-23 10:03:12 +0000  1655 bytes for ./Payload/CERQEL.app/Frameworks/SwiftMessages.framework/SwiftMessages.bundle/errorIcon@3x.png
2025-01-23 10:03:12 +0000  copying file ./Payload/CERQEL.app/Frameworks/SwiftMessages.framework/SwiftMessages.bundle/successIconSubtle.png ... 
2025-01-23 10:03:12 +0000  258 bytes for ./Payload/CERQEL.app/Frameworks/SwiftMessages.framework/SwiftMessages.bundle/successIconSubtle.png
2025-01-23 10:03:12 +0000  copying file ./Payload/CERQEL.app/Frameworks/SwiftMessages.framework/SwiftMessages.bundle/infoIconLight@3x.png ... 
2025-01-23 10:03:12 +0000  2094 bytes for ./Payload/CERQEL.app/Frameworks/SwiftMessages.framework/SwiftMessages.bundle/infoIconLight@3x.png
2025-01-23 10:03:12 +0000  copying file ./Payload/CERQEL.app/Frameworks/SwiftMessages.framework/SwiftMessages.bundle/successIcon@3x.png ... 
2025-01-23 10:03:12 +0000  1584 bytes for ./Payload/CERQEL.app/Frameworks/SwiftMessages.framework/SwiftMessages.bundle/successIcon@3x.png
2025-01-23 10:03:12 +0000  copying file ./Payload/CERQEL.app/Frameworks/SwiftMessages.framework/SwiftMessages.bundle/warningIconLight.png ... 
2025-01-23 10:03:12 +0000  490 bytes for ./Payload/CERQEL.app/Frameworks/SwiftMessages.framework/SwiftMessages.bundle/warningIconLight.png
2025-01-23 10:03:12 +0000  copying file ./Payload/CERQEL.app/Frameworks/SwiftMessages.framework/SwiftMessages.bundle/errorIconSubtle@3x.png ... 
2025-01-23 10:03:12 +0000  408 bytes for ./Payload/CERQEL.app/Frameworks/SwiftMessages.framework/SwiftMessages.bundle/errorIconSubtle@3x.png
2025-01-23 10:03:12 +0000  copying file ./Payload/CERQEL.app/Frameworks/SwiftMessages.framework/SwiftMessages.bundle/errorIconSubtle@2x.png ... 
2025-01-23 10:03:12 +0000  320 bytes for ./Payload/CERQEL.app/Frameworks/SwiftMessages.framework/SwiftMessages.bundle/errorIconSubtle@2x.png
2025-01-23 10:03:12 +0000  copying file ./Payload/CERQEL.app/Frameworks/SwiftMessages.framework/SwiftMessages.bundle/StatusLine.nib ... 
2025-01-23 10:03:12 +0000  3089 bytes for ./Payload/CERQEL.app/Frameworks/SwiftMessages.framework/SwiftMessages.bundle/StatusLine.nib
2025-01-23 10:03:12 +0000  copying file ./Payload/CERQEL.app/Frameworks/SwiftMessages.framework/SwiftMessages.bundle/infoIconLight.png ... 
2025-01-23 10:03:12 +0000  492 bytes for ./Payload/CERQEL.app/Frameworks/SwiftMessages.framework/SwiftMessages.bundle/infoIconLight.png
2025-01-23 10:03:12 +0000  copying file ./Payload/CERQEL.app/Frameworks/SwiftMessages.framework/SwiftMessages.bundle/successIconLight.png ... 
2025-01-23 10:03:12 +0000  754 bytes for ./Payload/CERQEL.app/Frameworks/SwiftMessages.framework/SwiftMessages.bundle/successIconLight.png
2025-01-23 10:03:12 +0000  copying file ./Payload/CERQEL.app/Frameworks/SwiftMessages.framework/SwiftMessages.bundle/successIcon@2x.png ... 
2025-01-23 10:03:12 +0000  1105 bytes for ./Payload/CERQEL.app/Frameworks/SwiftMessages.framework/SwiftMessages.bundle/successIcon@2x.png
2025-01-23 10:03:12 +0000  copying file ./Payload/CERQEL.app/Frameworks/SwiftMessages.framework/SwiftMessages.bundle/infoIconLight@2x.png ... 
2025-01-23 10:03:12 +0000  1396 bytes for ./Payload/CERQEL.app/Frameworks/SwiftMessages.framework/SwiftMessages.bundle/infoIconLight@2x.png
2025-01-23 10:03:12 +0000  copying file ./Payload/CERQEL.app/Frameworks/SwiftMessages.framework/SwiftMessages.bundle/errorIcon.png ... 
2025-01-23 10:03:12 +0000  622 bytes for ./Payload/CERQEL.app/Frameworks/SwiftMessages.framework/SwiftMessages.bundle/errorIcon.png
2025-01-23 10:03:12 +0000  copying file ./Payload/CERQEL.app/Frameworks/SwiftMessages.framework/SwiftMessages.bundle/errorIcon@2x.png ... 
2025-01-23 10:03:12 +0000  1159 bytes for ./Payload/CERQEL.app/Frameworks/SwiftMessages.framework/SwiftMessages.bundle/errorIcon@2x.png
2025-01-23 10:03:12 +0000  copying file ./Payload/CERQEL.app/Frameworks/SwiftMessages.framework/SwiftMessages.bundle/infoIconSubtle@3x.png ... 
2025-01-23 10:03:12 +0000  225 bytes for ./Payload/CERQEL.app/Frameworks/SwiftMessages.framework/SwiftMessages.bundle/infoIconSubtle@3x.png
2025-01-23 10:03:12 +0000  copying file ./Payload/CERQEL.app/Frameworks/SwiftMessages.framework/SwiftMessages.bundle/errorIconLight@3x.png ... 
2025-01-23 10:03:12 +0000  2479 bytes for ./Payload/CERQEL.app/Frameworks/SwiftMessages.framework/SwiftMessages.bundle/errorIconLight@3x.png
2025-01-23 10:03:12 +0000  copying file ./Payload/CERQEL.app/Frameworks/SwiftMessages.framework/SwiftMessages.bundle/successIconSubtle@3x.png ... 
2025-01-23 10:03:12 +0000  399 bytes for ./Payload/CERQEL.app/Frameworks/SwiftMessages.framework/SwiftMessages.bundle/successIconSubtle@3x.png
2025-01-23 10:03:12 +0000  copying file ./Payload/CERQEL.app/Frameworks/SwiftMessages.framework/SwiftMessages.bundle/warningIconLight@3x.png ... 
2025-01-23 10:03:12 +0000  2095 bytes for ./Payload/CERQEL.app/Frameworks/SwiftMessages.framework/SwiftMessages.bundle/warningIconLight@3x.png
2025-01-23 10:03:12 +0000  copying file ./Payload/CERQEL.app/Frameworks/SwiftMessages.framework/SwiftMessages.bundle/warningIconSubtle@2x.png ... 
2025-01-23 10:03:12 +0000  196 bytes for ./Payload/CERQEL.app/Frameworks/SwiftMessages.framework/SwiftMessages.bundle/warningIconSubtle@2x.png
2025-01-23 10:03:12 +0000  copying file ./Payload/CERQEL.app/Frameworks/SwiftMessages.framework/SwiftMessages.bundle/warningIconSubtle@3x.png ... 
2025-01-23 10:03:12 +0000  227 bytes for ./Payload/CERQEL.app/Frameworks/SwiftMessages.framework/SwiftMessages.bundle/warningIconSubtle@3x.png
2025-01-23 10:03:12 +0000  copying file ./Payload/CERQEL.app/Frameworks/SwiftMessages.framework/SwiftMessages.bundle/warningIconLight@2x.png ... 
2025-01-23 10:03:12 +0000  1407 bytes for ./Payload/CERQEL.app/Frameworks/SwiftMessages.framework/SwiftMessages.bundle/warningIconLight@2x.png
2025-01-23 10:03:12 +0000  copying file ./Payload/CERQEL.app/Frameworks/SwiftMessages.framework/SwiftMessages.bundle/successIcon.png ... 
2025-01-23 10:03:12 +0000  580 bytes for ./Payload/CERQEL.app/Frameworks/SwiftMessages.framework/SwiftMessages.bundle/successIcon.png
2025-01-23 10:03:12 +0000  copying file ./Payload/CERQEL.app/Frameworks/SwiftMessages.framework/SwiftMessages.bundle/successIconSubtle@2x.png ... 
2025-01-23 10:03:12 +0000  316 bytes for ./Payload/CERQEL.app/Frameworks/SwiftMessages.framework/SwiftMessages.bundle/successIconSubtle@2x.png
2025-01-23 10:03:12 +0000  copying file ./Payload/CERQEL.app/Frameworks/SwiftMessages.framework/SwiftMessages.bundle/errorIconLight@2x.png ... 
2025-01-23 10:03:12 +0000  1661 bytes for ./Payload/CERQEL.app/Frameworks/SwiftMessages.framework/SwiftMessages.bundle/errorIconLight@2x.png
2025-01-23 10:03:12 +0000  copying file ./Payload/CERQEL.app/Frameworks/SwiftMessages.framework/SwiftMessages.bundle/CenteredView.nib ... 
2025-01-23 10:03:12 +0000  5778 bytes for ./Payload/CERQEL.app/Frameworks/SwiftMessages.framework/SwiftMessages.bundle/CenteredView.nib
2025-01-23 10:03:12 +0000  copying file ./Payload/CERQEL.app/Frameworks/SwiftMessages.framework/SwiftMessages.bundle/infoIcon.png ... 
2025-01-23 10:03:12 +0000  392 bytes for ./Payload/CERQEL.app/Frameworks/SwiftMessages.framework/SwiftMessages.bundle/infoIcon.png
2025-01-23 10:03:12 +0000  copying file ./Payload/CERQEL.app/Frameworks/SwiftMessages.framework/SwiftMessages.bundle/errorIconLight.png ... 
2025-01-23 10:03:12 +0000  806 bytes for ./Payload/CERQEL.app/Frameworks/SwiftMessages.framework/SwiftMessages.bundle/errorIconLight.png
2025-01-23 10:03:12 +0000  copying file ./Payload/CERQEL.app/Frameworks/SwiftMessages.framework/SwiftMessages.bundle/successIconLight@2x.png ... 
2025-01-23 10:03:12 +0000  1615 bytes for ./Payload/CERQEL.app/Frameworks/SwiftMessages.framework/SwiftMessages.bundle/successIconLight@2x.png
2025-01-23 10:03:12 +0000  copying file ./Payload/CERQEL.app/Frameworks/SwiftMessages.framework/SwiftMessages.bundle/successIconLight@3x.png ... 
2025-01-23 10:03:12 +0000  2371 bytes for ./Payload/CERQEL.app/Frameworks/SwiftMessages.framework/SwiftMessages.bundle/successIconLight@3x.png
2025-01-23 10:03:12 +0000  copying file ./Payload/CERQEL.app/Frameworks/SwiftMessages.framework/SwiftMessages.bundle/warningIconSubtle.png ... 
2025-01-23 10:03:12 +0000  174 bytes for ./Payload/CERQEL.app/Frameworks/SwiftMessages.framework/SwiftMessages.bundle/warningIconSubtle.png
2025-01-23 10:03:12 +0000  copying file ./Payload/CERQEL.app/Frameworks/SwiftMessages.framework/SwiftMessages.bundle/CardView.nib ... 
2025-01-23 10:03:12 +0000  5959 bytes for ./Payload/CERQEL.app/Frameworks/SwiftMessages.framework/SwiftMessages.bundle/CardView.nib
2025-01-23 10:03:12 +0000  copying file ./Payload/CERQEL.app/Frameworks/SwiftMessages.framework/SwiftMessages.bundle/Info.plist ... 
2025-01-23 10:03:12 +0000  772 bytes for ./Payload/CERQEL.app/Frameworks/SwiftMessages.framework/SwiftMessages.bundle/Info.plist
2025-01-23 10:03:12 +0000  copying file ./Payload/CERQEL.app/Frameworks/SwiftMessages.framework/SwiftMessages.bundle/warningIcon.png ... 
2025-01-23 10:03:12 +0000  392 bytes for ./Payload/CERQEL.app/Frameworks/SwiftMessages.framework/SwiftMessages.bundle/warningIcon.png
2025-01-23 10:03:12 +0000  copying file ./Payload/CERQEL.app/Frameworks/SwiftMessages.framework/Info.plist ... 
2025-01-23 10:03:12 +0000  797 bytes for ./Payload/CERQEL.app/Frameworks/SwiftMessages.framework/Info.plist
2025-01-23 10:03:12 +0000  copying file ./Payload/CERQEL.app/Frameworks/FBLPromises.framework/_CodeSignature/CodeResources ... 
2025-01-23 10:03:12 +0000  2348 bytes for ./Payload/CERQEL.app/Frameworks/FBLPromises.framework/_CodeSignature/CodeResources
2025-01-23 10:03:12 +0000  copying file ./Payload/CERQEL.app/Frameworks/FBLPromises.framework/FBLPromises_Privacy.bundle/PrivacyInfo.xcprivacy ... 
2025-01-23 10:03:12 +0000  373 bytes for ./Payload/CERQEL.app/Frameworks/FBLPromises.framework/FBLPromises_Privacy.bundle/PrivacyInfo.xcprivacy
2025-01-23 10:03:12 +0000  copying file ./Payload/CERQEL.app/Frameworks/FBLPromises.framework/FBLPromises_Privacy.bundle/Info.plist ... 
2025-01-23 10:03:12 +0000  786 bytes for ./Payload/CERQEL.app/Frameworks/FBLPromises.framework/FBLPromises_Privacy.bundle/Info.plist
2025-01-23 10:03:12 +0000  copying file ./Payload/CERQEL.app/Frameworks/FBLPromises.framework/FBLPromises ... 
2025-01-23 10:03:12 +0000  189104 bytes for ./Payload/CERQEL.app/Frameworks/FBLPromises.framework/FBLPromises
2025-01-23 10:03:12 +0000  copying file ./Payload/CERQEL.app/Frameworks/FBLPromises.framework/Info.plist ... 
2025-01-23 10:03:12 +0000  793 bytes for ./Payload/CERQEL.app/Frameworks/FBLPromises.framework/Info.plist
2025-01-23 10:03:12 +0000  copying file ./Payload/CERQEL.app/Frameworks/XLPagerTabStrip.framework/_CodeSignature/CodeResources ... 
2025-01-23 10:03:12 +0000  2318 bytes for ./Payload/CERQEL.app/Frameworks/XLPagerTabStrip.framework/_CodeSignature/CodeResources
2025-01-23 10:03:12 +0000  copying file ./Payload/CERQEL.app/Frameworks/XLPagerTabStrip.framework/XLPagerTabStrip.bundle/ButtonCell.nib ... 
2025-01-23 10:03:12 +0000  3359 bytes for ./Payload/CERQEL.app/Frameworks/XLPagerTabStrip.framework/XLPagerTabStrip.bundle/ButtonCell.nib
2025-01-23 10:03:12 +0000  copying file ./Payload/CERQEL.app/Frameworks/XLPagerTabStrip.framework/XLPagerTabStrip.bundle/Info.plist ... 
2025-01-23 10:03:12 +0000  778 bytes for ./Payload/CERQEL.app/Frameworks/XLPagerTabStrip.framework/XLPagerTabStrip.bundle/Info.plist
2025-01-23 10:03:12 +0000  copying file ./Payload/CERQEL.app/Frameworks/XLPagerTabStrip.framework/XLPagerTabStrip ... 
2025-01-23 10:03:12 +0000  565632 bytes for ./Payload/CERQEL.app/Frameworks/XLPagerTabStrip.framework/XLPagerTabStrip
2025-01-23 10:03:12 +0000  copying file ./Payload/CERQEL.app/Frameworks/XLPagerTabStrip.framework/Info.plist ... 
2025-01-23 10:03:12 +0000  803 bytes for ./Payload/CERQEL.app/Frameworks/XLPagerTabStrip.framework/Info.plist
2025-01-23 10:03:12 +0000  copying file ./Payload/CERQEL.app/Frameworks/AKMaskField.framework/_CodeSignature/CodeResources ... 
2025-01-23 10:03:12 +0000  1798 bytes for ./Payload/CERQEL.app/Frameworks/AKMaskField.framework/_CodeSignature/CodeResources
2025-01-23 10:03:12 +0000  copying file ./Payload/CERQEL.app/Frameworks/AKMaskField.framework/AKMaskField ... 
2025-01-23 10:03:12 +0000  223536 bytes for ./Payload/CERQEL.app/Frameworks/AKMaskField.framework/AKMaskField
2025-01-23 10:03:12 +0000  copying file ./Payload/CERQEL.app/Frameworks/AKMaskField.framework/Info.plist ... 
2025-01-23 10:03:12 +0000  793 bytes for ./Payload/CERQEL.app/Frameworks/AKMaskField.framework/Info.plist
2025-01-23 10:03:12 +0000  copying file ./Payload/CERQEL.app/Frameworks/FirebaseCoreInternal.framework/_CodeSignature/CodeResources ... 
2025-01-23 10:03:12 +0000  2384 bytes for ./Payload/CERQEL.app/Frameworks/FirebaseCoreInternal.framework/_CodeSignature/CodeResources
2025-01-23 10:03:12 +0000  copying file ./Payload/CERQEL.app/Frameworks/FirebaseCoreInternal.framework/FirebaseCoreInternal_Privacy.bundle/PrivacyInfo.xcprivacy ... 
2025-01-23 10:03:12 +0000  855 bytes for ./Payload/CERQEL.app/Frameworks/FirebaseCoreInternal.framework/FirebaseCoreInternal_Privacy.bundle/PrivacyInfo.xcprivacy
2025-01-23 10:03:12 +0000  copying file ./Payload/CERQEL.app/Frameworks/FirebaseCoreInternal.framework/FirebaseCoreInternal_Privacy.bundle/Info.plist ... 
2025-01-23 10:03:12 +0000  806 bytes for ./Payload/CERQEL.app/Frameworks/FirebaseCoreInternal.framework/FirebaseCoreInternal_Privacy.bundle/Info.plist
2025-01-23 10:03:12 +0000  copying file ./Payload/CERQEL.app/Frameworks/FirebaseCoreInternal.framework/FirebaseCoreInternal ... 
2025-01-23 10:03:12 +0000  371280 bytes for ./Payload/CERQEL.app/Frameworks/FirebaseCoreInternal.framework/FirebaseCoreInternal
2025-01-23 10:03:12 +0000  copying file ./Payload/CERQEL.app/Frameworks/FirebaseCoreInternal.framework/Info.plist ... 
2025-01-23 10:03:12 +0000  815 bytes for ./Payload/CERQEL.app/Frameworks/FirebaseCoreInternal.framework/Info.plist
2025-01-23 10:03:12 +0000  copying file ./Payload/CERQEL.app/Frameworks/FirebaseSharedSwift.framework/_CodeSignature/CodeResources ... 
2025-01-23 10:03:12 +0000  1798 bytes for ./Payload/CERQEL.app/Frameworks/FirebaseSharedSwift.framework/_CodeSignature/CodeResources
2025-01-23 10:03:12 +0000  copying file ./Payload/CERQEL.app/Frameworks/FirebaseSharedSwift.framework/FirebaseSharedSwift ... 
2025-01-23 10:03:12 +0000  519536 bytes for ./Payload/CERQEL.app/Frameworks/FirebaseSharedSwift.framework/FirebaseSharedSwift
2025-01-23 10:03:12 +0000  copying file ./Payload/CERQEL.app/Frameworks/FirebaseSharedSwift.framework/Info.plist ... 
2025-01-23 10:03:12 +0000  813 bytes for ./Payload/CERQEL.app/Frameworks/FirebaseSharedSwift.framework/Info.plist
2025-01-23 10:03:12 +0000  copying file ./Payload/CERQEL.app/Frameworks/FirebaseCore.framework/_CodeSignature/CodeResources ... 
2025-01-23 10:03:12 +0000  2352 bytes for ./Payload/CERQEL.app/Frameworks/FirebaseCore.framework/_CodeSignature/CodeResources
2025-01-23 10:03:12 +0000  copying file ./Payload/CERQEL.app/Frameworks/FirebaseCore.framework/FirebaseCore_Privacy.bundle/PrivacyInfo.xcprivacy ... 
2025-01-23 10:03:12 +0000  855 bytes for ./Payload/CERQEL.app/Frameworks/FirebaseCore.framework/FirebaseCore_Privacy.bundle/PrivacyInfo.xcprivacy
2025-01-23 10:03:12 +0000  copying file ./Payload/CERQEL.app/Frameworks/FirebaseCore.framework/FirebaseCore_Privacy.bundle/Info.plist ... 
2025-01-23 10:03:12 +0000  790 bytes for ./Payload/CERQEL.app/Frameworks/FirebaseCore.framework/FirebaseCore_Privacy.bundle/Info.plist
2025-01-23 10:03:12 +0000  copying file ./Payload/CERQEL.app/Frameworks/FirebaseCore.framework/FirebaseCore ... 
2025-01-23 10:03:12 +0000  197968 bytes for ./Payload/CERQEL.app/Frameworks/FirebaseCore.framework/FirebaseCore
2025-01-23 10:03:12 +0000  copying file ./Payload/CERQEL.app/Frameworks/FirebaseCore.framework/Info.plist ... 
2025-01-23 10:03:12 +0000  797 bytes for ./Payload/CERQEL.app/Frameworks/FirebaseCore.framework/Info.plist
2025-01-23 10:03:12 +0000  copying file ./Payload/CERQEL.app/Frameworks/FirebaseSessions.framework/_CodeSignature/CodeResources ... 
2025-01-23 10:03:12 +0000  1798 bytes for ./Payload/CERQEL.app/Frameworks/FirebaseSessions.framework/_CodeSignature/CodeResources
2025-01-23 10:03:12 +0000  copying file ./Payload/CERQEL.app/Frameworks/FirebaseSessions.framework/FirebaseSessions ... 
2025-01-23 10:03:12 +0000  370240 bytes for ./Payload/CERQEL.app/Frameworks/FirebaseSessions.framework/FirebaseSessions
2025-01-23 10:03:12 +0000  copying file ./Payload/CERQEL.app/Frameworks/FirebaseSessions.framework/Info.plist ... 
2025-01-23 10:03:12 +0000  807 bytes for ./Payload/CERQEL.app/Frameworks/FirebaseSessions.framework/Info.plist
2025-01-23 10:03:12 +0000  copying file ./Payload/CERQEL.app/Frameworks/DynamicBlurView.framework/_CodeSignature/CodeResources ... 
2025-01-23 10:03:12 +0000  1798 bytes for ./Payload/CERQEL.app/Frameworks/DynamicBlurView.framework/_CodeSignature/CodeResources
2025-01-23 10:03:12 +0000  copying file ./Payload/CERQEL.app/Frameworks/DynamicBlurView.framework/DynamicBlurView ... 
2025-01-23 10:03:12 +0000  185472 bytes for ./Payload/CERQEL.app/Frameworks/DynamicBlurView.framework/DynamicBlurView
2025-01-23 10:03:12 +0000  copying file ./Payload/CERQEL.app/Frameworks/DynamicBlurView.framework/Info.plist ... 
2025-01-23 10:03:12 +0000  803 bytes for ./Payload/CERQEL.app/Frameworks/DynamicBlurView.framework/Info.plist
2025-01-23 10:03:12 +0000  copying file ./Payload/CERQEL.app/Frameworks/GoogleUtilities.framework/_CodeSignature/CodeResources ... 
2025-01-23 10:03:12 +0000  2364 bytes for ./Payload/CERQEL.app/Frameworks/GoogleUtilities.framework/_CodeSignature/CodeResources
2025-01-23 10:03:12 +0000  copying file ./Payload/CERQEL.app/Frameworks/GoogleUtilities.framework/GoogleUtilities_Privacy.bundle/PrivacyInfo.xcprivacy ... 
2025-01-23 10:03:12 +0000  1289 bytes for ./Payload/CERQEL.app/Frameworks/GoogleUtilities.framework/GoogleUtilities_Privacy.bundle/PrivacyInfo.xcprivacy
2025-01-23 10:03:12 +0000  copying file ./Payload/CERQEL.app/Frameworks/GoogleUtilities.framework/GoogleUtilities_Privacy.bundle/Info.plist ... 
2025-01-23 10:03:12 +0000  795 bytes for ./Payload/CERQEL.app/Frameworks/GoogleUtilities.framework/GoogleUtilities_Privacy.bundle/Info.plist
2025-01-23 10:03:12 +0000  copying file ./Payload/CERQEL.app/Frameworks/GoogleUtilities.framework/GoogleUtilities ... 
2025-01-23 10:03:12 +0000  316656 bytes for ./Payload/CERQEL.app/Frameworks/GoogleUtilities.framework/GoogleUtilities
2025-01-23 10:03:12 +0000  copying file ./Payload/CERQEL.app/Frameworks/GoogleUtilities.framework/Info.plist ... 
2025-01-23 10:03:12 +0000  804 bytes for ./Payload/CERQEL.app/Frameworks/GoogleUtilities.framework/Info.plist
2025-01-23 10:03:12 +0000  copying file ./Payload/CERQEL.app/Frameworks/netfox.framework/_CodeSignature/CodeResources ... 
2025-01-23 10:03:12 +0000  1798 bytes for ./Payload/CERQEL.app/Frameworks/netfox.framework/_CodeSignature/CodeResources
2025-01-23 10:03:12 +0000  copying file ./Payload/CERQEL.app/Frameworks/netfox.framework/netfox ... 
2025-01-23 10:03:12 +0000  623168 bytes for ./Payload/CERQEL.app/Frameworks/netfox.framework/netfox
2025-01-23 10:03:12 +0000  copying file ./Payload/CERQEL.app/Frameworks/netfox.framework/Info.plist ... 
2025-01-23 10:03:12 +0000  784 bytes for ./Payload/CERQEL.app/Frameworks/netfox.framework/Info.plist
2025-01-23 10:03:12 +0000  copying file ./Payload/CERQEL.app/Frameworks/FSCalendar.framework/_CodeSignature/CodeResources ... 
2025-01-23 10:03:12 +0000  1798 bytes for ./Payload/CERQEL.app/Frameworks/FSCalendar.framework/_CodeSignature/CodeResources
2025-01-23 10:03:12 +0000  copying file ./Payload/CERQEL.app/Frameworks/FSCalendar.framework/FSCalendar ... 
2025-01-23 10:03:12 +0000  427872 bytes for ./Payload/CERQEL.app/Frameworks/FSCalendar.framework/FSCalendar
2025-01-23 10:03:12 +0000  copying file ./Payload/CERQEL.app/Frameworks/FSCalendar.framework/Info.plist ... 
2025-01-23 10:03:12 +0000  791 bytes for ./Payload/CERQEL.app/Frameworks/FSCalendar.framework/Info.plist
2025-01-23 10:03:12 +0000  copying file ./Payload/CERQEL.app/Frameworks/Expression.framework/_CodeSignature/CodeResources ... 
2025-01-23 10:03:12 +0000  1798 bytes for ./Payload/CERQEL.app/Frameworks/Expression.framework/_CodeSignature/CodeResources
2025-01-23 10:03:12 +0000  copying file ./Payload/CERQEL.app/Frameworks/Expression.framework/Expression ... 
2025-01-23 10:03:12 +0000  493056 bytes for ./Payload/CERQEL.app/Frameworks/Expression.framework/Expression
2025-01-23 10:03:12 +0000  copying file ./Payload/CERQEL.app/Frameworks/Expression.framework/Info.plist ... 
2025-01-23 10:03:12 +0000  792 bytes for ./Payload/CERQEL.app/Frameworks/Expression.framework/Info.plist
2025-01-23 10:03:12 +0000  copying file ./Payload/CERQEL.app/Frameworks/FirebaseMessaging.framework/_CodeSignature/CodeResources ... 
2025-01-23 10:03:12 +0000  2372 bytes for ./Payload/CERQEL.app/Frameworks/FirebaseMessaging.framework/_CodeSignature/CodeResources
2025-01-23 10:03:12 +0000  copying file ./Payload/CERQEL.app/Frameworks/FirebaseMessaging.framework/FirebaseMessaging_Privacy.bundle/PrivacyInfo.xcprivacy ... 
2025-01-23 10:03:12 +0000  2357 bytes for ./Payload/CERQEL.app/Frameworks/FirebaseMessaging.framework/FirebaseMessaging_Privacy.bundle/PrivacyInfo.xcprivacy
2025-01-23 10:03:12 +0000  copying file ./Payload/CERQEL.app/Frameworks/FirebaseMessaging.framework/FirebaseMessaging_Privacy.bundle/Info.plist ... 
2025-01-23 10:03:12 +0000  800 bytes for ./Payload/CERQEL.app/Frameworks/FirebaseMessaging.framework/FirebaseMessaging_Privacy.bundle/Info.plist
2025-01-23 10:03:12 +0000  copying file ./Payload/CERQEL.app/Frameworks/FirebaseMessaging.framework/FirebaseMessaging ... 
2025-01-23 10:03:12 +0000  520672 bytes for ./Payload/CERQEL.app/Frameworks/FirebaseMessaging.framework/FirebaseMessaging
2025-01-23 10:03:12 +0000  copying file ./Payload/CERQEL.app/Frameworks/FirebaseMessaging.framework/Info.plist ... 
2025-01-23 10:03:12 +0000  809 bytes for ./Payload/CERQEL.app/Frameworks/FirebaseMessaging.framework/Info.plist
2025-01-23 10:03:12 +0000  copying file ./Payload/CERQEL.app/Frameworks/CryptoSwift.framework/_CodeSignature/CodeResources ... 
2025-01-23 10:03:12 +0000  1798 bytes for ./Payload/CERQEL.app/Frameworks/CryptoSwift.framework/_CodeSignature/CodeResources
2025-01-23 10:03:12 +0000  copying file ./Payload/CERQEL.app/Frameworks/CryptoSwift.framework/CryptoSwift ... 
2025-01-23 10:03:12 +0000  1460480 bytes for ./Payload/CERQEL.app/Frameworks/CryptoSwift.framework/CryptoSwift
2025-01-23 10:03:12 +0000  copying file ./Payload/CERQEL.app/Frameworks/CryptoSwift.framework/Info.plist ... 
2025-01-23 10:03:12 +0000  793 bytes for ./Payload/CERQEL.app/Frameworks/CryptoSwift.framework/Info.plist
2025-01-23 10:03:12 +0000  copying file ./Payload/CERQEL.app/Frameworks/MOLH.framework/_CodeSignature/CodeResources ... 
2025-01-23 10:03:12 +0000  1798 bytes for ./Payload/CERQEL.app/Frameworks/MOLH.framework/_CodeSignature/CodeResources
2025-01-23 10:03:12 +0000  copying file ./Payload/CERQEL.app/Frameworks/MOLH.framework/MOLH ... 
2025-01-23 10:03:12 +0000  237712 bytes for ./Payload/CERQEL.app/Frameworks/MOLH.framework/MOLH
2025-01-23 10:03:12 +0000  copying file ./Payload/CERQEL.app/Frameworks/MOLH.framework/Info.plist ... 
2025-01-23 10:03:12 +0000  779 bytes for ./Payload/CERQEL.app/Frameworks/MOLH.framework/Info.plist
2025-01-23 10:03:12 +0000  copying file ./Payload/CERQEL.app/Frameworks/NicoProgress.framework/_CodeSignature/CodeResources ... 
2025-01-23 10:03:12 +0000  1798 bytes for ./Payload/CERQEL.app/Frameworks/NicoProgress.framework/_CodeSignature/CodeResources
2025-01-23 10:03:12 +0000  copying file ./Payload/CERQEL.app/Frameworks/NicoProgress.framework/NicoProgress ... 
2025-01-23 10:03:12 +0000  141776 bytes for ./Payload/CERQEL.app/Frameworks/NicoProgress.framework/NicoProgress
2025-01-23 10:03:12 +0000  copying file ./Payload/CERQEL.app/Frameworks/NicoProgress.framework/Info.plist ... 
2025-01-23 10:03:12 +0000  795 bytes for ./Payload/CERQEL.app/Frameworks/NicoProgress.framework/Info.plist
2025-01-23 10:03:12 +0000  copying file ./Payload/CERQEL.app/Frameworks/FirebaseAppCheckInterop.framework/_CodeSignature/CodeResources ... 
2025-01-23 10:03:12 +0000  1798 bytes for ./Payload/CERQEL.app/Frameworks/FirebaseAppCheckInterop.framework/_CodeSignature/CodeResources
2025-01-23 10:03:12 +0000  copying file ./Payload/CERQEL.app/Frameworks/FirebaseAppCheckInterop.framework/FirebaseAppCheckInterop ... 
2025-01-23 10:03:12 +0000  86960 bytes for ./Payload/CERQEL.app/Frameworks/FirebaseAppCheckInterop.framework/FirebaseAppCheckInterop
2025-01-23 10:03:12 +0000  copying file ./Payload/CERQEL.app/Frameworks/FirebaseAppCheckInterop.framework/Info.plist ... 
2025-01-23 10:03:12 +0000  821 bytes for ./Payload/CERQEL.app/Frameworks/FirebaseAppCheckInterop.framework/Info.plist
2025-01-23 10:03:12 +0000  copying file ./Payload/CERQEL.app/Frameworks/CocoaLumberjack.framework/_CodeSignature/CodeResources ... 
2025-01-23 10:03:12 +0000  2360 bytes for ./Payload/CERQEL.app/Frameworks/CocoaLumberjack.framework/_CodeSignature/CodeResources
2025-01-23 10:03:12 +0000  copying file ./Payload/CERQEL.app/Frameworks/CocoaLumberjack.framework/CocoaLumberjackPrivacy.bundle/PrivacyInfo.xcprivacy ... 
2025-01-23 10:03:12 +0000  793 bytes for ./Payload/CERQEL.app/Frameworks/CocoaLumberjack.framework/CocoaLumberjackPrivacy.bundle/PrivacyInfo.xcprivacy
2025-01-23 10:03:12 +0000  copying file ./Payload/CERQEL.app/Frameworks/CocoaLumberjack.framework/CocoaLumberjackPrivacy.bundle/Info.plist ... 
2025-01-23 10:03:12 +0000  792 bytes for ./Payload/CERQEL.app/Frameworks/CocoaLumberjack.framework/CocoaLumberjackPrivacy.bundle/Info.plist
2025-01-23 10:03:12 +0000  copying file ./Payload/CERQEL.app/Frameworks/CocoaLumberjack.framework/CocoaLumberjack ... 
2025-01-23 10:03:12 +0000  326176 bytes for ./Payload/CERQEL.app/Frameworks/CocoaLumberjack.framework/CocoaLumberjack
2025-01-23 10:03:12 +0000  copying file ./Payload/CERQEL.app/Frameworks/CocoaLumberjack.framework/Info.plist ... 
2025-01-23 10:03:12 +0000  803 bytes for ./Payload/CERQEL.app/Frameworks/CocoaLumberjack.framework/Info.plist
2025-01-23 10:03:12 +0000  copying file ./Payload/CERQEL.app/Frameworks/CRRefresh.framework/_CodeSignature/CodeResources ... 
2025-01-23 10:03:12 +0000  3930 bytes for ./Payload/CERQEL.app/Frameworks/CRRefresh.framework/_CodeSignature/CodeResources
2025-01-23 10:03:12 +0000  copying file ./Payload/CERQEL.app/Frameworks/CRRefresh.framework/NormalHeader.bundle/en.lproj/Localizable.strings ... 
2025-01-23 10:03:12 +0000  153 bytes for ./Payload/CERQEL.app/Frameworks/CRRefresh.framework/NormalHeader.bundle/en.lproj/Localizable.strings
2025-01-23 10:03:12 +0000  copying file ./Payload/CERQEL.app/Frameworks/CRRefresh.framework/NormalHeader.bundle/images/refresh_arrow@3x.png ... 
2025-01-23 10:03:12 +0000  1410 bytes for ./Payload/CERQEL.app/Frameworks/CRRefresh.framework/NormalHeader.bundle/images/refresh_arrow@3x.png
2025-01-23 10:03:12 +0000  copying file ./Payload/CERQEL.app/Frameworks/CRRefresh.framework/NormalHeader.bundle/images/refresh_arrow@2x.png ... 
2025-01-23 10:03:12 +0000  1410 bytes for ./Payload/CERQEL.app/Frameworks/CRRefresh.framework/NormalHeader.bundle/images/refresh_arrow@2x.png
2025-01-23 10:03:12 +0000  copying file ./Payload/CERQEL.app/Frameworks/CRRefresh.framework/NormalHeader.bundle/zh.lproj/Localizable.strings ... 
2025-01-23 10:03:12 +0000  165 bytes for ./Payload/CERQEL.app/Frameworks/CRRefresh.framework/NormalHeader.bundle/zh.lproj/Localizable.strings
2025-01-23 10:03:12 +0000  copying file ./Payload/CERQEL.app/Frameworks/CRRefresh.framework/CRRefresh ... 
2025-01-23 10:03:12 +0000  551328 bytes for ./Payload/CERQEL.app/Frameworks/CRRefresh.framework/CRRefresh
2025-01-23 10:03:12 +0000  copying file ./Payload/CERQEL.app/Frameworks/CRRefresh.framework/Info.plist ... 
2025-01-23 10:03:12 +0000  789 bytes for ./Payload/CERQEL.app/Frameworks/CRRefresh.framework/Info.plist
2025-01-23 10:03:12 +0000  copying file ./Payload/CERQEL.app/Frameworks/CRRefresh.framework/NormalFooter.bundle/en.lproj/Localizable.strings ... 
2025-01-23 10:03:12 +0000  138 bytes for ./Payload/CERQEL.app/Frameworks/CRRefresh.framework/NormalFooter.bundle/en.lproj/Localizable.strings
2025-01-23 10:03:12 +0000  copying file ./Payload/CERQEL.app/Frameworks/CRRefresh.framework/NormalFooter.bundle/zh.lproj/Localizable.strings ... 
2025-01-23 10:03:12 +0000  171 bytes for ./Payload/CERQEL.app/Frameworks/CRRefresh.framework/NormalFooter.bundle/zh.lproj/Localizable.strings
2025-01-23 10:03:12 +0000  copying file ./Payload/CERQEL.app/Frameworks/JGProgressHUD.framework/_CodeSignature/CodeResources ... 
2025-01-23 10:03:13 +0000  1798 bytes for ./Payload/CERQEL.app/Frameworks/JGProgressHUD.framework/_CodeSignature/CodeResources
2025-01-23 10:03:13 +0000  copying file ./Payload/CERQEL.app/Frameworks/JGProgressHUD.framework/JGProgressHUD ... 
2025-01-23 10:03:13 +0000  201280 bytes for ./Payload/CERQEL.app/Frameworks/JGProgressHUD.framework/JGProgressHUD
2025-01-23 10:03:13 +0000  copying file ./Payload/CERQEL.app/Frameworks/JGProgressHUD.framework/Info.plist ... 
2025-01-23 10:03:13 +0000  797 bytes for ./Payload/CERQEL.app/Frameworks/JGProgressHUD.framework/Info.plist
2025-01-23 10:03:13 +0000  copying file ./Payload/CERQEL.app/Frameworks/YPImagePicker.framework/de.lproj/YPImagePickerLocalizable.strings ... 
2025-01-23 10:03:13 +0000  1127 bytes for ./Payload/CERQEL.app/Frameworks/YPImagePicker.framework/de.lproj/YPImagePickerLocalizable.strings
2025-01-23 10:03:13 +0000  copying file ./Payload/CERQEL.app/Frameworks/YPImagePicker.framework/_CodeSignature/CodeResources ... 
2025-01-23 10:03:13 +0000  12826 bytes for ./Payload/CERQEL.app/Frameworks/YPImagePicker.framework/_CodeSignature/CodeResources
2025-01-23 10:03:13 +0000  copying file ./Payload/CERQEL.app/Frameworks/YPImagePicker.framework/ar.lproj/YPImagePickerLocalizable.strings ... 
2025-01-23 10:03:13 +0000  1159 bytes for ./Payload/CERQEL.app/Frameworks/YPImagePicker.framework/ar.lproj/YPImagePickerLocalizable.strings
2025-01-23 10:03:13 +0000  copying file ./Payload/CERQEL.app/Frameworks/YPImagePicker.framework/zh-Hans.lproj/YPImagePickerLocalizable.strings ... 
2025-01-23 10:03:13 +0000  974 bytes for ./Payload/CERQEL.app/Frameworks/YPImagePicker.framework/zh-Hans.lproj/YPImagePickerLocalizable.strings
2025-01-23 10:03:13 +0000  copying file ./Payload/CERQEL.app/Frameworks/YPImagePicker.framework/ja.lproj/YPImagePickerLocalizable.strings ... 
2025-01-23 10:03:13 +0000  1145 bytes for ./Payload/CERQEL.app/Frameworks/YPImagePicker.framework/ja.lproj/YPImagePickerLocalizable.strings
2025-01-23 10:03:13 +0000  copying file ./Payload/CERQEL.app/Frameworks/YPImagePicker.framework/fa.lproj/YPImagePickerLocalizable.strings ... 
2025-01-23 10:03:13 +0000  1198 bytes for ./Payload/CERQEL.app/Frameworks/YPImagePicker.framework/fa.lproj/YPImagePickerLocalizable.strings
2025-01-23 10:03:13 +0000  copying file ./Payload/CERQEL.app/Frameworks/YPImagePicker.framework/en.lproj/YPImagePickerLocalizable.strings ... 
2025-01-23 10:03:13 +0000  985 bytes for ./Payload/CERQEL.app/Frameworks/YPImagePicker.framework/en.lproj/YPImagePickerLocalizable.strings
2025-01-23 10:03:13 +0000  copying file ./Payload/CERQEL.app/Frameworks/YPImagePicker.framework/nb.lproj/YPImagePickerLocalizable.strings ... 
2025-01-23 10:03:13 +0000  999 bytes for ./Payload/CERQEL.app/Frameworks/YPImagePicker.framework/nb.lproj/YPImagePickerLocalizable.strings
2025-01-23 10:03:13 +0000  copying file ./Payload/CERQEL.app/Frameworks/YPImagePicker.framework/es.lproj/YPImagePickerLocalizable.strings ... 
2025-01-23 10:03:13 +0000  1064 bytes for ./Payload/CERQEL.app/Frameworks/YPImagePicker.framework/es.lproj/YPImagePickerLocalizable.strings
2025-01-23 10:03:13 +0000  copying file ./Payload/CERQEL.app/Frameworks/YPImagePicker.framework/da.lproj/YPImagePickerLocalizable.strings ... 
2025-01-23 10:03:13 +0000  1012 bytes for ./Payload/CERQEL.app/Frameworks/YPImagePicker.framework/da.lproj/YPImagePickerLocalizable.strings
2025-01-23 10:03:13 +0000  copying file ./Payload/CERQEL.app/Frameworks/YPImagePicker.framework/it.lproj/YPImagePickerLocalizable.strings ... 
2025-01-23 10:03:13 +0000  1102 bytes for ./Payload/CERQEL.app/Frameworks/YPImagePicker.framework/it.lproj/YPImagePickerLocalizable.strings
2025-01-23 10:03:13 +0000  copying file ./Payload/CERQEL.app/Frameworks/YPImagePicker.framework/bg.lproj/YPImagePickerLocalizable.strings ... 
2025-01-23 10:03:13 +0000  1296 bytes for ./Payload/CERQEL.app/Frameworks/YPImagePicker.framework/bg.lproj/YPImagePickerLocalizable.strings
2025-01-23 10:03:13 +0000  copying file ./Payload/CERQEL.app/Frameworks/YPImagePicker.framework/sv.lproj/YPImagePickerLocalizable.strings ... 
2025-01-23 10:03:13 +0000  994 bytes for ./Payload/CERQEL.app/Frameworks/YPImagePicker.framework/sv.lproj/YPImagePickerLocalizable.strings
2025-01-23 10:03:13 +0000  copying file ./Payload/CERQEL.app/Frameworks/YPImagePicker.framework/cs.lproj/YPImagePickerLocalizable.strings ... 
2025-01-23 10:03:13 +0000  1078 bytes for ./Payload/CERQEL.app/Frameworks/YPImagePicker.framework/cs.lproj/YPImagePickerLocalizable.strings
2025-01-23 10:03:13 +0000  copying file ./Payload/CERQEL.app/Frameworks/YPImagePicker.framework/km.lproj/YPImagePickerLocalizable.strings ... 
2025-01-23 10:03:13 +0000  1600 bytes for ./Payload/CERQEL.app/Frameworks/YPImagePicker.framework/km.lproj/YPImagePickerLocalizable.strings
2025-01-23 10:03:13 +0000  copying file ./Payload/CERQEL.app/Frameworks/YPImagePicker.framework/ko.lproj/YPImagePickerLocalizable.strings ... 
2025-01-23 10:03:13 +0000  1114 bytes for ./Payload/CERQEL.app/Frameworks/YPImagePicker.framework/ko.lproj/YPImagePickerLocalizable.strings
2025-01-23 10:03:13 +0000  copying file ./Payload/CERQEL.app/Frameworks/YPImagePicker.framework/zh-Hant.lproj/YPImagePickerLocalizable.strings ... 
2025-01-23 10:03:13 +0000  993 bytes for ./Payload/CERQEL.app/Frameworks/YPImagePicker.framework/zh-Hant.lproj/YPImagePickerLocalizable.strings
2025-01-23 10:03:13 +0000  copying file ./Payload/CERQEL.app/Frameworks/YPImagePicker.framework/km-KH.lproj/YPImagePickerLocalizable.strings ... 
2025-01-23 10:03:13 +0000  1600 bytes for ./Payload/CERQEL.app/Frameworks/YPImagePicker.framework/km-KH.lproj/YPImagePickerLocalizable.strings
2025-01-23 10:03:13 +0000  copying file ./Payload/CERQEL.app/Frameworks/YPImagePicker.framework/Assets.car ... 
2025-01-23 10:03:13 +0000  188511 bytes for ./Payload/CERQEL.app/Frameworks/YPImagePicker.framework/Assets.car
2025-01-23 10:03:13 +0000  copying file ./Payload/CERQEL.app/Frameworks/YPImagePicker.framework/tr.lproj/YPImagePickerLocalizable.strings ... 
2025-01-23 10:03:13 +0000  1070 bytes for ./Payload/CERQEL.app/Frameworks/YPImagePicker.framework/tr.lproj/YPImagePickerLocalizable.strings
2025-01-23 10:03:13 +0000  copying file ./Payload/CERQEL.app/Frameworks/YPImagePicker.framework/pl.lproj/YPImagePickerLocalizable.strings ... 
2025-01-23 10:03:13 +0000  1020 bytes for ./Payload/CERQEL.app/Frameworks/YPImagePicker.framework/pl.lproj/YPImagePickerLocalizable.strings
2025-01-23 10:03:13 +0000  copying file ./Payload/CERQEL.app/Frameworks/YPImagePicker.framework/pt-BR.lproj/YPImagePickerLocalizable.strings ... 
2025-01-23 10:03:13 +0000  1072 bytes for ./Payload/CERQEL.app/Frameworks/YPImagePicker.framework/pt-BR.lproj/YPImagePickerLocalizable.strings
2025-01-23 10:03:13 +0000  copying file ./Payload/CERQEL.app/Frameworks/YPImagePicker.framework/vi.lproj/YPImagePickerLocalizable.strings ... 
2025-01-23 10:03:13 +0000  1203 bytes for ./Payload/CERQEL.app/Frameworks/YPImagePicker.framework/vi.lproj/YPImagePickerLocalizable.strings
2025-01-23 10:03:13 +0000  copying file ./Payload/CERQEL.app/Frameworks/YPImagePicker.framework/ru.lproj/YPImagePickerLocalizable.strings ... 
2025-01-23 10:03:13 +0000  1280 bytes for ./Payload/CERQEL.app/Frameworks/YPImagePicker.framework/ru.lproj/YPImagePickerLocalizable.strings
2025-01-23 10:03:13 +0000  copying file ./Payload/CERQEL.app/Frameworks/YPImagePicker.framework/YPImagePicker ... 
2025-01-23 10:03:13 +0000  1360784 bytes for ./Payload/CERQEL.app/Frameworks/YPImagePicker.framework/YPImagePicker
2025-01-23 10:03:13 +0000  copying file ./Payload/CERQEL.app/Frameworks/YPImagePicker.framework/fr.lproj/YPImagePickerLocalizable.strings ... 
2025-01-23 10:03:13 +0000  1171 bytes for ./Payload/CERQEL.app/Frameworks/YPImagePicker.framework/fr.lproj/YPImagePickerLocalizable.strings
2025-01-23 10:03:13 +0000  copying file ./Payload/CERQEL.app/Frameworks/YPImagePicker.framework/id.lproj/YPImagePickerLocalizable.strings ... 
2025-01-23 10:03:13 +0000  1063 bytes for ./Payload/CERQEL.app/Frameworks/YPImagePicker.framework/id.lproj/YPImagePickerLocalizable.strings
2025-01-23 10:03:13 +0000  copying file ./Payload/CERQEL.app/Frameworks/YPImagePicker.framework/nl.lproj/YPImagePickerLocalizable.strings ... 
2025-01-23 10:03:13 +0000  1138 bytes for ./Payload/CERQEL.app/Frameworks/YPImagePicker.framework/nl.lproj/YPImagePickerLocalizable.strings
2025-01-23 10:03:13 +0000  copying file ./Payload/CERQEL.app/Frameworks/YPImagePicker.framework/th.lproj/YPImagePickerLocalizable.strings ... 
2025-01-23 10:03:13 +0000  1589 bytes for ./Payload/CERQEL.app/Frameworks/YPImagePicker.framework/th.lproj/YPImagePickerLocalizable.strings
2025-01-23 10:03:13 +0000  copying file ./Payload/CERQEL.app/Frameworks/YPImagePicker.framework/YPLibraryView.nib ... 
2025-01-23 10:03:13 +0000  3536 bytes for ./Payload/CERQEL.app/Frameworks/YPImagePicker.framework/YPLibraryView.nib
2025-01-23 10:03:13 +0000  copying file ./Payload/CERQEL.app/Frameworks/YPImagePicker.framework/pt-PT.lproj/YPImagePickerLocalizable.strings ... 
2025-01-23 10:03:13 +0000  1081 bytes for ./Payload/CERQEL.app/Frameworks/YPImagePicker.framework/pt-PT.lproj/YPImagePickerLocalizable.strings
2025-01-23 10:03:13 +0000  copying file ./Payload/CERQEL.app/Frameworks/YPImagePicker.framework/ro.lproj/YPImagePickerLocalizable.strings ... 
2025-01-23 10:03:13 +0000  1141 bytes for ./Payload/CERQEL.app/Frameworks/YPImagePicker.framework/ro.lproj/YPImagePickerLocalizable.strings
2025-01-23 10:03:13 +0000  copying file ./Payload/CERQEL.app/Frameworks/YPImagePicker.framework/Info.plist ... 
2025-01-23 10:03:13 +0000  797 bytes for ./Payload/CERQEL.app/Frameworks/YPImagePicker.framework/Info.plist
2025-01-23 10:03:13 +0000  copying file ./Payload/CERQEL.app/Frameworks/FirebaseCoreExtension.framework/_CodeSignature/CodeResources ... 
2025-01-23 10:03:13 +0000  2388 bytes for ./Payload/CERQEL.app/Frameworks/FirebaseCoreExtension.framework/_CodeSignature/CodeResources
2025-01-23 10:03:13 +0000  copying file ./Payload/CERQEL.app/Frameworks/FirebaseCoreExtension.framework/FirebaseCoreExtension ... 
2025-01-23 10:03:13 +0000  86912 bytes for ./Payload/CERQEL.app/Frameworks/FirebaseCoreExtension.framework/FirebaseCoreExtension
2025-01-23 10:03:13 +0000  copying file ./Payload/CERQEL.app/Frameworks/FirebaseCoreExtension.framework/FirebaseCoreExtension_Privacy.bundle/PrivacyInfo.xcprivacy ... 
2025-01-23 10:03:13 +0000  478 bytes for ./Payload/CERQEL.app/Frameworks/FirebaseCoreExtension.framework/FirebaseCoreExtension_Privacy.bundle/PrivacyInfo.xcprivacy
2025-01-23 10:03:13 +0000  copying file ./Payload/CERQEL.app/Frameworks/FirebaseCoreExtension.framework/FirebaseCoreExtension_Privacy.bundle/Info.plist ... 
2025-01-23 10:03:13 +0000  808 bytes for ./Payload/CERQEL.app/Frameworks/FirebaseCoreExtension.framework/FirebaseCoreExtension_Privacy.bundle/Info.plist
2025-01-23 10:03:13 +0000  copying file ./Payload/CERQEL.app/Frameworks/FirebaseCoreExtension.framework/Info.plist ... 
2025-01-23 10:03:13 +0000  817 bytes for ./Payload/CERQEL.app/Frameworks/FirebaseCoreExtension.framework/Info.plist
2025-01-23 10:03:13 +0000  copying file ./Payload/CERQEL.app/Frameworks/PryntTrimmerView.framework/_CodeSignature/CodeResources ... 
2025-01-23 10:03:13 +0000  1798 bytes for ./Payload/CERQEL.app/Frameworks/PryntTrimmerView.framework/_CodeSignature/CodeResources
2025-01-23 10:03:13 +0000  copying file ./Payload/CERQEL.app/Frameworks/PryntTrimmerView.framework/PryntTrimmerView ... 
2025-01-23 10:03:13 +0000  255760 bytes for ./Payload/CERQEL.app/Frameworks/PryntTrimmerView.framework/PryntTrimmerView
2025-01-23 10:03:13 +0000  copying file ./Payload/CERQEL.app/Frameworks/PryntTrimmerView.framework/Info.plist ... 
2025-01-23 10:03:13 +0000  805 bytes for ./Payload/CERQEL.app/Frameworks/PryntTrimmerView.framework/Info.plist
2025-01-23 10:03:13 +0000  copying file ./Payload/CERQEL.app/Frameworks/DropDown.framework/_CodeSignature/CodeResources ... 
2025-01-23 10:03:13 +0000  2024 bytes for ./Payload/CERQEL.app/Frameworks/DropDown.framework/_CodeSignature/CodeResources
2025-01-23 10:03:13 +0000  copying file ./Payload/CERQEL.app/Frameworks/DropDown.framework/DropDown ... 
2025-01-23 10:03:13 +0000  331728 bytes for ./Payload/CERQEL.app/Frameworks/DropDown.framework/DropDown
2025-01-23 10:03:13 +0000  copying file ./Payload/CERQEL.app/Frameworks/DropDown.framework/DropDownCell.nib ... 
2025-01-23 10:03:13 +0000  2547 bytes for ./Payload/CERQEL.app/Frameworks/DropDown.framework/DropDownCell.nib
2025-01-23 10:03:13 +0000  copying file ./Payload/CERQEL.app/Frameworks/DropDown.framework/Info.plist ... 
2025-01-23 10:03:13 +0000  788 bytes for ./Payload/CERQEL.app/Frameworks/DropDown.framework/Info.plist
2025-01-23 10:03:13 +0000  copying file ./Payload/CERQEL.app/Frameworks/FirebaseFirestoreInternal.framework/_CodeSignature/CodeResources ... 
2025-01-23 10:03:13 +0000  2404 bytes for ./Payload/CERQEL.app/Frameworks/FirebaseFirestoreInternal.framework/_CodeSignature/CodeResources
2025-01-23 10:03:13 +0000  copying file ./Payload/CERQEL.app/Frameworks/FirebaseFirestoreInternal.framework/FirebaseFirestoreInternal ... 
2025-01-23 10:03:13 +0000  5159168 bytes for ./Payload/CERQEL.app/Frameworks/FirebaseFirestoreInternal.framework/FirebaseFirestoreInternal
2025-01-23 10:03:13 +0000  copying file ./Payload/CERQEL.app/Frameworks/FirebaseFirestoreInternal.framework/FirebaseFirestoreInternal_Privacy.bundle/PrivacyInfo.xcprivacy ... 
2025-01-23 10:03:13 +0000  1105 bytes for ./Payload/CERQEL.app/Frameworks/FirebaseFirestoreInternal.framework/FirebaseFirestoreInternal_Privacy.bundle/PrivacyInfo.xcprivacy
2025-01-23 10:03:13 +0000  copying file ./Payload/CERQEL.app/Frameworks/FirebaseFirestoreInternal.framework/FirebaseFirestoreInternal_Privacy.bundle/Info.plist ... 
2025-01-23 10:03:13 +0000  816 bytes for ./Payload/CERQEL.app/Frameworks/FirebaseFirestoreInternal.framework/FirebaseFirestoreInternal_Privacy.bundle/Info.plist
2025-01-23 10:03:13 +0000  copying file ./Payload/CERQEL.app/Frameworks/FirebaseFirestoreInternal.framework/Info.plist ... 
2025-01-23 10:03:13 +0000  825 bytes for ./Payload/CERQEL.app/Frameworks/FirebaseFirestoreInternal.framework/Info.plist
2025-01-23 10:03:13 +0000  copying file ./Payload/CERQEL.app/Frameworks/nanopb.framework/_CodeSignature/CodeResources ... 
2025-01-23 10:03:13 +0000  2328 bytes for ./Payload/CERQEL.app/Frameworks/nanopb.framework/_CodeSignature/CodeResources
2025-01-23 10:03:13 +0000  copying file ./Payload/CERQEL.app/Frameworks/nanopb.framework/nanopb_Privacy.bundle/PrivacyInfo.xcprivacy ... 
2025-01-23 10:03:13 +0000  374 bytes for ./Payload/CERQEL.app/Frameworks/nanopb.framework/nanopb_Privacy.bundle/PrivacyInfo.xcprivacy
2025-01-23 10:03:13 +0000  copying file ./Payload/CERQEL.app/Frameworks/nanopb.framework/nanopb_Privacy.bundle/Info.plist ... 
2025-01-23 10:03:13 +0000  778 bytes for ./Payload/CERQEL.app/Frameworks/nanopb.framework/nanopb_Privacy.bundle/Info.plist
2025-01-23 10:03:13 +0000  copying file ./Payload/CERQEL.app/Frameworks/nanopb.framework/nanopb ... 
2025-01-23 10:03:13 +0000  95696 bytes for ./Payload/CERQEL.app/Frameworks/nanopb.framework/nanopb
2025-01-23 10:03:13 +0000  copying file ./Payload/CERQEL.app/Frameworks/nanopb.framework/Info.plist ... 
2025-01-23 10:03:13 +0000  787 bytes for ./Payload/CERQEL.app/Frameworks/nanopb.framework/Info.plist
2025-01-23 10:03:13 +0000  copying file ./Payload/CERQEL.app/Frameworks/EzPopup.framework/_CodeSignature/CodeResources ... 
2025-01-23 10:03:13 +0000  1798 bytes for ./Payload/CERQEL.app/Frameworks/EzPopup.framework/_CodeSignature/CodeResources
2025-01-23 10:03:13 +0000  copying file ./Payload/CERQEL.app/Frameworks/EzPopup.framework/EzPopup ... 
2025-01-23 10:03:13 +0000  174976 bytes for ./Payload/CERQEL.app/Frameworks/EzPopup.framework/EzPopup
2025-01-23 10:03:13 +0000  copying file ./Payload/CERQEL.app/Frameworks/EzPopup.framework/Info.plist ... 
2025-01-23 10:03:13 +0000  785 bytes for ./Payload/CERQEL.app/Frameworks/EzPopup.framework/Info.plist
2025-01-23 10:03:13 +0000  copying file ./Payload/CERQEL.app/Frameworks/FirebaseRemoteConfigInterop.framework/_CodeSignature/CodeResources ... 
2025-01-23 10:03:13 +0000  1798 bytes for ./Payload/CERQEL.app/Frameworks/FirebaseRemoteConfigInterop.framework/_CodeSignature/CodeResources
2025-01-23 10:03:13 +0000  copying file ./Payload/CERQEL.app/Frameworks/FirebaseRemoteConfigInterop.framework/FirebaseRemoteConfigInterop ... 
2025-01-23 10:03:13 +0000  144640 bytes for ./Payload/CERQEL.app/Frameworks/FirebaseRemoteConfigInterop.framework/FirebaseRemoteConfigInterop
2025-01-23 10:03:13 +0000  copying file ./Payload/CERQEL.app/Frameworks/FirebaseRemoteConfigInterop.framework/Info.plist ... 
2025-01-23 10:03:13 +0000  829 bytes for ./Payload/CERQEL.app/Frameworks/FirebaseRemoteConfigInterop.framework/Info.plist
2025-01-23 10:03:13 +0000  copying file ./Payload/CERQEL.app/Frameworks/Promises.framework/_CodeSignature/CodeResources ... 
2025-01-23 10:03:13 +0000  2336 bytes for ./Payload/CERQEL.app/Frameworks/Promises.framework/_CodeSignature/CodeResources
2025-01-23 10:03:13 +0000  copying file ./Payload/CERQEL.app/Frameworks/Promises.framework/Promises ... 
2025-01-23 10:03:13 +0000  216512 bytes for ./Payload/CERQEL.app/Frameworks/Promises.framework/Promises
2025-01-23 10:03:13 +0000  copying file ./Payload/CERQEL.app/Frameworks/Promises.framework/Info.plist ... 
2025-01-23 10:03:13 +0000  787 bytes for ./Payload/CERQEL.app/Frameworks/Promises.framework/Info.plist
2025-01-23 10:03:13 +0000  copying file ./Payload/CERQEL.app/Frameworks/Promises.framework/Promises_Privacy.bundle/PrivacyInfo.xcprivacy ... 
2025-01-23 10:03:13 +0000  373 bytes for ./Payload/CERQEL.app/Frameworks/Promises.framework/Promises_Privacy.bundle/PrivacyInfo.xcprivacy
2025-01-23 10:03:13 +0000  copying file ./Payload/CERQEL.app/Frameworks/Promises.framework/Promises_Privacy.bundle/Info.plist ... 
2025-01-23 10:03:13 +0000  780 bytes for ./Payload/CERQEL.app/Frameworks/Promises.framework/Promises_Privacy.bundle/Info.plist
2025-01-23 10:03:13 +0000  copying file ./Payload/CERQEL.app/Frameworks/SweeterSwift.framework/_CodeSignature/CodeResources ... 
2025-01-23 10:03:13 +0000  2034 bytes for ./Payload/CERQEL.app/Frameworks/SweeterSwift.framework/_CodeSignature/CodeResources
2025-01-23 10:03:13 +0000  copying file ./Payload/CERQEL.app/Frameworks/SweeterSwift.framework/SweeterSwift ... 
2025-01-23 10:03:13 +0000  229760 bytes for ./Payload/CERQEL.app/Frameworks/SweeterSwift.framework/SweeterSwift
2025-01-23 10:03:13 +0000  copying file ./Payload/CERQEL.app/Frameworks/SweeterSwift.framework/PrivacyInfo.xcprivacy ... 
2025-01-23 10:03:13 +0000  228 bytes for ./Payload/CERQEL.app/Frameworks/SweeterSwift.framework/PrivacyInfo.xcprivacy
2025-01-23 10:03:13 +0000  copying file ./Payload/CERQEL.app/Frameworks/SweeterSwift.framework/Info.plist ... 
2025-01-23 10:03:13 +0000  795 bytes for ./Payload/CERQEL.app/Frameworks/SweeterSwift.framework/Info.plist
2025-01-23 10:03:13 +0000  copying file ./Payload/CERQEL.app/Frameworks/PanModal.framework/_CodeSignature/CodeResources ... 
2025-01-23 10:03:13 +0000  1798 bytes for ./Payload/CERQEL.app/Frameworks/PanModal.framework/_CodeSignature/CodeResources
2025-01-23 10:03:13 +0000  copying file ./Payload/CERQEL.app/Frameworks/PanModal.framework/PanModal ... 
2025-01-23 10:03:13 +0000  243200 bytes for ./Payload/CERQEL.app/Frameworks/PanModal.framework/PanModal
2025-01-23 10:03:13 +0000  copying file ./Payload/CERQEL.app/Frameworks/PanModal.framework/Info.plist ... 
2025-01-23 10:03:13 +0000  787 bytes for ./Payload/CERQEL.app/Frameworks/PanModal.framework/Info.plist
2025-01-23 10:03:13 +0000  copying file ./Payload/CERQEL.app/Frameworks/IQKeyboardManagerSwift.framework/_CodeSignature/CodeResources ... 
2025-01-23 10:03:13 +0000  2034 bytes for ./Payload/CERQEL.app/Frameworks/IQKeyboardManagerSwift.framework/_CodeSignature/CodeResources
2025-01-23 10:03:13 +0000  copying file ./Payload/CERQEL.app/Frameworks/IQKeyboardManagerSwift.framework/PrivacyInfo.xcprivacy ... 
2025-01-23 10:03:13 +0000  278 bytes for ./Payload/CERQEL.app/Frameworks/IQKeyboardManagerSwift.framework/PrivacyInfo.xcprivacy
2025-01-23 10:03:13 +0000  copying file ./Payload/CERQEL.app/Frameworks/IQKeyboardManagerSwift.framework/IQKeyboardManagerSwift ... 
2025-01-23 10:03:13 +0000  698256 bytes for ./Payload/CERQEL.app/Frameworks/IQKeyboardManagerSwift.framework/IQKeyboardManagerSwift
2025-01-23 10:03:13 +0000  copying file ./Payload/CERQEL.app/Frameworks/IQKeyboardManagerSwift.framework/Info.plist ... 
2025-01-23 10:03:13 +0000  818 bytes for ./Payload/CERQEL.app/Frameworks/IQKeyboardManagerSwift.framework/Info.plist
2025-01-23 10:03:13 +0000  copying file ./Payload/CERQEL.app/Frameworks/Toast_Swift.framework/_CodeSignature/CodeResources ... 
2025-01-23 10:03:13 +0000  1798 bytes for ./Payload/CERQEL.app/Frameworks/Toast_Swift.framework/_CodeSignature/CodeResources
2025-01-23 10:03:13 +0000  copying file ./Payload/CERQEL.app/Frameworks/Toast_Swift.framework/Toast_Swift ... 
2025-01-23 10:03:13 +0000  194912 bytes for ./Payload/CERQEL.app/Frameworks/Toast_Swift.framework/Toast_Swift
2025-01-23 10:03:13 +0000  copying file ./Payload/CERQEL.app/Frameworks/Toast_Swift.framework/Info.plist ... 
2025-01-23 10:03:13 +0000  793 bytes for ./Payload/CERQEL.app/Frameworks/Toast_Swift.framework/Info.plist
2025-01-23 10:03:13 +0000  copying file ./Payload/CERQEL.app/Frameworks/SkeletonView.framework/_CodeSignature/CodeResources ... 
2025-01-23 10:03:13 +0000  1798 bytes for ./Payload/CERQEL.app/Frameworks/SkeletonView.framework/_CodeSignature/CodeResources
2025-01-23 10:03:13 +0000  copying file ./Payload/CERQEL.app/Frameworks/SkeletonView.framework/SkeletonView ... 
2025-01-23 10:03:13 +0000  411952 bytes for ./Payload/CERQEL.app/Frameworks/SkeletonView.framework/SkeletonView
2025-01-23 10:03:13 +0000  copying file ./Payload/CERQEL.app/Frameworks/SkeletonView.framework/Info.plist ... 
2025-01-23 10:03:13 +0000  795 bytes for ./Payload/CERQEL.app/Frameworks/SkeletonView.framework/Info.plist
2025-01-23 10:03:13 +0000  copying file ./Payload/CERQEL.app/Frameworks/Mantis.framework/_CodeSignature/CodeResources ... 
2025-01-23 10:03:13 +0000  7816 bytes for ./Payload/CERQEL.app/Frameworks/Mantis.framework/_CodeSignature/CodeResources
2025-01-23 10:03:13 +0000  copying file ./Payload/CERQEL.app/Frameworks/Mantis.framework/Mantis ... 
2025-01-23 10:03:13 +0000  915520 bytes for ./Payload/CERQEL.app/Frameworks/Mantis.framework/Mantis
2025-01-23 10:03:13 +0000  copying file ./Payload/CERQEL.app/Frameworks/Mantis.framework/MantisResources.bundle/de.lproj/MantisLocalizable.strings ... 
2025-01-23 10:03:13 +0000  192 bytes for ./Payload/CERQEL.app/Frameworks/Mantis.framework/MantisResources.bundle/de.lproj/MantisLocalizable.strings
2025-01-23 10:03:13 +0000  copying file ./Payload/CERQEL.app/Frameworks/Mantis.framework/MantisResources.bundle/ar.lproj/MantisLocalizable.strings ... 
2025-01-23 10:03:13 +0000  190 bytes for ./Payload/CERQEL.app/Frameworks/Mantis.framework/MantisResources.bundle/ar.lproj/MantisLocalizable.strings
2025-01-23 10:03:13 +0000  copying file ./Payload/CERQEL.app/Frameworks/Mantis.framework/MantisResources.bundle/zh-Hans.lproj/MantisLocalizable.strings ... 
2025-01-23 10:03:13 +0000  164 bytes for ./Payload/CERQEL.app/Frameworks/Mantis.framework/MantisResources.bundle/zh-Hans.lproj/MantisLocalizable.strings
2025-01-23 10:03:13 +0000  copying file ./Payload/CERQEL.app/Frameworks/Mantis.framework/MantisResources.bundle/ja.lproj/MantisLocalizable.strings ... 
2025-01-23 10:03:13 +0000  176 bytes for ./Payload/CERQEL.app/Frameworks/Mantis.framework/MantisResources.bundle/ja.lproj/MantisLocalizable.strings
2025-01-23 10:03:13 +0000  copying file ./Payload/CERQEL.app/Frameworks/Mantis.framework/MantisResources.bundle/en.lproj/MantisLocalizable.strings ... 
2025-01-23 10:03:13 +0000  167 bytes for ./Payload/CERQEL.app/Frameworks/Mantis.framework/MantisResources.bundle/en.lproj/MantisLocalizable.strings
2025-01-23 10:03:13 +0000  copying file ./Payload/CERQEL.app/Frameworks/Mantis.framework/MantisResources.bundle/es.lproj/MantisLocalizable.strings ... 
2025-01-23 10:03:13 +0000  178 bytes for ./Payload/CERQEL.app/Frameworks/Mantis.framework/MantisResources.bundle/es.lproj/MantisLocalizable.strings
2025-01-23 10:03:13 +0000  copying file ./Payload/CERQEL.app/Frameworks/Mantis.framework/MantisResources.bundle/it.lproj/MantisLocalizable.strings ... 
2025-01-23 10:03:13 +0000  174 bytes for ./Payload/CERQEL.app/Frameworks/Mantis.framework/MantisResources.bundle/it.lproj/MantisLocalizable.strings
2025-01-23 10:03:13 +0000  copying file ./Payload/CERQEL.app/Frameworks/Mantis.framework/MantisResources.bundle/ko-KR.lproj/MantisLocalizable.strings ... 
2025-01-23 10:03:13 +0000  164 bytes for ./Payload/CERQEL.app/Frameworks/Mantis.framework/MantisResources.bundle/ko-KR.lproj/MantisLocalizable.strings
2025-01-23 10:03:13 +0000  copying file ./Payload/CERQEL.app/Frameworks/Mantis.framework/MantisResources.bundle/ko.lproj/MantisLocalizable.strings ... 
2025-01-23 10:03:13 +0000  164 bytes for ./Payload/CERQEL.app/Frameworks/Mantis.framework/MantisResources.bundle/ko.lproj/MantisLocalizable.strings
2025-01-23 10:03:13 +0000  copying file ./Payload/CERQEL.app/Frameworks/Mantis.framework/MantisResources.bundle/zh-Hant.lproj/MantisLocalizable.strings ... 
2025-01-23 10:03:13 +0000  162 bytes for ./Payload/CERQEL.app/Frameworks/Mantis.framework/MantisResources.bundle/zh-Hant.lproj/MantisLocalizable.strings
2025-01-23 10:03:13 +0000  copying file ./Payload/CERQEL.app/Frameworks/Mantis.framework/MantisResources.bundle/ru.lproj/MantisLocalizable.strings ... 
2025-01-23 10:03:13 +0000  212 bytes for ./Payload/CERQEL.app/Frameworks/Mantis.framework/MantisResources.bundle/ru.lproj/MantisLocalizable.strings
2025-01-23 10:03:13 +0000  copying file ./Payload/CERQEL.app/Frameworks/Mantis.framework/MantisResources.bundle/fr.lproj/MantisLocalizable.strings ... 
2025-01-23 10:03:13 +0000  213 bytes for ./Payload/CERQEL.app/Frameworks/Mantis.framework/MantisResources.bundle/fr.lproj/MantisLocalizable.strings
2025-01-23 10:03:13 +0000  copying file ./Payload/CERQEL.app/Frameworks/Mantis.framework/MantisResources.bundle/nl.lproj/MantisLocalizable.strings ... 
2025-01-23 10:03:13 +0000  176 bytes for ./Payload/CERQEL.app/Frameworks/Mantis.framework/MantisResources.bundle/nl.lproj/MantisLocalizable.strings
2025-01-23 10:03:13 +0000  copying file ./Payload/CERQEL.app/Frameworks/Mantis.framework/MantisResources.bundle/pt-PT.lproj/MantisLocalizable.strings ... 
2025-01-23 10:03:13 +0000  189 bytes for ./Payload/CERQEL.app/Frameworks/Mantis.framework/MantisResources.bundle/pt-PT.lproj/MantisLocalizable.strings
2025-01-23 10:03:13 +0000  copying file ./Payload/CERQEL.app/Frameworks/Mantis.framework/MantisResources.bundle/Info.plist ... 
2025-01-23 10:03:13 +0000  775 bytes for ./Payload/CERQEL.app/Frameworks/Mantis.framework/MantisResources.bundle/Info.plist
2025-01-23 10:03:13 +0000  copying file ./Payload/CERQEL.app/Frameworks/Mantis.framework/Info.plist ... 
2025-01-23 10:03:13 +0000  789 bytes for ./Payload/CERQEL.app/Frameworks/Mantis.framework/Info.plist
2025-01-23 10:03:13 +0000  copying file ./Payload/CERQEL.app/Frameworks/AlignedCollectionViewFlowLayout.framework/_CodeSignature/CodeResources ... 
2025-01-23 10:03:13 +0000  1798 bytes for ./Payload/CERQEL.app/Frameworks/AlignedCollectionViewFlowLayout.framework/_CodeSignature/CodeResources
2025-01-23 10:03:13 +0000  copying file ./Payload/CERQEL.app/Frameworks/AlignedCollectionViewFlowLayout.framework/Info.plist ... 
2025-01-23 10:03:13 +0000  835 bytes for ./Payload/CERQEL.app/Frameworks/AlignedCollectionViewFlowLayout.framework/Info.plist
2025-01-23 10:03:13 +0000  copying file ./Payload/CERQEL.app/Frameworks/AlignedCollectionViewFlowLayout.framework/AlignedCollectionViewFlowLayout ... 
2025-01-23 10:03:13 +0000  145712 bytes for ./Payload/CERQEL.app/Frameworks/AlignedCollectionViewFlowLayout.framework/AlignedCollectionViewFlowLayout
2025-01-23 10:03:13 +0000  copying file ./Payload/CERQEL.app/Frameworks/leveldb.framework/_CodeSignature/CodeResources ... 
2025-01-23 10:03:13 +0000  2332 bytes for ./Payload/CERQEL.app/Frameworks/leveldb.framework/_CodeSignature/CodeResources
2025-01-23 10:03:13 +0000  copying file ./Payload/CERQEL.app/Frameworks/leveldb.framework/leveldb ... 
2025-01-23 10:03:13 +0000  488272 bytes for ./Payload/CERQEL.app/Frameworks/leveldb.framework/leveldb
2025-01-23 10:03:13 +0000  copying file ./Payload/CERQEL.app/Frameworks/leveldb.framework/leveldb_Privacy.bundle/PrivacyInfo.xcprivacy ... 
2025-01-23 10:03:13 +0000  856 bytes for ./Payload/CERQEL.app/Frameworks/leveldb.framework/leveldb_Privacy.bundle/PrivacyInfo.xcprivacy
2025-01-23 10:03:13 +0000  copying file ./Payload/CERQEL.app/Frameworks/leveldb.framework/leveldb_Privacy.bundle/Info.plist ... 
2025-01-23 10:03:13 +0000  779 bytes for ./Payload/CERQEL.app/Frameworks/leveldb.framework/leveldb_Privacy.bundle/Info.plist
2025-01-23 10:03:13 +0000  copying file ./Payload/CERQEL.app/Frameworks/leveldb.framework/Info.plist ... 
2025-01-23 10:03:13 +0000  786 bytes for ./Payload/CERQEL.app/Frameworks/leveldb.framework/Info.plist
2025-01-23 10:03:13 +0000  copying file ./Payload/CERQEL.app/Frameworks/grpc.framework/_CodeSignature/CodeResources ... 
2025-01-23 10:03:13 +0000  2288 bytes for ./Payload/CERQEL.app/Frameworks/grpc.framework/_CodeSignature/CodeResources
2025-01-23 10:03:13 +0000  copying file ./Payload/CERQEL.app/Frameworks/grpc.framework/grpc ... 
2025-01-23 10:03:13 +0000  11551696 bytes for ./Payload/CERQEL.app/Frameworks/grpc.framework/grpc
2025-01-23 10:03:13 +0000  copying file ./Payload/CERQEL.app/Frameworks/grpc.framework/grpc.bundle/PrivacyInfo.xcprivacy ... 
2025-01-23 10:03:13 +0000  817 bytes for ./Payload/CERQEL.app/Frameworks/grpc.framework/grpc.bundle/PrivacyInfo.xcprivacy
2025-01-23 10:03:13 +0000  copying file ./Payload/CERQEL.app/Frameworks/grpc.framework/grpc.bundle/Info.plist ... 
2025-01-23 10:03:13 +0000  755 bytes for ./Payload/CERQEL.app/Frameworks/grpc.framework/grpc.bundle/Info.plist
2025-01-23 10:03:13 +0000  copying file ./Payload/CERQEL.app/Frameworks/grpc.framework/Info.plist ... 
2025-01-23 10:03:13 +0000  780 bytes for ./Payload/CERQEL.app/Frameworks/grpc.framework/Info.plist
2025-01-23 10:03:13 +0000  copying file ./Payload/CERQEL.app/Frameworks/AvailableHapticFeedback.framework/_CodeSignature/CodeResources ... 
2025-01-23 10:03:13 +0000  2034 bytes for ./Payload/CERQEL.app/Frameworks/AvailableHapticFeedback.framework/_CodeSignature/CodeResources
2025-01-23 10:03:13 +0000  copying file ./Payload/CERQEL.app/Frameworks/AvailableHapticFeedback.framework/AvailableHapticFeedback ... 
2025-01-23 10:03:13 +0000  130272 bytes for ./Payload/CERQEL.app/Frameworks/AvailableHapticFeedback.framework/AvailableHapticFeedback
2025-01-23 10:03:13 +0000  copying file ./Payload/CERQEL.app/Frameworks/AvailableHapticFeedback.framework/PrivacyInfo.xcprivacy ... 
2025-01-23 10:03:13 +0000  228 bytes for ./Payload/CERQEL.app/Frameworks/AvailableHapticFeedback.framework/PrivacyInfo.xcprivacy
2025-01-23 10:03:13 +0000  copying file ./Payload/CERQEL.app/Frameworks/AvailableHapticFeedback.framework/Info.plist ... 
2025-01-23 10:03:13 +0000  819 bytes for ./Payload/CERQEL.app/Frameworks/AvailableHapticFeedback.framework/Info.plist
2025-01-23 10:03:13 +0000  copying file ./Payload/CERQEL.app/Frameworks/Algorithms.framework/_CodeSignature/CodeResources ... 
2025-01-23 10:03:13 +0000  1798 bytes for ./Payload/CERQEL.app/Frameworks/Algorithms.framework/_CodeSignature/CodeResources
2025-01-23 10:03:13 +0000  copying file ./Payload/CERQEL.app/Frameworks/Algorithms.framework/Algorithms ... 
2025-01-23 10:03:13 +0000  1427024 bytes for ./Payload/CERQEL.app/Frameworks/Algorithms.framework/Algorithms
2025-01-23 10:03:13 +0000  copying file ./Payload/CERQEL.app/Frameworks/Algorithms.framework/Info.plist ... 
2025-01-23 10:03:13 +0000  791 bytes for ./Payload/CERQEL.app/Frameworks/Algorithms.framework/Info.plist
2025-01-23 10:03:13 +0000  copying file ./Payload/CERQEL.app/Frameworks/openssl_grpc.framework/_CodeSignature/CodeResources ... 
2025-01-23 10:03:13 +0000  2320 bytes for ./Payload/CERQEL.app/Frameworks/openssl_grpc.framework/_CodeSignature/CodeResources
2025-01-23 10:03:13 +0000  copying file ./Payload/CERQEL.app/Frameworks/openssl_grpc.framework/openssl_grpc ... 
2025-01-23 10:03:13 +0000  2088000 bytes for ./Payload/CERQEL.app/Frameworks/openssl_grpc.framework/openssl_grpc
2025-01-23 10:03:13 +0000  copying file ./Payload/CERQEL.app/Frameworks/openssl_grpc.framework/openssl_grpc.bundle/PrivacyInfo.xcprivacy ... 
2025-01-23 10:03:13 +0000  817 bytes for ./Payload/CERQEL.app/Frameworks/openssl_grpc.framework/openssl_grpc.bundle/PrivacyInfo.xcprivacy
2025-01-23 10:03:13 +0000  copying file ./Payload/CERQEL.app/Frameworks/openssl_grpc.framework/openssl_grpc.bundle/Info.plist ... 
2025-01-23 10:03:13 +0000  771 bytes for ./Payload/CERQEL.app/Frameworks/openssl_grpc.framework/openssl_grpc.bundle/Info.plist
2025-01-23 10:03:13 +0000  copying file ./Payload/CERQEL.app/Frameworks/openssl_grpc.framework/Info.plist ... 
2025-01-23 10:03:13 +0000  796 bytes for ./Payload/CERQEL.app/Frameworks/openssl_grpc.framework/Info.plist
2025-01-23 10:03:13 +0000  copying file ./Payload/CERQEL.app/Frameworks/Cosmos.framework/_CodeSignature/CodeResources ... 
2025-01-23 10:03:13 +0000  2296 bytes for ./Payload/CERQEL.app/Frameworks/Cosmos.framework/_CodeSignature/CodeResources
2025-01-23 10:03:13 +0000  copying file ./Payload/CERQEL.app/Frameworks/Cosmos.framework/Cosmos ... 
2025-01-23 10:03:13 +0000  269984 bytes for ./Payload/CERQEL.app/Frameworks/Cosmos.framework/Cosmos
2025-01-23 10:03:13 +0000  copying file ./Payload/CERQEL.app/Frameworks/Cosmos.framework/Cosmos.bundle/PrivacyInfo.xcprivacy ... 
2025-01-23 10:03:13 +0000  373 bytes for ./Payload/CERQEL.app/Frameworks/Cosmos.framework/Cosmos.bundle/PrivacyInfo.xcprivacy
2025-01-23 10:03:13 +0000  copying file ./Payload/CERQEL.app/Frameworks/Cosmos.framework/Cosmos.bundle/Info.plist ... 
2025-01-23 10:03:13 +0000  759 bytes for ./Payload/CERQEL.app/Frameworks/Cosmos.framework/Cosmos.bundle/Info.plist
2025-01-23 10:03:13 +0000  copying file ./Payload/CERQEL.app/Frameworks/Cosmos.framework/Info.plist ... 
2025-01-23 10:03:13 +0000  784 bytes for ./Payload/CERQEL.app/Frameworks/Cosmos.framework/Info.plist
2025-01-23 10:03:13 +0000  copying file ./Payload/CERQEL.app/Frameworks/absl.framework/_CodeSignature/CodeResources ... 
2025-01-23 10:03:13 +0000  2308 bytes for ./Payload/CERQEL.app/Frameworks/absl.framework/_CodeSignature/CodeResources
2025-01-23 10:03:13 +0000  copying file ./Payload/CERQEL.app/Frameworks/absl.framework/absl ... 
2025-01-23 10:03:13 +0000  1271120 bytes for ./Payload/CERQEL.app/Frameworks/absl.framework/absl
2025-01-23 10:03:13 +0000  copying file ./Payload/CERQEL.app/Frameworks/absl.framework/xcprivacy.bundle/PrivacyInfo.xcprivacy ... 
2025-01-23 10:03:13 +0000  373 bytes for ./Payload/CERQEL.app/Frameworks/absl.framework/xcprivacy.bundle/PrivacyInfo.xcprivacy
2025-01-23 10:03:13 +0000  copying file ./Payload/CERQEL.app/Frameworks/absl.framework/xcprivacy.bundle/Info.plist ... 
2025-01-23 10:03:13 +0000  771 bytes for ./Payload/CERQEL.app/Frameworks/absl.framework/xcprivacy.bundle/Info.plist
2025-01-23 10:03:13 +0000  copying file ./Payload/CERQEL.app/Frameworks/absl.framework/Info.plist ... 
2025-01-23 10:03:13 +0000  786 bytes for ./Payload/CERQEL.app/Frameworks/absl.framework/Info.plist
2025-01-23 10:03:13 +0000  copying file ./Payload/CERQEL.app/Frameworks/FirebaseInstallations.framework/_CodeSignature/CodeResources ... 
2025-01-23 10:03:13 +0000  2388 bytes for ./Payload/CERQEL.app/Frameworks/FirebaseInstallations.framework/_CodeSignature/CodeResources
2025-01-23 10:03:13 +0000  copying file ./Payload/CERQEL.app/Frameworks/FirebaseInstallations.framework/FirebaseInstallations ... 
2025-01-23 10:03:13 +0000  273264 bytes for ./Payload/CERQEL.app/Frameworks/FirebaseInstallations.framework/FirebaseInstallations
2025-01-23 10:03:13 +0000  copying file ./Payload/CERQEL.app/Frameworks/FirebaseInstallations.framework/FirebaseInstallations_Privacy.bundle/PrivacyInfo.xcprivacy ... 
2025-01-23 10:03:13 +0000  1105 bytes for ./Payload/CERQEL.app/Frameworks/FirebaseInstallations.framework/FirebaseInstallations_Privacy.bundle/PrivacyInfo.xcprivacy
2025-01-23 10:03:13 +0000  copying file ./Payload/CERQEL.app/Frameworks/FirebaseInstallations.framework/FirebaseInstallations_Privacy.bundle/Info.plist ... 
2025-01-23 10:03:13 +0000  808 bytes for ./Payload/CERQEL.app/Frameworks/FirebaseInstallations.framework/FirebaseInstallations_Privacy.bundle/Info.plist
2025-01-23 10:03:13 +0000  copying file ./Payload/CERQEL.app/Frameworks/FirebaseInstallations.framework/Info.plist ... 
2025-01-23 10:03:13 +0000  817 bytes for ./Payload/CERQEL.app/Frameworks/FirebaseInstallations.framework/Info.plist
2025-01-23 10:03:13 +0000  copying file ./Payload/CERQEL.app/Frameworks/SideMenuSwift.framework/_CodeSignature/CodeResources ... 
2025-01-23 10:03:13 +0000  1798 bytes for ./Payload/CERQEL.app/Frameworks/SideMenuSwift.framework/_CodeSignature/CodeResources
2025-01-23 10:03:13 +0000  copying file ./Payload/CERQEL.app/Frameworks/SideMenuSwift.framework/SideMenuSwift ... 
2025-01-23 10:03:13 +0000  321344 bytes for ./Payload/CERQEL.app/Frameworks/SideMenuSwift.framework/SideMenuSwift
2025-01-23 10:03:13 +0000  copying file ./Payload/CERQEL.app/Frameworks/SideMenuSwift.framework/Info.plist ... 
2025-01-23 10:03:13 +0000  797 bytes for ./Payload/CERQEL.app/Frameworks/SideMenuSwift.framework/Info.plist
2025-01-23 10:03:13 +0000  copying file ./Payload/CERQEL.app/Frameworks/FittedSheets.framework/FittedSheets ... 
2025-01-23 10:03:14 +0000  265744 bytes for ./Payload/CERQEL.app/Frameworks/FittedSheets.framework/FittedSheets
2025-01-23 10:03:14 +0000  copying file ./Payload/CERQEL.app/Frameworks/FittedSheets.framework/_CodeSignature/CodeResources ... 
2025-01-23 10:03:14 +0000  1798 bytes for ./Payload/CERQEL.app/Frameworks/FittedSheets.framework/_CodeSignature/CodeResources
2025-01-23 10:03:14 +0000  copying file ./Payload/CERQEL.app/Frameworks/FittedSheets.framework/Info.plist ... 
2025-01-23 10:03:14 +0000  795 bytes for ./Payload/CERQEL.app/Frameworks/FittedSheets.framework/Info.plist
2025-01-23 10:03:14 +0000  copying file ./Payload/CERQEL.app/Frameworks/TOCropViewController.framework/_CodeSignature/CodeResources ... 
2025-01-23 10:03:14 +0000  15433 bytes for ./Payload/CERQEL.app/Frameworks/TOCropViewController.framework/_CodeSignature/CodeResources
2025-01-23 10:03:14 +0000  copying file ./Payload/CERQEL.app/Frameworks/TOCropViewController.framework/TOCropViewController ... 
2025-01-23 10:03:14 +0000  323536 bytes for ./Payload/CERQEL.app/Frameworks/TOCropViewController.framework/TOCropViewController
2025-01-23 10:03:14 +0000  copying file ./Payload/CERQEL.app/Frameworks/TOCropViewController.framework/TOCropViewControllerBundle.bundle/de.lproj/TOCropViewControllerLocalizable.strings ... 
2025-01-23 10:03:14 +0000  189 bytes for ./Payload/CERQEL.app/Frameworks/TOCropViewController.framework/TOCropViewControllerBundle.bundle/de.lproj/TOCropViewControllerLocalizable.strings
2025-01-23 10:03:14 +0000  copying file ./Payload/CERQEL.app/Frameworks/TOCropViewController.framework/TOCropViewControllerBundle.bundle/ar.lproj/TOCropViewControllerLocalizable.strings ... 
2025-01-23 10:03:14 +0000  207 bytes for ./Payload/CERQEL.app/Frameworks/TOCropViewController.framework/TOCropViewControllerBundle.bundle/ar.lproj/TOCropViewControllerLocalizable.strings
2025-01-23 10:03:14 +0000  copying file ./Payload/CERQEL.app/Frameworks/TOCropViewController.framework/TOCropViewControllerBundle.bundle/zh-Hans.lproj/TOCropViewControllerLocalizable.strings ... 
2025-01-23 10:03:14 +0000  172 bytes for ./Payload/CERQEL.app/Frameworks/TOCropViewController.framework/TOCropViewControllerBundle.bundle/zh-Hans.lproj/TOCropViewControllerLocalizable.strings
2025-01-23 10:03:14 +0000  copying file ./Payload/CERQEL.app/Frameworks/TOCropViewController.framework/TOCropViewControllerBundle.bundle/ja.lproj/TOCropViewControllerLocalizable.strings ... 
2025-01-23 10:03:14 +0000  210 bytes for ./Payload/CERQEL.app/Frameworks/TOCropViewController.framework/TOCropViewControllerBundle.bundle/ja.lproj/TOCropViewControllerLocalizable.strings
2025-01-23 10:03:14 +0000  copying file ./Payload/CERQEL.app/Frameworks/TOCropViewController.framework/TOCropViewControllerBundle.bundle/fa.lproj/TOCropViewControllerLocalizable.strings ... 
2025-01-23 10:03:14 +0000  210 bytes for ./Payload/CERQEL.app/Frameworks/TOCropViewController.framework/TOCropViewControllerBundle.bundle/fa.lproj/TOCropViewControllerLocalizable.strings
2025-01-23 10:03:14 +0000  copying file ./Payload/CERQEL.app/Frameworks/TOCropViewController.framework/TOCropViewControllerBundle.bundle/en.lproj/TOCropViewControllerLocalizable.strings ... 
2025-01-23 10:03:14 +0000  168 bytes for ./Payload/CERQEL.app/Frameworks/TOCropViewController.framework/TOCropViewControllerBundle.bundle/en.lproj/TOCropViewControllerLocalizable.strings
2025-01-23 10:03:14 +0000  copying file ./Payload/CERQEL.app/Frameworks/TOCropViewController.framework/TOCropViewControllerBundle.bundle/es.lproj/TOCropViewControllerLocalizable.strings ... 
2025-01-23 10:03:14 +0000  179 bytes for ./Payload/CERQEL.app/Frameworks/TOCropViewController.framework/TOCropViewControllerBundle.bundle/es.lproj/TOCropViewControllerLocalizable.strings
2025-01-23 10:03:14 +0000  copying file ./Payload/CERQEL.app/Frameworks/TOCropViewController.framework/TOCropViewControllerBundle.bundle/it.lproj/TOCropViewControllerLocalizable.strings ... 
2025-01-23 10:03:14 +0000  181 bytes for ./Payload/CERQEL.app/Frameworks/TOCropViewController.framework/TOCropViewControllerBundle.bundle/it.lproj/TOCropViewControllerLocalizable.strings
2025-01-23 10:03:14 +0000  copying file ./Payload/CERQEL.app/Frameworks/TOCropViewController.framework/TOCropViewControllerBundle.bundle/sk.lproj/TOCropViewControllerLocalizable.strings ... 
2025-01-23 10:03:14 +0000  176 bytes for ./Payload/CERQEL.app/Frameworks/TOCropViewController.framework/TOCropViewControllerBundle.bundle/sk.lproj/TOCropViewControllerLocalizable.strings
2025-01-23 10:03:14 +0000  copying file ./Payload/CERQEL.app/Frameworks/TOCropViewController.framework/TOCropViewControllerBundle.bundle/ms.lproj/TOCropViewControllerLocalizable.strings ... 
2025-01-23 10:03:14 +0000  173 bytes for ./Payload/CERQEL.app/Frameworks/TOCropViewController.framework/TOCropViewControllerBundle.bundle/ms.lproj/TOCropViewControllerLocalizable.strings
2025-01-23 10:03:14 +0000  copying file ./Payload/CERQEL.app/Frameworks/TOCropViewController.framework/TOCropViewControllerBundle.bundle/cs.lproj/TOCropViewControllerLocalizable.strings ... 
2025-01-23 10:03:14 +0000  173 bytes for ./Payload/CERQEL.app/Frameworks/TOCropViewController.framework/TOCropViewControllerBundle.bundle/cs.lproj/TOCropViewControllerLocalizable.strings
2025-01-23 10:03:14 +0000  copying file ./Payload/CERQEL.app/Frameworks/TOCropViewController.framework/TOCropViewControllerBundle.bundle/ko.lproj/TOCropViewControllerLocalizable.strings ... 
2025-01-23 10:03:14 +0000  187 bytes for ./Payload/CERQEL.app/Frameworks/TOCropViewController.framework/TOCropViewControllerBundle.bundle/ko.lproj/TOCropViewControllerLocalizable.strings
2025-01-23 10:03:14 +0000  copying file ./Payload/CERQEL.app/Frameworks/TOCropViewController.framework/TOCropViewControllerBundle.bundle/Base.lproj/TOCropViewControllerLocalizable.strings ... 
2025-01-23 10:03:14 +0000  168 bytes for ./Payload/CERQEL.app/Frameworks/TOCropViewController.framework/TOCropViewControllerBundle.bundle/Base.lproj/TOCropViewControllerLocalizable.strings
2025-01-23 10:03:14 +0000  copying file ./Payload/CERQEL.app/Frameworks/TOCropViewController.framework/TOCropViewControllerBundle.bundle/zh-Hant.lproj/TOCropViewControllerLocalizable.strings ... 
2025-01-23 10:03:14 +0000  175 bytes for ./Payload/CERQEL.app/Frameworks/TOCropViewController.framework/TOCropViewControllerBundle.bundle/zh-Hant.lproj/TOCropViewControllerLocalizable.strings
2025-01-23 10:03:14 +0000  copying file ./Payload/CERQEL.app/Frameworks/TOCropViewController.framework/TOCropViewControllerBundle.bundle/fa-IR.lproj/TOCropViewControllerLocalizable.strings ... 
2025-01-23 10:03:14 +0000  210 bytes for ./Payload/CERQEL.app/Frameworks/TOCropViewController.framework/TOCropViewControllerBundle.bundle/fa-IR.lproj/TOCropViewControllerLocalizable.strings
2025-01-23 10:03:14 +0000  copying file ./Payload/CERQEL.app/Frameworks/TOCropViewController.framework/TOCropViewControllerBundle.bundle/hu.lproj/TOCropViewControllerLocalizable.strings ... 
2025-01-23 10:03:14 +0000  194 bytes for ./Payload/CERQEL.app/Frameworks/TOCropViewController.framework/TOCropViewControllerBundle.bundle/hu.lproj/TOCropViewControllerLocalizable.strings
2025-01-23 10:03:14 +0000  copying file ./Payload/CERQEL.app/Frameworks/TOCropViewController.framework/TOCropViewControllerBundle.bundle/da-DK.lproj/TOCropViewControllerLocalizable.strings ... 
2025-01-23 10:03:14 +0000  174 bytes for ./Payload/CERQEL.app/Frameworks/TOCropViewController.framework/TOCropViewControllerBundle.bundle/da-DK.lproj/TOCropViewControllerLocalizable.strings
2025-01-23 10:03:14 +0000  copying file ./Payload/CERQEL.app/Frameworks/TOCropViewController.framework/TOCropViewControllerBundle.bundle/tr.lproj/TOCropViewControllerLocalizable.strings ... 
2025-01-23 10:03:14 +0000  183 bytes for ./Payload/CERQEL.app/Frameworks/TOCropViewController.framework/TOCropViewControllerBundle.bundle/tr.lproj/TOCropViewControllerLocalizable.strings
2025-01-23 10:03:14 +0000  copying file ./Payload/CERQEL.app/Frameworks/TOCropViewController.framework/TOCropViewControllerBundle.bundle/pl.lproj/TOCropViewControllerLocalizable.strings ... 
2025-01-23 10:03:14 +0000  171 bytes for ./Payload/CERQEL.app/Frameworks/TOCropViewController.framework/TOCropViewControllerBundle.bundle/pl.lproj/TOCropViewControllerLocalizable.strings
2025-01-23 10:03:14 +0000  copying file ./Payload/CERQEL.app/Frameworks/TOCropViewController.framework/TOCropViewControllerBundle.bundle/pt-BR.lproj/TOCropViewControllerLocalizable.strings ... 
2025-01-23 10:03:14 +0000  181 bytes for ./Payload/CERQEL.app/Frameworks/TOCropViewController.framework/TOCropViewControllerBundle.bundle/pt-BR.lproj/TOCropViewControllerLocalizable.strings
2025-01-23 10:03:14 +0000  copying file ./Payload/CERQEL.app/Frameworks/TOCropViewController.framework/TOCropViewControllerBundle.bundle/vi.lproj/TOCropViewControllerLocalizable.strings ... 
2025-01-23 10:03:14 +0000  178 bytes for ./Payload/CERQEL.app/Frameworks/TOCropViewController.framework/TOCropViewControllerBundle.bundle/vi.lproj/TOCropViewControllerLocalizable.strings
2025-01-23 10:03:14 +0000  copying file ./Payload/CERQEL.app/Frameworks/TOCropViewController.framework/TOCropViewControllerBundle.bundle/ru.lproj/TOCropViewControllerLocalizable.strings ... 
2025-01-23 10:03:14 +0000  237 bytes for ./Payload/CERQEL.app/Frameworks/TOCropViewController.framework/TOCropViewControllerBundle.bundle/ru.lproj/TOCropViewControllerLocalizable.strings
2025-01-23 10:03:14 +0000  copying file ./Payload/CERQEL.app/Frameworks/TOCropViewController.framework/TOCropViewControllerBundle.bundle/fr.lproj/TOCropViewControllerLocalizable.strings ... 
2025-01-23 10:03:14 +0000  193 bytes for ./Payload/CERQEL.app/Frameworks/TOCropViewController.framework/TOCropViewControllerBundle.bundle/fr.lproj/TOCropViewControllerLocalizable.strings
2025-01-23 10:03:14 +0000  copying file ./Payload/CERQEL.app/Frameworks/TOCropViewController.framework/TOCropViewControllerBundle.bundle/fi.lproj/TOCropViewControllerLocalizable.strings ... 
2025-01-23 10:03:14 +0000  179 bytes for ./Payload/CERQEL.app/Frameworks/TOCropViewController.framework/TOCropViewControllerBundle.bundle/fi.lproj/TOCropViewControllerLocalizable.strings
2025-01-23 10:03:14 +0000  copying file ./Payload/CERQEL.app/Frameworks/TOCropViewController.framework/TOCropViewControllerBundle.bundle/id.lproj/TOCropViewControllerLocalizable.strings ... 
2025-01-23 10:03:14 +0000  178 bytes for ./Payload/CERQEL.app/Frameworks/TOCropViewController.framework/TOCropViewControllerBundle.bundle/id.lproj/TOCropViewControllerLocalizable.strings
2025-01-23 10:03:14 +0000  copying file ./Payload/CERQEL.app/Frameworks/TOCropViewController.framework/TOCropViewControllerBundle.bundle/nl.lproj/TOCropViewControllerLocalizable.strings ... 
2025-01-23 10:03:14 +0000  178 bytes for ./Payload/CERQEL.app/Frameworks/TOCropViewController.framework/TOCropViewControllerBundle.bundle/nl.lproj/TOCropViewControllerLocalizable.strings
2025-01-23 10:03:14 +0000  copying file ./Payload/CERQEL.app/Frameworks/TOCropViewController.framework/TOCropViewControllerBundle.bundle/pt.lproj/TOCropViewControllerLocalizable.strings ... 
2025-01-23 10:03:14 +0000  181 bytes for ./Payload/CERQEL.app/Frameworks/TOCropViewController.framework/TOCropViewControllerBundle.bundle/pt.lproj/TOCropViewControllerLocalizable.strings
2025-01-23 10:03:14 +0000  copying file ./Payload/CERQEL.app/Frameworks/TOCropViewController.framework/TOCropViewControllerBundle.bundle/ro.lproj/TOCropViewControllerLocalizable.strings ... 
2025-01-23 10:03:14 +0000  181 bytes for ./Payload/CERQEL.app/Frameworks/TOCropViewController.framework/TOCropViewControllerBundle.bundle/ro.lproj/TOCropViewControllerLocalizable.strings
2025-01-23 10:03:14 +0000  copying file ./Payload/CERQEL.app/Frameworks/TOCropViewController.framework/TOCropViewControllerBundle.bundle/Info.plist ... 
2025-01-23 10:03:14 +0000  800 bytes for ./Payload/CERQEL.app/Frameworks/TOCropViewController.framework/TOCropViewControllerBundle.bundle/Info.plist
2025-01-23 10:03:14 +0000  copying file ./Payload/CERQEL.app/Frameworks/TOCropViewController.framework/TOCropViewControllerBundle.bundle/ca.lproj/TOCropViewControllerLocalizable.strings ... 
2025-01-23 10:03:14 +0000  177 bytes for ./Payload/CERQEL.app/Frameworks/TOCropViewController.framework/TOCropViewControllerBundle.bundle/ca.lproj/TOCropViewControllerLocalizable.strings
2025-01-23 10:03:14 +0000  copying file ./Payload/CERQEL.app/Frameworks/TOCropViewController.framework/Info.plist ... 
2025-01-23 10:03:14 +0000  813 bytes for ./Payload/CERQEL.app/Frameworks/TOCropViewController.framework/Info.plist
2025-01-23 10:03:14 +0000  copying file ./Payload/CERQEL.app/Frameworks/Alamofire.framework/_CodeSignature/CodeResources ... 
2025-01-23 10:03:14 +0000  1798 bytes for ./Payload/CERQEL.app/Frameworks/Alamofire.framework/_CodeSignature/CodeResources
2025-01-23 10:03:14 +0000  copying file ./Payload/CERQEL.app/Frameworks/Alamofire.framework/Alamofire ... 
2025-01-23 10:03:14 +0000  1028480 bytes for ./Payload/CERQEL.app/Frameworks/Alamofire.framework/Alamofire
2025-01-23 10:03:14 +0000  copying file ./Payload/CERQEL.app/Frameworks/Alamofire.framework/Info.plist ... 
2025-01-23 10:03:14 +0000  789 bytes for ./Payload/CERQEL.app/Frameworks/Alamofire.framework/Info.plist
2025-01-23 10:03:14 +0000  copying file ./Payload/CERQEL.app/Frameworks/ObjectMapper.framework/_CodeSignature/CodeResources ... 
2025-01-23 10:03:14 +0000  1798 bytes for ./Payload/CERQEL.app/Frameworks/ObjectMapper.framework/_CodeSignature/CodeResources
2025-01-23 10:03:14 +0000  copying file ./Payload/CERQEL.app/Frameworks/ObjectMapper.framework/ObjectMapper ... 
2025-01-23 10:03:14 +0000  428960 bytes for ./Payload/CERQEL.app/Frameworks/ObjectMapper.framework/ObjectMapper
2025-01-23 10:03:14 +0000  copying file ./Payload/CERQEL.app/Frameworks/ObjectMapper.framework/Info.plist ... 
2025-01-23 10:03:14 +0000  795 bytes for ./Payload/CERQEL.app/Frameworks/ObjectMapper.framework/Info.plist
2025-01-23 10:03:14 +0000  copying file ./Payload/CERQEL.app/Frameworks/DRPLoadingSpinner.framework/_CodeSignature/CodeResources ... 
2025-01-23 10:03:14 +0000  1798 bytes for ./Payload/CERQEL.app/Frameworks/DRPLoadingSpinner.framework/_CodeSignature/CodeResources
2025-01-23 10:03:14 +0000  copying file ./Payload/CERQEL.app/Frameworks/DRPLoadingSpinner.framework/DRPLoadingSpinner ... 
2025-01-23 10:03:14 +0000  132064 bytes for ./Payload/CERQEL.app/Frameworks/DRPLoadingSpinner.framework/DRPLoadingSpinner
2025-01-23 10:03:14 +0000  copying file ./Payload/CERQEL.app/Frameworks/DRPLoadingSpinner.framework/Info.plist ... 
2025-01-23 10:03:14 +0000  807 bytes for ./Payload/CERQEL.app/Frameworks/DRPLoadingSpinner.framework/Info.plist
2025-01-23 10:03:14 +0000  copying file ./Payload/CERQEL.app/Frameworks/MultiSlider.framework/_CodeSignature/CodeResources ... 
2025-01-23 10:03:14 +0000  2034 bytes for ./Payload/CERQEL.app/Frameworks/MultiSlider.framework/_CodeSignature/CodeResources
2025-01-23 10:03:14 +0000  copying file ./Payload/CERQEL.app/Frameworks/MultiSlider.framework/MultiSlider ... 
2025-01-23 10:03:14 +0000  328784 bytes for ./Payload/CERQEL.app/Frameworks/MultiSlider.framework/MultiSlider
2025-01-23 10:03:14 +0000  copying file ./Payload/CERQEL.app/Frameworks/MultiSlider.framework/PrivacyInfo.xcprivacy ... 
2025-01-23 10:03:14 +0000  228 bytes for ./Payload/CERQEL.app/Frameworks/MultiSlider.framework/PrivacyInfo.xcprivacy
2025-01-23 10:03:14 +0000  copying file ./Payload/CERQEL.app/Frameworks/MultiSlider.framework/Info.plist ... 
2025-01-23 10:03:14 +0000  793 bytes for ./Payload/CERQEL.app/Frameworks/MultiSlider.framework/Info.plist
2025-01-23 10:03:14 +0000  copying file ./Payload/CERQEL.app/Frameworks/Charts.framework/_CodeSignature/CodeResources ... 
2025-01-23 10:03:14 +0000  1798 bytes for ./Payload/CERQEL.app/Frameworks/Charts.framework/_CodeSignature/CodeResources
2025-01-23 10:03:14 +0000  copying file ./Payload/CERQEL.app/Frameworks/Charts.framework/Charts ... 
2025-01-23 10:03:14 +0000  3091600 bytes for ./Payload/CERQEL.app/Frameworks/Charts.framework/Charts
copying file ./Payload/CERQEL.app/Frameworks/Charts.framework/Info.plist ... 
2025-01-23 10:03:14 +0000  783 bytes for ./Payload/CERQEL.app/Frameworks/Charts.framework/Info.plist
2025-01-23 10:03:14 +0000  copying file ./Payload/CERQEL.app/Frameworks/TagListView.framework/_CodeSignature/CodeResources ... 
2025-01-23 10:03:14 +0000  1798 bytes for ./Payload/CERQEL.app/Frameworks/TagListView.framework/_CodeSignature/CodeResources
2025-01-23 10:03:14 +0000  copying file ./Payload/CERQEL.app/Frameworks/TagListView.framework/TagListView ... 
2025-01-23 10:03:14 +0000  278656 bytes for ./Payload/CERQEL.app/Frameworks/TagListView.framework/TagListView
2025-01-23 10:03:14 +0000  copying file ./Payload/CERQEL.app/Frameworks/TagListView.framework/Info.plist ... 
2025-01-23 10:03:14 +0000  793 bytes for ./Payload/CERQEL.app/Frameworks/TagListView.framework/Info.plist
2025-01-23 10:03:14 +0000  copying file ./Payload/CERQEL.app/Frameworks/RxCocoa.framework/_CodeSignature/CodeResources ... 
2025-01-23 10:03:14 +0000  1798 bytes for ./Payload/CERQEL.app/Frameworks/RxCocoa.framework/_CodeSignature/CodeResources
2025-01-23 10:03:14 +0000  copying file ./Payload/CERQEL.app/Frameworks/RxCocoa.framework/RxCocoa ... 
2025-01-23 10:03:14 +0000  1503856 bytes for ./Payload/CERQEL.app/Frameworks/RxCocoa.framework/RxCocoa
2025-01-23 10:03:14 +0000  copying file ./Payload/CERQEL.app/Frameworks/RxCocoa.framework/Info.plist ... 
2025-01-23 10:03:14 +0000  785 bytes for ./Payload/CERQEL.app/Frameworks/RxCocoa.framework/Info.plist
2025-01-23 10:03:14 +0000  copying file ./Payload/CERQEL.app/Frameworks/FSPagerView.framework/_CodeSignature/CodeResources ... 
2025-01-23 10:03:14 +0000  1798 bytes for ./Payload/CERQEL.app/Frameworks/FSPagerView.framework/_CodeSignature/CodeResources
2025-01-23 10:03:14 +0000  copying file ./Payload/CERQEL.app/Frameworks/FSPagerView.framework/FSPagerView ... 
2025-01-23 10:03:14 +0000  410400 bytes for ./Payload/CERQEL.app/Frameworks/FSPagerView.framework/FSPagerView
2025-01-23 10:03:14 +0000  copying file ./Payload/CERQEL.app/Frameworks/FSPagerView.framework/Info.plist ... 
2025-01-23 10:03:14 +0000  793 bytes for ./Payload/CERQEL.app/Frameworks/FSPagerView.framework/Info.plist
2025-01-23 10:03:14 +0000  copying file ./Payload/CERQEL.app/Frameworks/Lottie.framework/_CodeSignature/CodeResources ... 
2025-01-23 10:03:14 +0000  1798 bytes for ./Payload/CERQEL.app/Frameworks/Lottie.framework/_CodeSignature/CodeResources
2025-01-23 10:03:14 +0000  copying file ./Payload/CERQEL.app/Frameworks/Lottie.framework/Lottie ... 
2025-01-23 10:03:14 +0000  528448 bytes for ./Payload/CERQEL.app/Frameworks/Lottie.framework/Lottie
2025-01-23 10:03:14 +0000  copying file ./Payload/CERQEL.app/Frameworks/Lottie.framework/Info.plist ... 
2025-01-23 10:03:14 +0000  783 bytes for ./Payload/CERQEL.app/Frameworks/Lottie.framework/Info.plist
2025-01-23 10:03:14 +0000  copying file ./Payload/CERQEL.app/Frameworks/RxSwift.framework/_CodeSignature/CodeResources ... 
2025-01-23 10:03:14 +0000  1798 bytes for ./Payload/CERQEL.app/Frameworks/RxSwift.framework/_CodeSignature/CodeResources
2025-01-23 10:03:14 +0000  copying file ./Payload/CERQEL.app/Frameworks/RxSwift.framework/RxSwift ... 
2025-01-23 10:03:14 +0000  2076560 bytes for ./Payload/CERQEL.app/Frameworks/RxSwift.framework/RxSwift
2025-01-23 10:03:14 +0000  copying file ./Payload/CERQEL.app/Frameworks/RxSwift.framework/Info.plist ... 
2025-01-23 10:03:14 +0000  785 bytes for ./Payload/CERQEL.app/Frameworks/RxSwift.framework/Info.plist
2025-01-23 10:03:14 +0000  copying file ./Payload/CERQEL.app/Frameworks/EasyTipView.framework/_CodeSignature/CodeResources ... 
2025-01-23 10:03:14 +0000  1798 bytes for ./Payload/CERQEL.app/Frameworks/EasyTipView.framework/_CodeSignature/CodeResources
2025-01-23 10:03:14 +0000  copying file ./Payload/CERQEL.app/Frameworks/EasyTipView.framework/EasyTipView ... 
2025-01-23 10:03:14 +0000  247040 bytes for ./Payload/CERQEL.app/Frameworks/EasyTipView.framework/EasyTipView
2025-01-23 10:03:14 +0000  copying file ./Payload/CERQEL.app/Frameworks/EasyTipView.framework/Info.plist ... 
2025-01-23 10:03:14 +0000  793 bytes for ./Payload/CERQEL.app/Frameworks/EasyTipView.framework/Info.plist
2025-01-23 10:03:14 +0000  copying file ./Payload/CERQEL.app/Frameworks/Stevia.framework/_CodeSignature/CodeResources ... 
2025-01-23 10:03:14 +0000  1798 bytes for ./Payload/CERQEL.app/Frameworks/Stevia.framework/_CodeSignature/CodeResources
2025-01-23 10:03:14 +0000  copying file ./Payload/CERQEL.app/Frameworks/Stevia.framework/Stevia ... 
2025-01-23 10:03:14 +0000  278848 bytes for ./Payload/CERQEL.app/Frameworks/Stevia.framework/Stevia
2025-01-23 10:03:14 +0000  copying file ./Payload/CERQEL.app/Frameworks/Stevia.framework/Info.plist ... 
2025-01-23 10:03:14 +0000  783 bytes for ./Payload/CERQEL.app/Frameworks/Stevia.framework/Info.plist
2025-01-23 10:03:14 +0000  copying file ./Payload/CERQEL.app/OrganizationEmployeesViewController.nib ... 
2025-01-23 10:03:14 +0000  5187 bytes for ./Payload/CERQEL.app/OrganizationEmployeesViewController.nib
2025-01-23 10:03:14 +0000  copying file ./Payload/CERQEL.app/TagsSortCell.nib ... 
2025-01-23 10:03:14 +0000  4017 bytes for ./Payload/CERQEL.app/TagsSortCell.nib
2025-01-23 10:03:14 +0000  copying file ./Payload/CERQEL.app/NewDatePickerPopup.nib ... 
2025-01-23 10:03:14 +0000  8207 bytes for ./Payload/CERQEL.app/NewDatePickerPopup.nib
2025-01-23 10:03:14 +0000  copying file ./Payload/CERQEL.app/SubSubHeaderTableViewCell.nib ... 
2025-01-23 10:03:14 +0000  3948 bytes for ./Payload/CERQEL.app/SubSubHeaderTableViewCell.nib
2025-01-23 10:03:14 +0000  copying file ./Payload/CERQEL.app/BaseListBottomSheet.nib ... 
2025-01-23 10:03:14 +0000  7905 bytes for ./Payload/CERQEL.app/BaseListBottomSheet.nib
2025-01-23 10:03:14 +0000  copying file ./Payload/CERQEL.app/FilesView.nib ... 
2025-01-23 10:03:14 +0000  12832 bytes for ./Payload/CERQEL.app/FilesView.nib
2025-01-23 10:03:14 +0000  copying file ./Payload/CERQEL.app/ProfileTVCell.nib ... 
2025-01-23 10:03:14 +0000  10472 bytes for ./Payload/CERQEL.app/ProfileTVCell.nib
2025-01-23 10:03:14 +0000  copying file ./Payload/CERQEL.app/PinnedNewsTVCellCerqel.nib ... 
2025-01-23 10:03:14 +0000  3921 bytes for ./Payload/CERQEL.app/PinnedNewsTVCellCerqel.nib
2025-01-23 10:03:14 +0000  copying file ./Payload/CERQEL.app/MediaLibraryDetailsViewCerqel.nib ... 
2025-01-23 10:03:14 +0000  13456 bytes for ./Payload/CERQEL.app/MediaLibraryDetailsViewCerqel.nib
2025-01-23 10:03:14 +0000  copying file ./Payload/CERQEL.app/embedded.mobileprovision ... 
2025-01-23 10:03:14 +0000  18349 bytes for ./Payload/CERQEL.app/embedded.mobileprovision
2025-01-23 10:03:14 +0000  copying file ./Payload/CERQEL.app/FileActionsView.nib ... 
2025-01-23 10:03:14 +0000  7611 bytes for ./Payload/CERQEL.app/FileActionsView.nib
2025-01-23 10:03:14 +0000  copying file ./Payload/CERQEL.app/FileTableViewCell.nib ... 
2025-01-23 10:03:14 +0000  13402 bytes for ./Payload/CERQEL.app/FileTableViewCell.nib
2025-01-23 10:03:14 +0000  copying file ./Payload/CERQEL.app/ProfilePhotoActions.nib ... 
2025-01-23 10:03:14 +0000  6554 bytes for ./Payload/CERQEL.app/ProfilePhotoActions.nib
2025-01-23 10:03:14 +0000  copying file ./Payload/CERQEL.app/MySalaryBasicSection.nib ... 
2025-01-23 10:03:14 +0000  4428 bytes for ./Payload/CERQEL.app/MySalaryBasicSection.nib
2025-01-23 10:03:14 +0000  copying file ./Payload/CERQEL.app/CheckBoxSortCell.nib ... 
2025-01-23 10:03:14 +0000  5430 bytes for ./Payload/CERQEL.app/CheckBoxSortCell.nib
2025-01-23 10:03:14 +0000  copying file ./Payload/CERQEL.app/TableControlValueTVcell.nib ... 
2025-01-23 10:03:14 +0000  5714 bytes for ./Payload/CERQEL.app/TableControlValueTVcell.nib
2025-01-23 10:03:14 +0000  copying file ./Payload/CERQEL.app/dbTabsCVcell.nib ... 
2025-01-23 10:03:14 +0000  5712 bytes for ./Payload/CERQEL.app/dbTabsCVcell.nib
2025-01-23 10:03:14 +0000  copying file ./Payload/CERQEL.app/FAQsSearchResultsView.nib ... 
2025-01-23 10:03:14 +0000  4240 bytes for ./Payload/CERQEL.app/FAQsSearchResultsView.nib
2025-01-23 10:03:14 +0000  copying file ./Payload/CERQEL.app/NewDatePickerTVCell.nib ... 
2025-01-23 10:03:14 +0000  14154 bytes for ./Payload/CERQEL.app/NewDatePickerTVCell.nib
2025-01-23 10:03:14 +0000  copying file ./Payload/CERQEL.app/ProfileEmptySectionHeaderV.nib ... 
2025-01-23 10:03:14 +0000  2314 bytes for ./Payload/CERQEL.app/ProfileEmptySectionHeaderV.nib
2025-01-23 10:03:14 +0000  copying file ./Payload/CERQEL.app/offersListViewCerqel.nib ... 
2025-01-23 10:03:14 +0000  9667 bytes for ./Payload/CERQEL.app/offersListViewCerqel.nib
2025-01-23 10:03:14 +0000  copying file ./Payload/CERQEL.app/SST Arabic Roman.ttf ... 
2025-01-23 10:03:14 +0000  326616 bytes for ./Payload/CERQEL.app/SST Arabic Roman.ttf
2025-01-23 10:03:14 +0000  copying file ./Payload/CERQEL.app/NewTextAreaTVcell.nib ... 
2025-01-23 10:03:14 +0000  7898 bytes for ./Payload/CERQEL.app/NewTextAreaTVcell.nib
2025-01-23 10:03:14 +0000  copying file ./Payload/CERQEL.app/formNew.json ... 
2025-01-23 10:03:14 +0000  62457 bytes for ./Payload/CERQEL.app/formNew.json
2025-01-23 10:03:14 +0000  copying file ./Payload/CERQEL.app/DeleteEventVC.nib ... 
2025-01-23 10:03:14 +0000  9479 bytes for ./Payload/CERQEL.app/DeleteEventVC.nib
2025-01-23 10:03:14 +0000  copying file ./Payload/CERQEL.app/TwoVerticalLabels.nib ... 
2025-01-23 10:03:14 +0000  3721 bytes for ./Payload/CERQEL.app/TwoVerticalLabels.nib
2025-01-23 10:03:14 +0000  copying file ./Payload/CERQEL.app/Poppins-Thin.ttf ... 
2025-01-23 10:03:14 +0000  161652 bytes for ./Payload/CERQEL.app/Poppins-Thin.ttf
2025-01-23 10:03:14 +0000  copying file ./Payload/CERQEL.app/NewDropDownViewController.nib ... 
2025-01-23 10:03:14 +0000  9859 bytes for ./Payload/CERQEL.app/NewDropDownViewController.nib
2025-01-23 10:03:14 +0000  copying file ./Payload/CERQEL.app/NewInfoIndicatorTVcell.nib ... 
2025-01-23 10:03:14 +0000  5010 bytes for ./Payload/CERQEL.app/NewInfoIndicatorTVcell.nib
2025-01-23 10:03:14 +0000  copying file ./Payload/CERQEL.app/AttrebutedMediaItemTVcell.nib ... 
2025-01-23 10:03:14 +0000  16289 bytes for ./Payload/CERQEL.app/AttrebutedMediaItemTVcell.nib
2025-01-23 10:03:14 +0000  copying file ./Payload/CERQEL.app/NewMediaItemTVcell.nib ... 
2025-01-23 10:03:14 +0000  7318 bytes for ./Payload/CERQEL.app/NewMediaItemTVcell.nib
2025-01-23 10:03:14 +0000  copying file ./Payload/CERQEL.app/ViewAllServicesVC.nib ... 
2025-01-23 10:03:14 +0000  5417 bytes for ./Payload/CERQEL.app/ViewAllServicesVC.nib
2025-01-23 10:03:14 +0000  copying file ./Payload/CERQEL.app/Poppins-SemiBold.ttf ... 
2025-01-23 10:03:14 +0000  155232 bytes for ./Payload/CERQEL.app/Poppins-SemiBold.ttf
2025-01-23 10:03:14 +0000  copying file ./Payload/CERQEL.app/SuccessEditEventVC.nib ... 
2025-01-23 10:03:14 +0000  9235 bytes for ./Payload/CERQEL.app/SuccessEditEventVC.nib
2025-01-23 10:03:14 +0000  copying file ./Payload/CERQEL.app/ChatEmptyTVcell.nib ... 
2025-01-23 10:03:14 +0000  5158 bytes for ./Payload/CERQEL.app/ChatEmptyTVcell.nib
2025-01-23 10:03:14 +0000  copying file ./Payload/CERQEL.app/AttachmentView.nib ... 
2025-01-23 10:03:14 +0000  8462 bytes for ./Payload/CERQEL.app/AttachmentView.nib
2025-01-23 10:03:14 +0000  copying file ./Payload/CERQEL.app/Poppins-Italic.ttf ... 
2025-01-23 10:03:14 +0000  182012 bytes for ./Payload/CERQEL.app/Poppins-Italic.ttf
2025-01-23 10:03:14 +0000  copying file ./Payload/CERQEL.app/Info.plist ... 
2025-01-23 10:03:14 +0000  3154 bytes for ./Payload/CERQEL.app/Info.plist
2025-01-23 10:03:14 +0000  copying file ./Payload/CERQEL.app/CategoriesHeaderV.nib ... 
2025-01-23 10:03:14 +0000  5607 bytes for ./Payload/CERQEL.app/CategoriesHeaderV.nib
2025-01-23 10:03:14 +0000  copying file ./Payload/CERQEL.app/AnnouncementDetailsVCCerqel.nib ... 
2025-01-23 10:03:14 +0000  12462 bytes for ./Payload/CERQEL.app/AnnouncementDetailsVCCerqel.nib
2025-01-23 10:03:14 +0000  copying file ./Payload/CERQEL.app/NewCheckBoxTVCell.nib ... 
2025-01-23 10:03:14 +0000  7222 bytes for ./Payload/CERQEL.app/NewCheckBoxTVCell.nib
2025-01-23 10:03:14 +0000  copying file ./Payload/CERQEL.app/EducationListViewController.nib ... 
2025-01-23 10:03:14 +0000  6294 bytes for ./Payload/CERQEL.app/EducationListViewController.nib
2025-01-23 10:03:14 +0000  copying file ./Payload/CERQEL.app/ServiceSubCategoryCell.nib ... 
2025-01-23 10:03:14 +0000  4058 bytes for ./Payload/CERQEL.app/ServiceSubCategoryCell.nib
2025-01-23 10:03:14 +0000  copying file ./Payload/CERQEL.app/FAQsCategoryCVCell.nib ... 
2025-01-23 10:03:14 +0000  5148 bytes for ./Payload/CERQEL.app/FAQsCategoryCVCell.nib
2025-01-23 10:03:14 +0000  copying file ./Payload/CERQEL.app/HomeMediaLibraryTVcell.nib ... 
2025-01-23 10:03:14 +0000  6615 bytes for ./Payload/CERQEL.app/HomeMediaLibraryTVcell.nib
2025-01-23 10:03:14 +0000  copying file ./Payload/CERQEL.app/ExpandedHeaderView.nib ... 
2025-01-23 10:03:14 +0000  6107 bytes for ./Payload/CERQEL.app/ExpandedHeaderView.nib
2025-01-23 10:03:14 +0000  copying file ./Payload/CERQEL.app/NewsListViewCerqel.nib ... 
2025-01-23 10:03:14 +0000  6803 bytes for ./Payload/CERQEL.app/NewsListViewCerqel.nib
2025-01-23 10:03:14 +0000  copying file ./Payload/CERQEL.app/AlbumListCVCellCerqel.nib ... 
2025-01-23 10:03:14 +0000  3832 bytes for ./Payload/CERQEL.app/AlbumListCVCellCerqel.nib
2025-01-23 10:03:14 +0000  copying file ./Payload/CERQEL.app/EventDetailsVC.nib ... 
2025-01-23 10:03:14 +0000  16802 bytes for ./Payload/CERQEL.app/EventDetailsVC.nib
2025-01-23 10:03:14 +0000  copying file ./Payload/CERQEL.app/ModulesCell.nib ... 
2025-01-23 10:03:14 +0000  6163 bytes for ./Payload/CERQEL.app/ModulesCell.nib
2025-01-23 10:03:14 +0000  copying file ./Payload/CERQEL.app/UploadMediaTVcell.nib ... 
2025-01-23 10:03:14 +0000  7016 bytes for ./Payload/CERQEL.app/UploadMediaTVcell.nib
2025-01-23 10:03:14 +0000  copying file ./Payload/CERQEL.app/SortNewsTVCellCerqel.nib ... 
2025-01-23 10:03:14 +0000  5584 bytes for ./Payload/CERQEL.app/SortNewsTVCellCerqel.nib
2025-01-23 10:03:14 +0000  copying file ./Payload/CERQEL.app/CompanyProfileVC.nib ... 
2025-01-23 10:03:14 +0000  9228 bytes for ./Payload/CERQEL.app/CompanyProfileVC.nib
2025-01-23 10:03:14 +0000  copying file ./Payload/CERQEL.app/RequestTaskTVcell.nib ... 
2025-01-23 10:03:14 +0000  10582 bytes for ./Payload/CERQEL.app/RequestTaskTVcell.nib
copying file ./Payload/CERQEL.app/PkgInfo ... 
2025-01-23 10:03:14 +0000  8 bytes for ./Payload/CERQEL.app/PkgInfo
2025-01-23 10:03:14 +0000  copying file ./Payload/CERQEL.app/EmployeeCollectionCell.nib ... 
2025-01-23 10:03:14 +0000  6842 bytes for ./Payload/CERQEL.app/EmployeeCollectionCell.nib
2025-01-23 10:03:14 +0000  copying file ./Payload/CERQEL.app/RateTableViewCell.nib ... 
2025-01-23 10:03:14 +0000  3884 bytes for ./Payload/CERQEL.app/RateTableViewCell.nib
2025-01-23 10:03:14 +0000  copying file ./Payload/CERQEL.app/NestedFormViewController.storyboardc/0W1-dk-yRu-view-ljK-5Q-SFc.nib ... 
2025-01-23 10:03:14 +0000  20067 bytes for ./Payload/CERQEL.app/NestedFormViewController.storyboardc/0W1-dk-yRu-view-ljK-5Q-SFc.nib
2025-01-23 10:03:14 +0000  copying file ./Payload/CERQEL.app/NestedFormViewController.storyboardc/FormBuilderVC.nib ... 
2025-01-23 10:03:14 +0000  1315 bytes for ./Payload/CERQEL.app/NestedFormViewController.storyboardc/FormBuilderVC.nib
2025-01-23 10:03:14 +0000  copying file ./Payload/CERQEL.app/NestedFormViewController.storyboardc/Info.plist ... 
2025-01-23 10:03:14 +0000  195 bytes for ./Payload/CERQEL.app/NestedFormViewController.storyboardc/Info.plist
2025-01-23 10:03:14 +0000  copying file ./Payload/CERQEL.app/ProfileAddItemSectionHeaderV.nib ... 
2025-01-23 10:03:14 +0000  5505 bytes for ./Payload/CERQEL.app/ProfileAddItemSectionHeaderV.nib
2025-01-23 10:03:14 +0000  copying file ./Payload/CERQEL.app/NewServiceTVCell.nib ... 
2025-01-23 10:03:14 +0000  6962 bytes for ./Payload/CERQEL.app/NewServiceTVCell.nib
2025-01-23 10:03:14 +0000  copying file ./Payload/CERQEL.app/ChangeLanguageVC.nib ... 
2025-01-23 10:03:14 +0000  8008 bytes for ./Payload/CERQEL.app/ChangeLanguageVC.nib
2025-01-23 10:03:14 +0000  copying file ./Payload/CERQEL.app/AboutUsViewController.nib ... 
2025-01-23 10:03:14 +0000  3020 bytes for ./Payload/CERQEL.app/AboutUsViewController.nib
2025-01-23 10:03:14 +0000  copying file ./Payload/CERQEL.app/BackwardRequestDetailsView.nib ... 
2025-01-23 10:03:14 +0000  9300 bytes for ./Payload/CERQEL.app/BackwardRequestDetailsView.nib
2025-01-23 10:03:14 +0000  copying file ./Payload/CERQEL.app/MySalaryExpandedSection.nib ... 
2025-01-23 10:03:14 +0000  5340 bytes for ./Payload/CERQEL.app/MySalaryExpandedSection.nib
copying file ./Payload/CERQEL.app/HomeAnnouncementTVcell.nib ... 
2025-01-23 10:03:14 +0000  6642 bytes for ./Payload/CERQEL.app/HomeAnnouncementTVcell.nib
2025-01-23 10:03:14 +0000  copying file ./Payload/CERQEL.app/Poppins-MediumItalic.ttf ... 
2025-01-23 10:03:14 +0000  180444 bytes for ./Payload/CERQEL.app/Poppins-MediumItalic.ttf
2025-01-23 10:03:14 +0000  copying file ./Payload/CERQEL.app/TextAreaTableViewCell.nib ... 
2025-01-23 10:03:14 +0000  6734 bytes for ./Payload/CERQEL.app/TextAreaTableViewCell.nib
2025-01-23 10:03:14 +0000  copying file ./Payload/CERQEL.app/LoginCerqelVC.nib ... 
2025-01-23 10:03:14 +0000  5770 bytes for ./Payload/CERQEL.app/LoginCerqelVC.nib
2025-01-23 10:03:14 +0000  /usr/bin/ditto exited with 0
2025-01-23 10:03:14 +0000  Processing step: IDEDistributionAppStoreInformationStep
2025-01-23 10:03:14 +0000  Skipping step: IDEDistributionAppStoreInformationStep because it said so
2025-01-23 10:03:14 +0000  Processing step: IDEDistributionGenerateProcessedDistributionItems
2025-01-23 10:03:14 +0000  IDEDistributionItem init <DVTFilePath:0x60012ccca6f0:'/var/folders/c1/scr8lqss6bz1rlk85myhm_jc0000gn/T/XcodeDistPipeline.~~~WsWTzJ/Root/Payload/CERQEL.app/Frameworks/JGProgressHUD.framework'>
2025-01-23 10:03:14 +0000  IDEDistributionItem init <DVTFilePath:0x600248c44f50:'/var/folders/c1/scr8lqss6bz1rlk85myhm_jc0000gn/T/XcodeDistPipeline.~~~WsWTzJ/Root/Payload/CERQEL.app/Frameworks/RxRelay.framework'>
2025-01-23 10:03:14 +0000  IDEDistributionItem init <DVTFilePath:0x60007ca5f380:'/var/folders/c1/scr8lqss6bz1rlk85myhm_jc0000gn/T/XcodeDistPipeline.~~~WsWTzJ/Root/Payload/CERQEL.app/Frameworks/CocoaLumberjack.framework'>
2025-01-23 10:03:14 +0000  IDEDistributionItem init <DVTFilePath:0x60007ca5f400:'/var/folders/c1/scr8lqss6bz1rlk85myhm_jc0000gn/T/XcodeDistPipeline.~~~WsWTzJ/Root/Payload/CERQEL.app/Frameworks/FirebaseFirestoreInternal.framework'>
2025-01-23 10:03:14 +0000  IDEDistributionItem init <DVTFilePath:0x600248c4b800:'/var/folders/c1/scr8lqss6bz1rlk85myhm_jc0000gn/T/XcodeDistPipeline.~~~WsWTzJ/Root/Payload/CERQEL.app/Frameworks/MultiSlider.framework'>
2025-01-23 10:03:14 +0000  IDEDistributionItem init <DVTFilePath:0x60012ccc81c0:'/var/folders/c1/scr8lqss6bz1rlk85myhm_jc0000gn/T/XcodeDistPipeline.~~~WsWTzJ/Root/Payload/CERQEL.app/Frameworks/netfox.framework'>
2025-01-23 10:03:14 +0000  IDEDistributionItem init <DVTFilePath:0x600100c4d420:'/var/folders/c1/scr8lqss6bz1rlk85myhm_jc0000gn/T/XcodeDistPipeline.~~~WsWTzJ/Root/Payload/CERQEL.app/Frameworks/openssl_grpc.framework'>
2025-01-23 10:03:14 +0000  IDEDistributionItem init <DVTFilePath:0x60012ccc9420:'/var/folders/c1/scr8lqss6bz1rlk85myhm_jc0000gn/T/XcodeDistPipeline.~~~WsWTzJ/Root/Payload/CERQEL.app/Frameworks/CRRefresh.framework'>
2025-01-23 10:03:14 +0000  IDEDistributionItem init <DVTFilePath:0x60012ccc6680:'/var/folders/c1/scr8lqss6bz1rlk85myhm_jc0000gn/T/XcodeDistPipeline.~~~WsWTzJ/Root/Payload/CERQEL.app/Frameworks/SkeletonView.framework'>
2025-01-23 10:03:14 +0000  IDEDistributionItem init <DVTFilePath:0x600100c0b870:'/var/folders/c1/scr8lqss6bz1rlk85myhm_jc0000gn/T/XcodeDistPipeline.~~~WsWTzJ/Root/Payload/CERQEL.app/Frameworks/grpcpp.framework'>
2025-01-23 10:03:14 +0000  IDEDistributionItem init <DVTFilePath:0x600100c03bf0:'/var/folders/c1/scr8lqss6bz1rlk85myhm_jc0000gn/T/XcodeDistPipeline.~~~WsWTzJ/Root/Payload/CERQEL.app/Frameworks/Toast_Swift.framework'>
2025-01-23 10:03:14 +0000  IDEDistributionItem init <DVTFilePath:0x600100ffb480:'/var/folders/c1/scr8lqss6bz1rlk85myhm_jc0000gn/T/XcodeDistPipeline.~~~WsWTzJ/Root/Payload/CERQEL.app/Frameworks/SwiftyJSON.framework'>
2025-01-23 10:03:14 +0000  IDEDistributionItem init <DVTFilePath:0x600248c499d0:'/var/folders/c1/scr8lqss6bz1rlk85myhm_jc0000gn/T/XcodeDistPipeline.~~~WsWTzJ/Root/Payload/CERQEL.app/Frameworks/Mantis.framework'>
2025-01-23 10:03:14 +0000  IDEDistributionItem init <DVTFilePath:0x60012ccb2610:'/var/folders/c1/scr8lqss6bz1rlk85myhm_jc0000gn/T/XcodeDistPipeline.~~~WsWTzJ/Root/Payload/CERQEL.app/Frameworks/SVGKit.framework'>
2025-01-23 10:03:14 +0000  IDEDistributionItem init <DVTFilePath:0x600254a78d00:'/var/folders/c1/scr8lqss6bz1rlk85myhm_jc0000gn/T/XcodeDistPipeline.~~~WsWTzJ/Root/Payload/CERQEL.app/Frameworks/FirebaseCoreInternal.framework'>
2025-01-23 10:03:14 +0000  IDEDistributionItem init <DVTFilePath:0x600248c4bb10:'/var/folders/c1/scr8lqss6bz1rlk85myhm_jc0000gn/T/XcodeDistPipeline.~~~WsWTzJ/Root/Payload/CERQEL.app/Frameworks/Lottie.framework'>
2025-01-23 10:03:14 +0000  IDEDistributionItem init <DVTFilePath:0x60012ccdea00:'/var/folders/c1/scr8lqss6bz1rlk85myhm_jc0000gn/T/XcodeDistPipeline.~~~WsWTzJ/Root/Payload/CERQEL.app/Frameworks/FittedSheets.framework'>
2025-01-23 10:03:14 +0000  IDEDistributionItem init <DVTFilePath:0x600248c433a0:'/var/folders/c1/scr8lqss6bz1rlk85myhm_jc0000gn/T/XcodeDistPipeline.~~~WsWTzJ/Root/Payload/CERQEL.app/Frameworks/PopupDialog.framework'>
2025-01-23 10:03:14 +0000  IDEDistributionItem init <DVTFilePath:0x600254a78f00:'/var/folders/c1/scr8lqss6bz1rlk85myhm_jc0000gn/T/XcodeDistPipeline.~~~WsWTzJ/Root/Payload/CERQEL.app/Frameworks/FirebaseSessions.framework'>
2025-01-23 10:03:14 +0000  IDEDistributionItem init <DVTFilePath:0x600248c49d50:'/var/folders/c1/scr8lqss6bz1rlk85myhm_jc0000gn/T/XcodeDistPipeline.~~~WsWTzJ/Root/Payload/CERQEL.app/Frameworks/leveldb.framework'>
2025-01-23 10:03:14 +0000  IDEDistributionItem init <DVTFilePath:0x60007ca5c280:'/var/folders/c1/scr8lqss6bz1rlk85myhm_jc0000gn/T/XcodeDistPipeline.~~~WsWTzJ/Root/Payload/CERQEL.app/Frameworks/PhoneNumberKit.framework'>
2025-01-23 10:03:14 +0000  IDEDistributionItem init <DVTFilePath:0x60007ca5c300:'/var/folders/c1/scr8lqss6bz1rlk85myhm_jc0000gn/T/XcodeDistPipeline.~~~WsWTzJ/Root/Payload/CERQEL.app/Frameworks/TransitionButton.framework'>
2025-01-23 10:03:14 +0000  IDEDistributionItem init <DVTFilePath:0x6001a4a61580:'/var/folders/c1/scr8lqss6bz1rlk85myhm_jc0000gn/T/XcodeDistPipeline.~~~WsWTzJ/Root/Payload/CERQEL.app/Frameworks/RichEditorView.framework'>
2025-01-23 10:03:14 +0000  IDEDistributionItem init <DVTFilePath:0x600248c46fb0:'/var/folders/c1/scr8lqss6bz1rlk85myhm_jc0000gn/T/XcodeDistPipeline.~~~WsWTzJ/Root/Payload/CERQEL.app/Frameworks/MOLH.framework'>
2025-01-23 10:03:14 +0000  IDEDistributionItem init <DVTFilePath:0x60007ca5c600:'/var/folders/c1/scr8lqss6bz1rlk85myhm_jc0000gn/T/XcodeDistPipeline.~~~WsWTzJ/Root/Payload/CERQEL.app/Frameworks/FirebaseRemoteConfigInterop.framework'>
2025-01-23 10:03:14 +0000  IDEDistributionItem init <DVTFilePath:0x600100c2b800:'/var/folders/c1/scr8lqss6bz1rlk85myhm_jc0000gn/T/XcodeDistPipeline.~~~WsWTzJ/Root/Payload/CERQEL.app/Frameworks/ObjectMapper.framework'>
2025-01-23 10:03:14 +0000  IDEDistributionItem init <DVTFilePath:0x600248c491f0:'/var/folders/c1/scr8lqss6bz1rlk85myhm_jc0000gn/T/XcodeDistPipeline.~~~WsWTzJ/Root/Payload/CERQEL.app/Frameworks/nanopb.framework'>
2025-01-23 10:03:14 +0000  IDEDistributionItem init <DVTFilePath:0x60012ccba5a0:'/var/folders/c1/scr8lqss6bz1rlk85myhm_jc0000gn/T/XcodeDistPipeline.~~~WsWTzJ/Root/Payload/CERQEL.app/Frameworks/SwiftMessages.framework'>
2025-01-23 10:03:14 +0000  IDEDistributionItem init <DVTFilePath:0x600248c46bc0:'/var/folders/c1/scr8lqss6bz1rlk85myhm_jc0000gn/T/XcodeDistPipeline.~~~WsWTzJ/Root/Payload/CERQEL.app/Frameworks/FSCalendar.framework'>
2025-01-23 10:03:14 +0000  IDEDistributionItem init <DVTFilePath:0x6000696aeac0:'/var/folders/c1/scr8lqss6bz1rlk85myhm_jc0000gn/T/XcodeDistPipeline.~~~WsWTzJ/Root/Payload/CERQEL.app/Frameworks/AlignedCollectionViewFlowLayout.framework'>
2025-01-23 10:03:14 +0000  IDEDistributionItem init <DVTFilePath:0x600254a79800:'/var/folders/c1/scr8lqss6bz1rlk85myhm_jc0000gn/T/XcodeDistPipeline.~~~WsWTzJ/Root/Payload/CERQEL.app/Frameworks/GoogleUtilities.framework'>
2025-01-23 10:03:14 +0000  IDEDistributionItem init <DVTFilePath:0x600254a79900:'/var/folders/c1/scr8lqss6bz1rlk85myhm_jc0000gn/T/XcodeDistPipeline.~~~WsWTzJ/Root/Payload/CERQEL.app/Frameworks/PryntTrimmerView.framework'>
2025-01-23 10:03:14 +0000  IDEDistributionItem init <DVTFilePath:0x600100fdbe90:'/var/folders/c1/scr8lqss6bz1rlk85myhm_jc0000gn/T/XcodeDistPipeline.~~~WsWTzJ/Root/Payload/CERQEL.app/Frameworks/KeychainSwift.framework'>
2025-01-23 10:03:14 +0000  IDEDistributionItem init <DVTFilePath:0x600100c4a1b0:'/var/folders/c1/scr8lqss6bz1rlk85myhm_jc0000gn/T/XcodeDistPipeline.~~~WsWTzJ/Root/Payload/CERQEL.app/Frameworks/EasyTipView.framework'>
2025-01-23 10:03:14 +0000  IDEDistributionItem init <DVTFilePath:0x600100fad570:'/var/folders/c1/scr8lqss6bz1rlk85myhm_jc0000gn/T/XcodeDistPipeline.~~~WsWTzJ/Root/Payload/CERQEL.app/Frameworks/CryptoSwift.framework'>
2025-01-23 10:03:14 +0000  IDEDistributionItem init <DVTFilePath:0x600248c4a7d0:'/var/folders/c1/scr8lqss6bz1rlk85myhm_jc0000gn/T/XcodeDistPipeline.~~~WsWTzJ/Root/Payload/CERQEL.app/Frameworks/SideMenuSwift.framework'>
2025-01-23 10:03:14 +0000  IDEDistributionItem init <DVTFilePath:0x60012ccb0b60:'/var/folders/c1/scr8lqss6bz1rlk85myhm_jc0000gn/T/XcodeDistPipeline.~~~WsWTzJ/Root/Payload/CERQEL.app/Frameworks/RxAlamofire.framework'>
2025-01-23 10:03:14 +0000  IDEDistributionItem init <DVTFilePath:0x60007ca5ce80:'/var/folders/c1/scr8lqss6bz1rlk85myhm_jc0000gn/T/XcodeDistPipeline.~~~WsWTzJ/Root/Payload/CERQEL.app/Frameworks/DRPLoadingSpinner.framework'>
2025-01-23 10:03:14 +0000  IDEDistributionItem init <DVTFilePath:0x600100c4b410:'/var/folders/c1/scr8lqss6bz1rlk85myhm_jc0000gn/T/XcodeDistPipeline.~~~WsWTzJ/Root/Payload/CERQEL.app/Frameworks/RxCocoa.framework'>
2025-01-23 10:03:14 +0000  IDEDistributionItem init <DVTFilePath:0x600100c4a530:'/var/folders/c1/scr8lqss6bz1rlk85myhm_jc0000gn/T/XcodeDistPipeline.~~~WsWTzJ/Root/Payload/CERQEL.app/Frameworks/Stevia.framework'>
2025-01-23 10:03:14 +0000  IDEDistributionItem init <DVTFilePath:0x6001a4a62580:'/var/folders/c1/scr8lqss6bz1rlk85myhm_jc0000gn/T/XcodeDistPipeline.~~~WsWTzJ/Root/Payload/CERQEL.app/Frameworks/FirebaseCrashlytics.framework'>
2025-01-23 10:03:14 +0000  IDEDistributionItem init <DVTFilePath:0x600100c03720:'/var/folders/c1/scr8lqss6bz1rlk85myhm_jc0000gn/T/XcodeDistPipeline.~~~WsWTzJ/Root/Payload/CERQEL.app/Frameworks/PanModal.framework'>
2025-01-23 10:03:14 +0000  IDEDistributionItem init <DVTFilePath:0x600100c13e90:'/var/folders/c1/scr8lqss6bz1rlk85myhm_jc0000gn/T/XcodeDistPipeline.~~~WsWTzJ/Root/Payload/CERQEL.app/Frameworks/TagListView.framework'>
2025-01-23 10:03:14 +0000  IDEDistributionItem init <DVTFilePath:0x60012ccdfb80:'/var/folders/c1/scr8lqss6bz1rlk85myhm_jc0000gn/T/XcodeDistPipeline.~~~WsWTzJ/Root/Payload/CERQEL.app/Frameworks/Algorithms.framework'>
2025-01-23 10:03:14 +0000  IDEDistributionItem init <DVTFilePath:0x600248c4b640:'/var/folders/c1/scr8lqss6bz1rlk85myhm_jc0000gn/T/XcodeDistPipeline.~~~WsWTzJ/Root/Payload/CERQEL.app/Frameworks/Alamofire.framework'>
2025-01-23 10:03:14 +0000  IDEDistributionItem init <DVTFilePath:0x60007ca5d380:'/var/folders/c1/scr8lqss6bz1rlk85myhm_jc0000gn/T/XcodeDistPipeline.~~~WsWTzJ/Root/Payload/CERQEL.app/Frameworks/AvailableHapticFeedback.framework'>
2025-01-23 10:03:14 +0000  IDEDistributionItem init <DVTFilePath:0x60012ccccee0:'/var/folders/c1/scr8lqss6bz1rlk85myhm_jc0000gn/T/XcodeDistPipeline.~~~WsWTzJ/Root/Payload/CERQEL.app/Frameworks/AKMaskField.framework'>
2025-01-23 10:03:14 +0000  IDEDistributionItem init <DVTFilePath:0x6001a4a62a80:'/var/folders/c1/scr8lqss6bz1rlk85myhm_jc0000gn/T/XcodeDistPipeline.~~~WsWTzJ/Root/Payload/CERQEL.app/Frameworks/TOCropViewController.framework'>
2025-01-23 10:03:14 +0000  IDEDistributionItem init <DVTFilePath:0x60007ca5d480:'/var/folders/c1/scr8lqss6bz1rlk85myhm_jc0000gn/T/XcodeDistPipeline.~~~WsWTzJ/Root/Payload/CERQEL.app/Frameworks/FirebaseCoreExtension.framework'>
2025-01-23 10:03:14 +0000  IDEDistributionItem init <DVTFilePath:0x60012ccc5260:'/var/folders/c1/scr8lqss6bz1rlk85myhm_jc0000gn/T/XcodeDistPipeline.~~~WsWTzJ/Root/Payload/CERQEL.app/Frameworks/Promises.framework'>
2025-01-23 10:03:14 +0000  IDEDistributionItem init <DVTFilePath:0x60007ca5d680:'/var/folders/c1/scr8lqss6bz1rlk85myhm_jc0000gn/T/XcodeDistPipeline.~~~WsWTzJ/Root/Payload/CERQEL.app/Frameworks/FirebaseSharedSwift.framework'>
2025-01-23 10:03:14 +0000  IDEDistributionItem init <DVTFilePath:0x600100fe18f0:'/var/folders/c1/scr8lqss6bz1rlk85myhm_jc0000gn/T/XcodeDistPipeline.~~~WsWTzJ/Root/Payload/CERQEL.app/Frameworks/Reachability.framework'>
2025-01-23 10:03:14 +0000  IDEDistributionItem init <DVTFilePath:0x600248c4b9c0:'/var/folders/c1/scr8lqss6bz1rlk85myhm_jc0000gn/T/XcodeDistPipeline.~~~WsWTzJ/Root/Payload/CERQEL.app/Frameworks/FSPagerView.framework'>
2025-01-23 10:03:14 +0000  IDEDistributionItem init <DVTFilePath:0x600248c49490:'/var/folders/c1/scr8lqss6bz1rlk85myhm_jc0000gn/T/XcodeDistPipeline.~~~WsWTzJ/Root/Payload/CERQEL.app/Frameworks/EzPopup.framework'>
2025-01-23 10:03:15 +0000  IDEDistributionItem init <DVTFilePath:0x600248c445b0:'/var/folders/c1/scr8lqss6bz1rlk85myhm_jc0000gn/T/XcodeDistPipeline.~~~WsWTzJ/Root/Payload/CERQEL.app/Frameworks/Kingfisher.framework'>
2025-01-23 10:03:15 +0000  IDEDistributionItem init <DVTFilePath:0x60012ccdec30:'/var/folders/c1/scr8lqss6bz1rlk85myhm_jc0000gn/T/XcodeDistPipeline.~~~WsWTzJ/Root/Payload/CERQEL.app/Frameworks/Cosmos.framework'>
2025-01-23 10:03:15 +0000  IDEDistributionItem init <DVTFilePath:0x600248c49f80:'/var/folders/c1/scr8lqss6bz1rlk85myhm_jc0000gn/T/XcodeDistPipeline.~~~WsWTzJ/Root/Payload/CERQEL.app/Frameworks/grpc.framework'>
2025-01-23 10:03:15 +0000  IDEDistributionItem init <DVTFilePath:0x60012ccc5960:'/var/folders/c1/scr8lqss6bz1rlk85myhm_jc0000gn/T/XcodeDistPipeline.~~~WsWTzJ/Root/Payload/CERQEL.app/Frameworks/DropDown.framework'>
2025-01-23 10:03:15 +0000  IDEDistributionItem init <DVTFilePath:0x600248c471e0:'/var/folders/c1/scr8lqss6bz1rlk85myhm_jc0000gn/T/XcodeDistPipeline.~~~WsWTzJ/Root/Payload/CERQEL.app/Frameworks/NicoProgress.framework'>
2025-01-23 10:03:15 +0000  IDEDistributionItem init <DVTFilePath:0x600248c46300:'/var/folders/c1/scr8lqss6bz1rlk85myhm_jc0000gn/T/XcodeDistPipeline.~~~WsWTzJ/Root/Payload/CERQEL.app/Frameworks/FirebaseCore.framework'>
2025-01-23 10:03:15 +0000  IDEDistributionItem init <DVTFilePath:0x600254a7b000:'/var/folders/c1/scr8lqss6bz1rlk85myhm_jc0000gn/T/XcodeDistPipeline.~~~WsWTzJ/Root/Payload/CERQEL.app/Frameworks/GoogleDataTransport.framework'>
2025-01-23 10:03:15 +0000  IDEDistributionItem init <DVTFilePath:0x60007ca5e380:'/var/folders/c1/scr8lqss6bz1rlk85myhm_jc0000gn/T/XcodeDistPipeline.~~~WsWTzJ/Root/Payload/CERQEL.app/Frameworks/IQKeyboardManagerSwift.framework'>
2025-01-23 10:03:15 +0000  IDEDistributionItem init <DVTFilePath:0x600254a7b100:'/var/folders/c1/scr8lqss6bz1rlk85myhm_jc0000gn/T/XcodeDistPipeline.~~~WsWTzJ/Root/Payload/CERQEL.app/Frameworks/DynamicBlurView.framework'>
2025-01-23 10:03:15 +0000  IDEDistributionItem init <DVTFilePath:0x600254a7b280:'/var/folders/c1/scr8lqss6bz1rlk85myhm_jc0000gn/T/XcodeDistPipeline.~~~WsWTzJ/Root/Payload/CERQEL.app/Frameworks/XLPagerTabStrip.framework'>
2025-01-23 10:03:15 +0000  IDEDistributionItem init <DVTFilePath:0x60012ccc72c0:'/var/folders/c1/scr8lqss6bz1rlk85myhm_jc0000gn/T/XcodeDistPipeline.~~~WsWTzJ/Root/Payload/CERQEL.app/Frameworks/SweeterSwift.framework'>
2025-01-23 10:03:15 +0000  IDEDistributionItem init <DVTFilePath:0x6001a4a63c00:'/var/folders/c1/scr8lqss6bz1rlk85myhm_jc0000gn/T/XcodeDistPipeline.~~~WsWTzJ/Root/Payload/CERQEL.app/Frameworks/InitialsImageView.framework'>
2025-01-23 10:03:15 +0000  IDEDistributionItem init <DVTFilePath:0x60007ca5e800:'/var/folders/c1/scr8lqss6bz1rlk85myhm_jc0000gn/T/XcodeDistPipeline.~~~WsWTzJ/Root/Payload/CERQEL.app/Frameworks/FirebaseMessaging.framework'>
2025-01-23 10:03:15 +0000  IDEDistributionItem init <DVTFilePath:0x600254a7b680:'/var/folders/c1/scr8lqss6bz1rlk85myhm_jc0000gn/T/XcodeDistPipeline.~~~WsWTzJ/Root/Payload/CERQEL.app/Frameworks/FirebaseFirestore.framework'>
2025-01-23 10:03:15 +0000  IDEDistributionItem init <DVTFilePath:0x600248c46d80:'/var/folders/c1/scr8lqss6bz1rlk85myhm_jc0000gn/T/XcodeDistPipeline.~~~WsWTzJ/Root/Payload/CERQEL.app/Frameworks/Expression.framework'>
2025-01-23 10:03:15 +0000  IDEDistributionItem init <DVTFilePath:0x60012ccd1c70:'/var/folders/c1/scr8lqss6bz1rlk85myhm_jc0000gn/T/XcodeDistPipeline.~~~WsWTzJ/Root/Payload/CERQEL.app/Frameworks/Charts.framework'>
2025-01-23 10:03:15 +0000  IDEDistributionItem init <DVTFilePath:0x60012cccaed0:'/var/folders/c1/scr8lqss6bz1rlk85myhm_jc0000gn/T/XcodeDistPipeline.~~~WsWTzJ/Root/Payload/CERQEL.app/Frameworks/YPImagePicker.framework'>
2025-01-23 10:03:15 +0000  IDEDistributionItem init <DVTFilePath:0x60012ccdd500:'/var/folders/c1/scr8lqss6bz1rlk85myhm_jc0000gn/T/XcodeDistPipeline.~~~WsWTzJ/Root/Payload/CERQEL.app/Frameworks/absl.framework'>
2025-01-23 10:03:15 +0000  IDEDistributionItem init <DVTFilePath:0x600248c4bc60:'/var/folders/c1/scr8lqss6bz1rlk85myhm_jc0000gn/T/XcodeDistPipeline.~~~WsWTzJ/Root/Payload/CERQEL.app/Frameworks/RxSwift.framework'>
2025-01-23 10:03:15 +0000  IDEDistributionItem init <DVTFilePath:0x600254a7bb00:'/var/folders/c1/scr8lqss6bz1rlk85myhm_jc0000gn/T/XcodeDistPipeline.~~~WsWTzJ/Root/Payload/CERQEL.app/Frameworks/FirebaseInstallations.framework'>
2025-01-23 10:03:15 +0000  IDEDistributionItem init <DVTFilePath:0x600254a7bb80:'/var/folders/c1/scr8lqss6bz1rlk85myhm_jc0000gn/T/XcodeDistPipeline.~~~WsWTzJ/Root/Payload/CERQEL.app/Frameworks/ActionSheetPicker_3_0.framework'>
2025-01-23 10:03:15 +0000  IDEDistributionItem init <DVTFilePath:0x600248c45ab0:'/var/folders/c1/scr8lqss6bz1rlk85myhm_jc0000gn/T/XcodeDistPipeline.~~~WsWTzJ/Root/Payload/CERQEL.app/Frameworks/FBLPromises.framework'>
2025-01-23 10:03:15 +0000  IDEDistributionItem init <DVTFilePath:0x60007ca5ef00:'/var/folders/c1/scr8lqss6bz1rlk85myhm_jc0000gn/T/XcodeDistPipeline.~~~WsWTzJ/Root/Payload/CERQEL.app/Frameworks/KeychainAccess.framework'>
2025-01-23 10:03:15 +0000  IDEDistributionItem init <DVTFilePath:0x6001a4a60480:'/var/folders/c1/scr8lqss6bz1rlk85myhm_jc0000gn/T/XcodeDistPipeline.~~~WsWTzJ/Root/Payload/CERQEL.app/Frameworks/FirebaseAppCheckInterop.framework'>
2025-01-23 10:03:15 +0000  IDEDistributionItem init <DVTFilePath:0x600248c44bd0:'/var/folders/c1/scr8lqss6bz1rlk85myhm_jc0000gn/T/XcodeDistPipeline.~~~WsWTzJ/Root/Payload/CERQEL.app/Frameworks/EFQRCode.framework'>
2025-01-23 10:03:15 +0000  IDEDistributionItem init <DVTFilePath:0x600100fc0cb0:'/var/folders/c1/scr8lqss6bz1rlk85myhm_jc0000gn/T/XcodeDistPipeline.~~~WsWTzJ/Root/Payload/CERQEL.app'>
2025-01-23 10:03:15 +0000  Processing step: IDEDistributionCreateManifestStep
